"IndividualId","Time [min]","Organism|PeripheralVenousBlood|Metronidazole|Plasma (Peripheral Venous Blood) [µmol/l]"
0,0,0
0,3,0.00014820622
0,6,0.0010643151
0,9,0.0032019878
0,12,0.0067933714
0,15,0.011933168
0,18,0.018640568
0,21,0.02689694
0,24,0.036666933
0,27,0.047909327
0,30,0.06058201
0,33,0.07464437
0,36,0.090058096
0,39,0.10678735
0,42,0.1247986
0,45,0.14406036
0,48,0.16454275
0,51,0.18621734
0,54,0.20905681
0,57,0.23303483
0,60,0.25812596
0,63,0.2843054
0,66,0.31154904
0,69,0.33983338
0,72,0.36913544
0,75,0.39943275
0,78,0.4307031
0,81,0.46292487
0,84,0.49607658
0,87,0.53013724
0,90,0.5650861
0,93,0.60090286
0,96,0.6375674
0,99,0.6750601
0,102,0.71336156
0,105,0.7524527
0,108,0.79231477
0,111,0.8329289
0,114,0.8742772
0,117,0.91634166
0,120,0.959105
0,135,1.1828038
0,150,1.4214841
0,165,1.6732424
0,180,1.9363272
0,195,2.2091312
0,210,2.490161
0,225,2.762954
0,240,3.0041013
0,255,3.2154515
0,270,3.400082
0,285,3.5603495
0,300,3.6982617
0,315,3.8156617
0,330,3.9142554
0,345,3.995632
0,360,4.061274
0,375,4.11256
0,390,4.1507664
0,405,4.177077
0,420,4.192585
0,435,4.198303
0,450,4.1951675
0,465,4.18404
0,480,4.165717
0,495,4.140933
0,510,4.1103635
0,525,4.074634
0,540,4.0343122
0,555,3.989931
0,570,3.9419637
0,585,3.890858
0,600,3.8370154
0,615,3.7808082
0,630,3.7225795
0,645,3.6626408
0,660,3.6012793
0,675,3.5387568
0,690,3.47531
0,705,3.4111562
0,720,3.3464909
0,735,3.293411
0,750,3.2769117
0,765,3.295211
0,780,3.344214
0,795,3.4207013
0,810,3.5218809
0,825,3.64522
0,840,3.788379
0,855,3.9491918
0,870,4.125659
0,885,4.315938
0,900,4.5183306
0,915,4.731273
0,930,4.9533105
0,945,5.16802
0,960,5.352008
0,975,5.5071445
0,990,5.6365294
0,1005,5.742532
0,1020,5.8271704
0,1035,5.8922944
0,1050,5.939618
0,1065,5.970733
0,1080,5.9871216
0,1095,5.9901595
0,1110,5.9811215
0,1125,5.961187
0,1140,5.9314485
0,1155,5.8929067
0,1170,5.846495
0,1185,5.793057
0,1200,5.7333827
0,1215,5.66819
0,1230,5.598141
0,1245,5.523851
0,1260,5.4458704
0,1275,5.36472
0,1290,5.2808614
0,1305,5.1947293
0,1320,5.106712
0,1335,5.017168
0,1350,4.926424
0,1365,4.8347745
0,1380,4.742492
0,1395,4.649818
0,1410,4.556977
0,1425,4.4641666
0,1440,4.371571
0,1455,4.291285
0,1470,4.2482424
0,1485,4.2406983
0,1500,4.264528
0,1515,4.316493
0,1530,4.3938046
0,1545,4.493886
0,1560,4.6143904
0,1575,4.7531557
0,1590,4.9081626
0,1605,5.077546
0,1620,5.259596
0,1635,5.4527373
0,1650,5.6555047
0,1665,5.851476
0,1680,6.017192
0,1695,6.1545515
0,1710,6.266647
0,1725,6.3558292
0,1740,6.424078
0,1755,6.4732523
0,1770,6.5050626
0,1785,6.5210786
0,1800,6.5227647
0,1815,6.511492
0,1830,6.4885287
0,1845,6.4550443
0,1860,6.4121146
0,1875,6.360734
0,1890,6.3018217
0,1905,6.2362247
0,1920,6.164719
0,1935,6.0880175
0,1950,6.006775
0,1965,5.9215865
0,1980,5.8330092
0,1995,5.741539
0,2010,5.647643
0,2025,5.551739
0,2040,5.4542155
0,2055,5.355421
0,2070,5.255674
0,2085,5.1552677
0,2100,5.0544615
0,2115,4.9534965
0,2130,4.8525853
0,2145,4.751925
0,2160,4.651692
0,2175,4.5639677
0,2190,4.513697
0,2205,4.4991164
0,2220,4.5161023
0,2235,4.5614095
0,2250,4.6322327
0,2265,4.726014
0,2280,4.8403955
0,2295,4.973198
0,2310,5.122402
0,2325,5.2861447
0,2340,5.462708
0,2355,5.6505103
0,2370,5.8480825
0,2385,6.039003
0,2400,6.199804
0,2415,6.332382
0,2430,6.439826
0,2445,6.5244837
0,2460,6.5883284
0,2475,6.633217
0,2490,6.660858
0,2505,6.6728134
0,2520,6.6705475
0,2535,6.655436
0,2550,6.6287365
0,2565,6.591606
0,2580,6.54512
0,2595,6.4902754
0,2610,6.4279923
0,2625,6.359092
0,2640,6.2843437
0,2655,6.2044826
0,2670,6.1201434
0,2685,6.031987
0,2700,5.940521
0,2715,5.8462815
0,2730,5.7497063
0,2745,5.651204
0,2760,5.551165
0,2775,5.449911
0,2790,5.347777
0,2805,5.2450314
0,2820,5.1419506
0,2835,5.0387626
0,2850,4.9356894
0,2865,4.8329206
0,2880,4.730634
0,2895,4.6409097
0,2910,4.588692
0,2925,4.5722156
0,2940,4.587355
0,2955,4.6308656
0,2970,4.6999393
0,2985,4.792017
0,3000,4.9047403
0,3015,5.035928
0,3030,5.1835604
0,3045,5.3457727
0,3060,5.520846
0,3075,5.7071986
0,3090,5.903359
0,3105,6.0929046
0,3120,6.252367
0,3135,6.383642
0,3150,6.4898167
0,3165,6.573239
0,3180,6.63588
0,3195,6.6795955
0,3210,6.7060947
0,3225,6.716938
0,3240,6.713589
0,3255,6.697422
0,3270,6.669695
0,3285,6.631569
0,3300,6.5841217
0,3315,6.5283465
0,3330,6.4651594
0,3345,6.3953967
0,3360,6.319832
0,3375,6.2391744
0,3390,6.154075
0,3405,6.065135
0,3420,5.972902
0,3435,5.877879
0,3450,5.7805243
0,3465,5.681257
0,3480,5.580458
0,3495,5.478475
0,3510,5.375624
0,3525,5.2721934
0,3540,5.168443
0,3555,5.0646086
0,3570,4.960907
0,3585,4.8575263
0,3600,4.754643
0,3615,4.664348
0,3630,4.6115746
0,3645,4.594556
0,3660,4.609168
0,3675,4.652164
0,3690,4.7207365
0,3705,4.812326
0,3720,4.9245734
0,3735,5.0552974
0,3750,5.2024784
0,3765,5.36425
0,3780,5.538895
0,3795,5.7248297
0,3810,5.920583
0,3825,6.1097317
0,3840,6.268807
0,3855,6.399705
0,3870,6.5055118
0,3885,6.5885754
0,3900,6.650867
0,3915,6.6942415
0,3930,6.720409
0,3945,6.730928
0,3960,6.7272625
0,3975,6.7107873
0,3990,6.6827593
0,4005,6.64434
0,4020,6.5966067
0,4035,6.5405526
0,4050,6.477093
0,4065,6.407065
0,4080,6.3312407
0,4095,6.25033
0,4110,6.164984
0,4125,6.075803
0,4140,5.983335
0,4155,5.8880825
0,4170,5.790504
0,4185,5.6910176
0,4200,5.5900054
0,4215,5.4878144
0,4230,5.3847604
0,4245,5.2811313
0,4260,5.177187
0,4275,5.0731635
0,4290,4.9692774
0,4305,4.8657165
0,4320,4.7626576
0,4335,4.6721907
0,4350,4.6192493
0,4365,4.6020665
0,4380,4.6165185
0,4395,4.6593585
0,4410,4.7277784
0,4425,4.819219
0,4440,4.931321
0,4455,5.0619035
0,4470,5.2089458
0,4485,5.370582
0,4500,5.5450945
0,4515,5.7309003
0,4530,5.9265275
0,4545,6.1155534
0,4560,6.2745085
0,4575,6.405289
0,4590,6.510981
0,4605,6.593932
0,4620,6.656114
0,4635,6.699382
0,4650,6.7254443
0,4665,6.7358613
0,4680,6.732096
0,4695,6.7155232
0,4710,6.6873994
0,4725,6.6488867
0,4740,6.6010623
0,4755,6.5449185
0,4770,6.481372
0,4785,6.411258
0,4800,6.335351
0,4815,6.254359
0,4830,6.1689334
0,4845,6.079674
0,4860,5.987129
0,4875,5.8918023
0,4890,5.7941504
0,4905,5.694593
0,4920,5.5935106
0,4935,5.491251
0,4950,5.38813
0,4965,5.2844357
0,4980,5.1804276
0,4995,5.076341
0,5010,4.9723935
0,5025,4.8687725
0,5040,4.765655
0,5055,4.6751304
0,5070,4.6221333
0,5085,4.6048956
0,5100,4.619293
0,5115,4.6620803
0,5130,4.7304487
0,5145,4.8218393
0,5160,4.933892
0,5175,5.0644255
0,5190,5.2114205
0,5205,5.3730106
0,5220,5.5474777
0,5235,5.733239
0,5250,5.928823
0,5265,6.117806
0,5280,6.2767196
0,5295,6.4074593
0,5310,6.513111
0,5325,6.5960236
0,5340,6.6581674
0,5355,6.7013974
0,5370,6.7274227
0,5385,6.737804
0,5400,6.7340035
0,5415,6.717396
0,5430,6.689238
0,5445,6.6506925
0,5460,6.602835
0,5475,6.54666
0,5490,6.483082
0,5505,6.4129376
0,5520,6.3370004
0,5535,6.2559786
0,5550,6.170524
0,5565,6.0812364
0,5580,5.988664
0,5595,5.89331
0,5610,5.7956314
0,5625,5.696048
0,5640,5.59494
0,5655,5.4926553
0,5670,5.3895097
0,5685,5.2857914
0,5700,5.1817594
0,5715,5.07765
0,5730,4.9736795
0,5745,4.870036
0,5760,4.7668967
0,5775,4.6763506
0,5790,4.623332
0,5805,4.6060734
0,5820,4.6204515
0,5835,4.6632185
0,5850,4.7315674
0,5865,4.8229384
0,5880,4.9349723
0,5895,5.0654874
0,5910,5.2124643
0,5925,5.374037
0,5940,5.548486
0,5955,5.7342305
0,5970,5.9297976
0,5985,6.1187644
0,6000,6.277662
0,6015,6.4083858
0,6030,6.5140224
0,6045,6.596919
0,6060,6.659048
0,6075,6.7022634
0,6090,6.728275
0,6105,6.7386417
0,6120,6.734827
0,6135,6.718206
0,6150,6.690035
0,6165,6.651476
0,6180,6.6036057
0,6195,6.5474176
0,6210,6.483827
0,6225,6.413671
0,6240,6.3377213
0,6255,6.256688
0,6270,6.171222
0,6285,6.081923
0,6300,5.9893394
0,6315,5.8939743
0,6330,5.7962847
0,6345,5.6966906
0,6360,5.5955725
0,6375,5.4932775
0,6390,5.390122
0,6405,5.286393
0,6420,5.1823516
0,6435,5.078233
0,6450,4.9742527
0,6465,4.8706
0,6480,4.767452
0,6495,4.6649623
0,6510,4.5632696
0,6525,4.462499
0,6540,4.362759
0,6555,4.2641478
0,6570,4.1667504
0,6585,4.070641
0,6600,3.9758854
0,6615,3.882539
0,6630,3.7906497
0,6645,3.7002583
0,6660,3.6113968
0,6675,3.5240939
0,6690,3.4383702
0,6705,3.3542416
0,6720,3.2717206
0,6735,3.1908128
0,6750,3.1115224
0,6765,3.033849
0,6780,2.9577887
0,6795,2.8833354
0,6810,2.8104799
0,6825,2.739211
0,6840,2.6695158
0,6855,2.6013784
0,6870,2.534783
0,6885,2.4697104
0,6900,2.4061418
0,6915,2.3440566
0,6930,2.283433
0,6945,2.224249
0,6960,2.1664813
0,6975,2.1101062
0,6990,2.0551002
0,7005,2.0014384
0,7020,1.949096
0,7035,1.8980483
0,7050,1.8482699
0,7065,1.799736
0,7080,1.7524211
0,7095,1.7063001
0,7110,1.6613479
0,7125,1.6175394
0,7140,1.57485
0,7155,1.5332549
0,7170,1.4927295
0,7185,1.4532499
0,7200,1.4147922
1,0,0
1,3,0.00015194043
1,6,0.0011595944
1,9,0.0035951212
1,12,0.007780046
1,15,0.013865862
1,18,0.0219027
1,21,0.031885214
1,24,0.04378028
1,27,0.057542432
1,30,0.073121846
1,33,0.09046839
1,36,0.109533496
1,39,0.13027097
1,42,0.15263705
1,45,0.17659016
1,48,0.20209086
1,51,0.22910146
1,54,0.2575857
1,57,0.2875086
1,60,0.3188362
1,63,0.3515356
1,66,0.3855748
1,69,0.4209224
1,72,0.45754808
1,75,0.4954218
1,78,0.53451437
1,81,0.574797
1,84,0.61624116
1,87,0.65881926
1,90,0.70250386
1,93,0.7472681
1,96,0.79308563
1,99,0.8399305
1,102,0.8877772
1,105,0.93660074
1,108,0.9863759
1,111,1.0370787
1,114,1.0886855
1,117,1.1411731
1,120,1.1945186
1,135,1.473323
1,150,1.770321
1,165,2.0830388
1,180,2.409208
1,195,2.7467556
1,210,3.0937686
1,225,3.4308581
1,240,3.7277436
1,255,3.9857757
1,270,4.208973
1,285,4.4005017
1,300,4.5631065
1,315,4.6992726
1,330,4.8112974
1,345,4.9013186
1,360,4.9713187
1,375,5.0231314
1,390,5.0584526
1,405,5.07885
1,420,5.085771
1,435,5.080551
1,450,5.0644245
1,465,5.038519
1,480,5.003876
1,495,4.961453
1,510,4.912121
1,525,4.8566923
1,540,4.7959
1,555,4.7304235
1,570,4.660885
1,585,4.5878468
1,600,4.511831
1,615,4.433306
1,630,4.3527036
1,645,4.270425
1,660,4.18682
1,675,4.102204
1,690,4.0168943
1,705,3.9311328
1,720,3.8451488
1,735,3.7730136
1,750,3.7464912
1,765,3.76456
1,780,3.8219607
1,795,3.9143963
1,810,4.03814
1,825,4.189824
1,840,4.366361
1,855,4.5648937
1,870,4.7827935
1,885,5.01765
1,900,5.267252
1,915,5.5295706
1,930,5.802729
1,945,6.0673747
1,960,6.2932234
1,975,6.481653
1,990,6.636695
1,1005,6.761523
1,1020,6.858869
1,1035,6.9312277
1,1050,6.9809003
1,1065,7.0100107
1,1080,7.020525
1,1095,7.0142684
1,1110,6.9929266
1,1125,6.958054
1,1140,6.9110813
1,1155,6.853323
1,1170,6.7859898
1,1185,6.7101936
1,1200,6.6269555
1,1215,6.53721
1,1230,6.441812
1,1245,6.3415475
1,1260,6.2371354
1,1275,6.129224
1,1290,6.0184135
1,1305,5.9052377
1,1320,5.790195
1,1335,5.6737266
1,1350,5.5562425
1,1365,5.4381084
1,1380,5.319657
1,1395,5.2011895
1,1410,5.082973
1,1425,4.965253
1,1440,4.8482404
1,1455,4.7459893
1,1470,4.690236
1,1485,4.679913
1,1500,4.709766
1,1515,4.775464
1,1530,4.873275
1,1545,4.9997964
1,1560,5.151895
1,1575,5.3267355
1,1590,5.5216713
1,1605,5.734235
1,1620,5.9622107
1,1635,6.2035704
1,1650,6.4564033
1,1665,6.701333
1,1680,6.9080586
1,1695,7.0779467
1,1710,7.2150073
1,1725,7.3224096
1,1740,7.4028406
1,1755,7.458796
1,1770,7.492571
1,1785,7.50626
1,1800,7.501815
1,1815,7.481053
1,1830,7.445649
1,1845,7.3971424
1,1860,7.336947
1,1875,7.266369
1,1890,7.186609
1,1905,7.0987663
1,1920,7.0038533
1,1935,6.902788
1,1950,6.796414
1,1965,6.6855083
1,1980,6.570768
1,1995,6.452842
1,2010,6.332316
1,2025,6.209722
1,2040,6.085548
1,2055,5.9602294
1,2070,5.8341656
1,2085,5.707717
1,2100,5.581205
1,2115,5.454923
1,2130,5.329135
1,2145,5.2040777
1,2160,5.0799513
1,2175,4.9708
1,2190,4.9083576
1,2205,4.8915505
1,2220,4.915119
1,2235,4.9747252
1,2250,5.066632
1,2265,5.187436
1,2280,5.333997
1,2295,5.50345
1,2310,5.69316
1,2325,5.9006834
1,2340,6.123776
1,2355,6.360386
1,2370,6.6086183
1,2385,6.8490996
1,2400,7.0515084
1,2415,7.2172103
1,2430,7.3502126
1,2445,7.453681
1,2460,7.5302978
1,2475,7.582554
1,2490,7.612742
1,2505,7.622954
1,2520,7.6151366
1,2535,7.591104
1,2550,7.552529
1,2565,7.500946
1,2580,7.4377685
1,2595,7.364297
1,2610,7.2817307
1,2625,7.191166
1,2640,7.0936136
1,2655,6.9899874
1,2670,6.8811307
1,2685,6.7678146
1,2700,6.650737
1,2715,6.5305448
1,2730,6.407819
1,2745,6.283091
1,2760,6.156847
1,2775,6.02952
1,2790,5.9015083
1,2805,5.7731686
1,2820,5.644822
1,2835,5.516761
1,2850,5.389245
1,2865,5.262512
1,2880,5.136761
1,2895,5.026032
1,2910,4.962058
1,2925,4.943766
1,2940,4.9658933
1,2955,5.024101
1,2970,5.1146502
1,2985,5.2341375
1,3000,5.3794208
1,3015,5.547635
1,3030,5.7361426
1,3045,5.942499
1,3060,6.164459
1,3075,6.39997
1,3090,6.647136
1,3105,6.886583
1,3120,7.087987
1,3135,7.2527137
1,3150,7.3847694
1,3165,7.487319
1,3180,7.563043
1,3195,7.614433
1,3210,7.6437798
1,3225,7.6531744
1,3240,7.6445637
1,3255,7.6197605
1,3270,7.580436
1,3285,7.5281262
1,3300,7.4642415
1,3315,7.3900833
1,3330,7.30685
1,3345,7.215637
1,3360,7.1174555
1,3375,7.013217
1,3390,6.9037657
1,3405,6.7898717
1,3420,6.6722326
1,3435,6.551494
1,3450,6.4282374
1,3465,6.3029943
1,3480,6.1762486
1,3495,6.0484343
1,3510,5.9199486
1,3525,5.791148
1,3540,5.6623535
1,3555,5.533857
1,3570,5.405917
1,3585,5.2787724
1,3600,5.152621
1,3615,5.041502
1,3630,4.9771495
1,3645,4.9584885
1,3660,4.9802575
1,3675,5.038117
1,3690,5.1283274
1,3705,5.247485
1,3720,5.3924475
1,3735,5.5603504
1,3750,5.7485547
1,3765,5.9546156
1,3780,6.176289
1,3795,6.411521
1,3810,6.6584153
1,3825,6.897598
1,3840,7.098745
1,3855,7.2632217
1,3870,7.395034
1,3885,7.497346
1,3900,7.5728393
1,3915,7.6240044
1,3930,7.653132
1,3945,7.662314
1,3960,7.653495
1,3975,7.6284895
1,3990,7.5889688
1,4005,7.5364666
1,4020,7.472395
1,4035,7.3980546
1,4050,7.3146434
1,4065,7.2232575
1,4080,7.124907
1,4095,7.0205045
1,4110,6.910893
1,4125,6.7968426
1,4140,6.679051
1,4155,6.558164
1,4170,6.434763
1,4185,6.309378
1,4200,6.182495
1,4215,6.0545464
1,4230,5.9259295
1,4245,5.7970014
1,4260,5.6680818
1,4275,5.5394635
1,4290,5.411405
1,4305,5.284145
1,4320,5.1578803
1,4335,5.0466514
1,4350,4.982191
1,4365,4.963425
1,4380,4.9850917
1,4395,5.042851
1,4410,5.1329637
1,4425,5.2520266
1,4440,5.3968964
1,4455,5.564708
1,4470,5.7528243
1,4485,5.958799
1,4500,6.180388
1,4515,6.4155374
1,4530,6.6623516
1,4545,6.901456
1,4560,7.102526
1,4575,7.2669277
1,4590,7.398667
1,4605,7.5009074
1,4620,7.576331
1,4635,7.627428
1,4650,7.6564894
1,4665,7.6656055
1,4680,7.6567235
1,4695,7.6316557
1,4710,7.592074
1,4725,7.539512
1,4740,7.4753823
1,4755,7.4009852
1,4770,7.317518
1,4785,7.226078
1,4800,7.127674
1,4815,7.023219
1,4830,6.9135566
1,4845,6.799456
1,4860,6.681616
1,4875,6.5606813
1,4890,6.4372334
1,4905,6.311803
1,4920,6.184875
1,4935,6.056882
1,4950,5.928222
1,4965,5.799252
1,4980,5.6702914
1,4995,5.5416327
1,5010,5.413535
1,5025,5.286236
1,5040,5.1599336
1,5055,5.0486674
1,5070,4.984171
1,5085,4.9653697
1,5100,4.987001
1,5115,5.0447264
1,5130,5.1348057
1,5145,5.2538357
1,5160,5.398673
1,5175,5.566454
1,5190,5.754539
1,5205,5.9604836
1,5220,6.182043
1,5235,6.417164
1,5250,6.6639495
1,5265,6.9030256
1,5280,7.1040688
1,5295,7.268444
1,5310,7.400157
1,5325,7.502372
1,5340,7.5777707
1,5355,7.628843
1,5370,7.65788
1,5385,7.6669726
1,5400,7.6580667
1,5415,7.6329765
1,5430,7.5933723
1,5445,7.5407887
1,5460,7.4766374
1,5475,7.402219
1,5490,7.3187313
1,5505,7.2272706
1,5520,7.1288466
1,5535,7.024372
1,5550,6.9146905
1,5565,6.8005714
1,5580,6.682712
1,5595,6.5617595
1,5610,6.4382935
1,5625,6.312845
1,5640,6.1859
1,5655,6.0578904
1,5670,5.9292145
1,5685,5.8002276
1,5700,5.671251
1,5715,5.5425763
1,5730,5.4144635
1,5745,5.287149
1,5760,5.1608315
1,5775,5.049551
1,5790,4.98504
1,5805,4.9662247
1,5820,4.987842
1,5835,5.0455537
1,5850,5.1356196
1,5865,5.2546363
1,5880,5.3994613
1,5895,5.567229
1,5910,5.7553015
1,5925,5.961234
1,5940,6.182781
1,5955,6.4178905
1,5970,6.6646647
1,5985,6.9037294
1,6000,7.1047616
1,6015,7.2691255
1,6030,7.400828
1,6045,7.503032
1,6060,7.5784206
1,6075,7.6294823
1,6090,7.6585093
1,6105,7.667592
1,6120,7.6586766
1,6135,7.633577
1,6150,7.593963
1,6165,7.54137
1,6180,7.4772096
1,6195,7.4027824
1,6210,7.319286
1,6225,7.2278166
1,6240,7.1293845
1,6255,7.0249014
1,6270,6.915211
1,6285,6.801084
1,6300,6.683217
1,6315,6.5622563
1,6330,6.4387827
1,6345,6.313327
1,6360,6.186374
1,6375,6.0583572
1,6390,5.9296737
1,6405,5.80068
1,6420,5.671696
1,6435,5.543015
1,6450,5.414895
1,6465,5.287574
1,6480,5.16125
1,6495,5.036118
1,6510,4.9123363
1,6525,4.7900333
1,6540,4.669354
1,6555,4.550393
1,6570,4.433243
1,6585,4.317991
1,6600,4.204704
1,6615,4.0934396
1,6630,3.9842453
1,6645,3.8771644
1,6660,3.7722213
1,6675,3.6694396
1,6690,3.5688348
1,6705,3.4704125
1,6720,3.3741748
1,6735,3.2801175
1,6750,3.188233
1,6765,3.0985084
1,6780,3.0109282
1,6795,2.925473
1,6810,2.8421228
1,6825,2.7608511
1,6840,2.681633
1,6855,2.6044407
1,6870,2.5292425
1,6885,2.4560075
1,6900,2.384703
1,6915,2.315294
1,6930,2.2477458
1,6945,2.1820228
1,6960,2.1180887
1,6975,2.0559072
1,6990,1.9954401
1,7005,1.9366511
1,7020,1.8795035
1,7035,1.8239614
1,7050,1.7699842
1,7065,1.7175375
1,7080,1.6665857
1,7095,1.6170939
1,7110,1.5690242
1,7125,1.522342
1,7140,1.4770122
1,7155,1.4329998
1,7170,1.3902706
1,7185,1.3487903
1,7200,1.3085264
2,0,0
2,3,0.00016012462
2,6,0.0011934278
2,9,0.003646559
2,12,0.007799062
2,15,0.013762482
2,18,0.021556616
2,21,0.031155737
2,24,0.042514496
2,27,0.05558096
2,30,0.0703027
2,33,0.08662968
2,36,0.10451506
2,39,0.12391555
2,42,0.14479099
2,45,0.167104
2,48,0.19081955
2,51,0.21590444
2,54,0.24232715
2,57,0.27005744
2,60,0.2990663
2,63,0.32932556
2,66,0.36080816
2,69,0.39348748
2,72,0.42733812
2,75,0.46233472
2,78,0.49845287
2,81,0.5356683
2,84,0.5739574
2,87,0.61329687
2,90,0.6536637
2,93,0.69503564
2,96,0.73739046
2,99,0.7807065
2,102,0.82496256
2,105,0.8701377
2,108,0.91621083
2,111,0.96316177
2,114,1.0109707
2,117,1.0596181
2,120,1.1090852
2,135,1.3680487
2,150,1.6447647
2,165,1.9371438
2,180,2.2432618
2,195,2.5613503
2,210,2.889764
2,225,3.2095485
2,240,3.4933608
2,255,3.7437582
2,270,3.9645054
2,285,4.1583333
2,300,4.327484
2,315,4.473976
2,330,4.599659
2,345,4.706244
2,360,4.7953258
2,375,4.868383
2,390,4.926783
2,405,4.9717917
2,420,5.0045786
2,435,5.026227
2,450,5.037738
2,465,5.0400367
2,480,5.0339756
2,495,5.0203433
2,510,4.9998655
2,525,4.9732175
2,540,4.9410105
2,555,4.903822
2,570,4.862164
2,585,4.816527
2,600,4.7673454
2,615,4.715032
2,630,4.6599617
2,645,4.60248
2,660,4.5429068
2,675,4.481533
2,690,4.418627
2,705,4.3544326
2,720,4.289173
2,735,4.236819
2,750,4.2265787
2,765,4.256093
2,780,4.320451
2,795,4.415922
2,810,4.5393934
2,825,4.68807
2,840,4.8593874
2,855,5.050988
2,870,5.260694
2,885,5.4864907
2,900,5.7265244
2,915,5.979089
2,930,6.242596
2,945,6.498143
2,960,6.7184176
2,975,6.906012
2,990,7.0647287
2,1005,7.197324
2,1020,7.306062
2,1035,7.3929834
2,1050,7.459956
2,1065,7.5087066
2,1080,7.540836
2,1095,7.557829
2,1110,7.561064
2,1125,7.5518136
2,1140,7.5312514
2,1155,7.50046
2,1170,7.460441
2,1185,7.4121175
2,1200,7.3563437
2,1215,7.293899
2,1230,7.225513
2,1245,7.1518364
2,1260,7.0734897
2,1275,6.9910235
2,1290,6.90496
2,1305,6.815769
2,1320,6.723888
2,1335,6.629716
2,1350,6.5336156
2,1365,6.4359264
2,1380,6.3369493
2,1395,6.2369733
2,1410,6.136247
2,1425,6.035
2,1440,5.9334564
2,1455,5.845536
2,1470,5.8004827
2,1485,5.7959056
2,1500,5.8268847
2,1515,5.8896875
2,1530,5.981191
2,1545,6.0985804
2,1560,6.239274
2,1575,6.4009066
2,1590,6.581287
2,1605,6.7783947
2,1620,6.9903626
2,1635,7.2154713
2,1650,7.4521194
2,1665,7.681417
2,1680,7.8759675
2,1695,8.038409
2,1710,8.172537
2,1725,8.281095
2,1740,8.366288
2,1755,8.430172
2,1770,8.474627
2,1785,8.501347
2,1800,8.511911
2,1815,8.507818
2,1830,8.490432
2,1845,8.461006
2,1860,8.420709
2,1875,8.370617
2,1890,8.311724
2,1905,8.244939
2,1920,8.171106
2,1935,8.090992
2,1950,8.005312
2,1965,7.9147186
2,1980,7.819819
2,1995,7.7211666
2,2010,7.619273
2,2025,7.514603
2,2040,7.4075837
2,2055,7.298605
2,2070,7.188024
2,2085,7.0761685
2,2100,6.9633374
2,2115,6.8498044
2,2130,6.7358174
2,2145,6.6216025
2,2160,6.507365
2,2175,6.4070535
2,2190,6.3498793
2,2205,6.3334513
2,2220,6.352839
2,2235,6.404307
2,2250,6.484722
2,2265,6.5912666
2,2280,6.7213645
2,2295,6.872639
2,2310,7.042893
2,2325,7.230094
2,2340,7.4323735
2,2355,7.648007
2,2370,7.8753886
2,2385,8.095631
2,2400,8.281324
2,2415,8.435106
2,2430,8.560763
2,2445,8.6610365
2,2460,8.738131
2,2475,8.794088
2,2490,8.830791
2,2505,8.849933
2,2520,8.853083
2,2535,8.841736
2,2550,8.817254
2,2565,8.7808895
2,2580,8.733803
2,2595,8.67707
2,2610,8.61168
2,2625,8.538544
2,2640,8.458494
2,2655,8.3723
2,2670,8.280672
2,2685,8.184259
2,2700,8.083664
2,2715,7.97944
2,2730,7.872094
2,2745,7.7620907
2,2760,7.649853
2,2775,7.5357704
2,2790,7.420196
2,2805,7.303455
2,2820,7.1858435
2,2835,7.0676327
2,2850,6.949069
2,2865,6.8303776
2,2880,6.7117605
2,2895,6.6071625
2,2910,6.5457945
2,2925,6.5252643
2,2940,6.540639
2,2955,6.5881805
2,2970,6.6647553
2,2985,6.767543
2,3000,6.8939657
2,3015,7.0416455
2,3030,7.2083826
2,3045,7.3921437
2,3060,7.5910583
2,3075,7.8033996
2,3090,8.027561
2,3105,8.244654
2,3120,8.427266
2,3135,8.5780325
2,3150,8.70074
2,3165,8.798125
2,3180,8.872396
2,3195,8.92559
2,3210,8.959588
2,3225,8.976083
2,3240,8.976643
2,3255,8.962761
2,3270,8.935799
2,3285,8.897005
2,3300,8.847542
2,3315,8.788483
2,3330,8.720816
2,3345,8.645451
2,3360,8.56322
2,3375,8.474891
2,3390,8.381172
2,3405,8.282714
2,3420,8.180116
2,3435,8.073932
2,3450,7.964667
2,3465,7.8527846
2,3480,7.738708
2,3495,7.6228247
2,3510,7.505488
2,3525,7.387021
2,3540,7.26772
2,3555,7.147856
2,3570,7.0276732
2,3585,6.907397
2,3600,6.7872276
2,3615,6.68111
2,3630,6.6182547
2,3645,6.596268
2,3660,6.6102176
2,3675,6.6563635
2,3690,6.7315726
2,3705,6.833023
2,3720,6.958137
2,3735,7.1045356
2,3750,7.2700186
2,3765,7.4525523
2,3780,7.650265
2,3795,7.86143
2,3810,8.08444
2,3825,8.300406
2,3840,8.4819145
2,3855,8.6316
2,3870,8.753249
2,3885,8.8496
2,3900,8.922856
2,3915,8.975057
2,3930,9.008081
2,3945,9.023623
2,3960,9.023251
2,3975,9.008455
2,3990,8.980598
2,4005,8.940928
2,4020,8.890606
2,4035,8.830707
2,4050,8.762216
2,4065,8.686044
2,4080,8.603023
2,4095,8.513919
2,4110,8.419441
2,4125,8.320239
2,4140,8.216913
2,4155,8.110017
2,4170,8.000052
2,4185,7.8874865
2,4200,7.7727394
2,4215,7.656199
2,4230,7.538218
2,4245,7.419121
2,4260,7.299202
2,4275,7.178732
2,4290,7.057956
2,4305,6.937098
2,4320,6.8163595
2,4335,6.7096834
2,4350,6.6462812
2,4365,6.623759
2,4380,6.637183
2,4395,6.682815
2,4410,6.7575197
2,4425,6.858477
2,4440,6.983107
2,4455,7.129032
2,4470,7.29405
2,4485,7.4761295
2,4500,7.6733966
2,4515,7.884125
2,4530,8.106708
2,4545,8.322254
2,4560,8.503352
2,4575,8.652636
2,4590,8.7738905
2,4605,8.869854
2,4620,8.942732
2,4635,8.994561
2,4650,9.027223
2,4665,9.042408
2,4680,9.041685
2,4695,9.026547
2,4710,8.998354
2,4725,8.958354
2,4740,8.90771
2,4755,8.847493
2,4770,8.778692
2,4785,8.702215
2,4800,8.618896
2,4815,8.529499
2,4830,8.434734
2,4845,8.335252
2,4860,8.23165
2,4875,8.124482
2,4890,8.014254
2,4905,7.901427
2,4920,7.7864246
2,4935,7.669634
2,4950,7.551408
2,4965,7.43207
2,4980,7.311915
2,4995,7.1912136
2,5010,7.0702105
2,5025,6.9491296
2,5040,6.8281727
2,5055,6.7212825
2,5070,6.6576705
2,5085,6.634942
2,5100,6.648164
2,5115,6.693598
2,5130,6.7681084
2,5145,6.868875
2,5160,6.993318
2,5175,7.1390595
2,5190,7.3038983
2,5205,7.485801
2,5220,7.6828957
2,5235,7.8934546
2,5250,8.11587
2,5265,8.331254
2,5280,8.512192
2,5295,8.661319
2,5310,8.78242
2,5325,8.878233
2,5340,8.950962
2,5355,9.002646
2,5370,9.035165
2,5385,9.05021
2,5400,9.049351
2,5415,9.034078
2,5430,9.005753
2,5445,8.965623
2,5460,8.914851
2,5475,8.854509
2,5490,8.785585
2,5505,8.708988
2,5520,8.62555
2,5535,8.536038
2,5550,8.44116
2,5565,8.341565
2,5580,8.237854
2,5595,8.130578
2,5610,8.020244
2,5625,7.9073133
2,5640,7.7922096
2,5655,7.6753187
2,5670,7.5569944
2,5685,7.43756
2,5700,7.317311
2,5715,7.1965165
2,5730,7.0754223
2,5745,6.954252
2,5760,6.8332057
2,5775,6.7262297
2,5790,6.6625323
2,5805,6.639721
2,5820,6.652861
2,5835,6.698215
2,5850,6.772647
2,5865,6.8733363
2,5880,6.9977036
2,5895,7.1433706
2,5910,7.3081365
2,5925,7.4899673
2,5940,7.686991
2,5955,7.897481
2,5970,8.119829
2,5985,8.335147
2,6000,8.516019
2,6015,8.665081
2,6030,8.786119
2,6045,8.88187
2,6060,8.954539
2,6075,9.006163
2,6090,9.038623
2,6105,9.053611
2,6120,9.052694
2,6135,9.037366
2,6150,9.0089855
2,6165,8.968802
2,6180,8.917977
2,6195,8.857585
2,6210,8.7886095
2,6225,8.711963
2,6240,8.628475
2,6255,8.538915
2,6270,8.443989
2,6285,8.344348
2,6300,8.24059
2,6315,8.13327
2,6330,8.022891
2,6345,7.9099174
2,6360,7.7947707
2,6375,7.677838
2,6390,7.559472
2,6405,7.439997
2,6420,7.319708
2,6435,7.1988745
2,6450,7.0777416
2,6465,6.9565334
2,6480,6.8354506
2,6495,6.714677
2,6510,6.5943785
2,6525,6.4747033
2,6540,6.3557897
2,6555,6.237755
2,6570,6.12071
2,6585,6.004752
2,6600,5.8899665
2,6615,5.77643
2,6630,5.6642094
2,6645,5.5533633
2,6660,5.4439435
2,6675,5.3359923
2,6690,5.2295494
2,6705,5.1246448
2,6720,5.021305
2,6735,4.9195523
2,6750,4.8194027
2,6765,4.720869
2,6780,4.6239605
2,6795,4.5286818
2,6810,4.435036
2,6825,4.3430223
2,6840,4.2526374
2,6855,4.163876
2,6870,4.0767303
2,6885,3.9911907
2,6900,3.9072459
2,6915,3.824883
2,6930,3.7440884
2,6945,3.6648464
2,6960,3.5871403
2,6975,3.5109532
2,6990,3.4362662
2,7005,3.363061
2,7020,3.2913172
2,7035,3.2210152
2,7050,3.152134
2,7065,3.0846527
2,7080,3.01855
2,7095,2.9538038
2,7110,2.890393
2,7125,2.8282952
2,7140,2.7674885
2,7155,2.7079506
2,7170,2.6496599
2,7185,2.5925937
2,7200,2.5367305
3,0,0
3,3,0.00016689794
3,6,0.001270077
3,9,0.0039292956
3,12,0.008473531
3,15,0.015037749
3,18,0.023646878
3,21,0.034270182
3,24,0.04685288
3,27,0.06133225
3,30,0.0776455
3,33,0.095733345
3,36,0.11554098
3,39,0.13701837
3,42,0.1601197
3,45,0.18480282
3,48,0.21102853
3,51,0.23876008
3,54,0.2679627
3,57,0.29860324
3,60,0.33065
3,63,0.36407235
3,66,0.39884096
3,69,0.43492693
3,72,0.47230285
3,75,0.5109412
3,78,0.55081576
3,81,0.59190017
3,84,0.6341689
3,87,0.67759687
3,90,0.7221592
3,93,0.7678317
3,96,0.81459045
3,99,0.86241204
3,102,0.9112735
3,105,0.96115214
3,108,1.012025
3,111,1.0638704
3,114,1.1166669
3,117,1.1703933
3,120,1.2250293
3,135,1.5111266
3,150,1.816984
3,165,2.1403248
3,180,2.4790452
3,195,2.8312087
3,210,3.195011
3,225,3.549683
3,240,3.8645098
3,255,4.1426334
3,270,4.388395
3,285,4.6047816
3,300,4.7941966
3,315,4.9587965
3,330,5.100551
3,345,5.2212915
3,360,5.3227315
3,375,5.406466
3,390,5.4739733
3,405,5.526626
3,420,5.565698
3,435,5.592372
3,450,5.6077366
3,465,5.612807
3,480,5.608519
3,495,5.5957375
3,510,5.575265
3,525,5.547841
3,540,5.5141478
3,555,5.4748178
3,570,5.4304314
3,585,5.381525
3,600,5.3286
3,615,5.272103
3,630,5.2124605
3,645,5.150056
3,660,5.0852304
3,675,5.018325
3,690,4.949624
3,705,4.8794045
3,720,4.807921
3,735,4.7504306
3,750,4.73973
3,765,4.7729497
3,780,4.8444247
3,795,4.9500785
3,810,5.086532
3,825,5.2507787
3,840,5.4400463
3,855,5.6517763
3,870,5.883605
3,885,6.133347
3,900,6.3989806
3,915,6.678638
3,930,6.9705772
3,945,7.2540994
3,960,7.4985166
3,975,7.707017
3,990,7.883977
3,1005,8.03242
3,1020,8.154771
3,1035,8.253212
3,1050,8.329739
3,1065,8.386198
3,1080,8.424314
3,1095,8.445688
3,1110,8.451814
3,1125,8.444071
3,1140,8.423735
3,1155,8.391991
3,1170,8.349934
3,1185,8.298577
3,1200,8.23885
3,1215,8.17162
3,1230,8.097675
3,1245,8.0177555
3,1260,7.932532
3,1275,7.842629
3,1290,7.748623
3,1305,7.6510363
3,1320,7.550358
3,1335,7.447032
3,1350,7.341476
3,1365,7.2340527
3,1380,7.125108
3,1395,7.014969
3,1410,6.9038973
3,1425,6.792156
3,1440,6.6799994
3,1455,6.582638
3,1470,6.53287
3,1485,6.527821
3,1500,6.5618324
3,1515,6.6308017
3,1530,6.731341
3,1545,6.860419
3,1560,7.0152636
3,1575,7.1933055
3,1590,7.392163
3,1605,7.609632
3,1620,7.843681
3,1635,8.092432
3,1650,8.354133
3,1665,8.608092
3,1680,8.823529
3,1695,9.00368
3,1710,9.1529255
3,1725,9.2742405
3,1740,9.370043
3,1755,9.442505
3,1770,9.493611
3,1785,9.525199
3,1800,9.538976
3,1815,9.5365305
3,1830,9.519349
3,1845,9.4888
3,1860,9.446149
3,1875,9.392569
3,1890,9.329142
3,1905,9.256871
3,1920,9.176684
3,1935,9.089434
3,1950,8.995903
3,1965,8.896818
3,1980,8.792842
3,1995,8.684589
3,2010,8.572625
3,2025,8.45747
3,2040,8.3396
3,2055,8.219448
3,2070,8.097419
3,2085,7.9738793
3,2100,7.8491573
3,2115,7.72357
3,2130,7.597392
3,2145,7.470875
3,2160,7.3442607
3,2175,7.2327967
3,2190,7.16923
3,2205,7.150684
3,2220,7.17149
3,2235,7.2275414
3,2250,7.315444
3,2265,7.4321613
3,2280,7.5749154
3,2295,7.741131
3,2310,7.9284196
3,2325,8.134574
3,2340,8.357554
3,2355,8.595481
3,2370,8.846592
3,2385,9.090197
3,2400,9.295501
3,2415,9.465741
3,2430,9.60529
3,2445,9.71712
3,2460,9.80364
3,2475,9.86702
3,2490,9.909237
3,2505,9.932124
3,2520,9.937391
3,2535,9.926628
3,2550,9.901307
3,2565,9.862792
3,2580,9.812346
3,2595,9.751138
3,2610,9.680244
3,2625,9.600667
3,2640,9.513326
3,2655,9.419071
3,2670,9.3186865
3,2685,9.212894
3,2700,9.102359
3,2715,8.987696
3,2730,8.869457
3,2745,8.748171
3,2760,8.624294
3,2775,8.49827
3,2790,8.370488
3,2805,8.241311
3,2820,8.111074
3,2835,7.9800825
3,2850,7.848612
3,2865,7.71692
3,2880,7.585233
3,2895,7.4688005
3,2910,7.400371
3,2925,7.377067
3,2940,7.3932166
3,2955,7.444711
3,2970,7.5281553
3,2985,7.6405096
3,3000,7.778994
3,3015,7.941032
3,3030,8.124233
3,3045,8.326387
3,3060,8.545455
3,3075,8.7795515
3,3090,9.026915
3,3105,9.266852
3,3120,9.468568
3,3135,9.635296
3,3150,9.771408
3,3165,9.879873
3,3180,9.963101
3,3195,10.023256
3,3210,10.062317
3,3225,10.082115
3,3240,10.084358
3,3255,10.070634
3,3270,10.042414
3,3285,10.0010605
3,3300,9.947837
3,3315,9.883907
3,3330,9.810349
3,3345,9.728165
3,3360,9.638269
3,3375,9.541513
3,3390,9.438681
3,3405,9.33049
3,3420,9.217606
3,3435,9.100642
3,3450,8.98015
3,3465,8.856659
3,3480,8.730624
3,3495,8.602484
3,3510,8.472631
3,3525,8.341426
3,3540,8.209203
3,3555,8.076265
3,3570,7.942889
3,3585,7.80933
3,3600,7.6758156
3,3615,7.557592
3,3630,7.487409
3,3645,7.4623876
3,3660,7.4768553
3,3675,7.526703
3,3690,7.6085343
3,3705,7.71931
3,3720,7.856248
3,3735,8.016771
3,3750,8.19849
3,3765,8.399193
3,3780,8.616838
3,3795,8.849543
3,3810,9.095543
3,3825,9.334146
3,3840,9.534554
3,3855,9.700002
3,3870,9.834859
3,3885,9.942096
3,3900,10.02412
3,3915,10.0830965
3,3930,10.121002
3,3945,10.139669
3,3960,10.140803
3,3975,10.125993
3,3990,10.096708
3,4005,10.054313
3,4020,10.000068
3,4035,9.935137
3,4050,9.860599
3,4065,9.7774515
3,4080,9.686615
3,4095,9.588936
3,4110,9.485198
3,4125,9.376121
3,4140,9.262367
3,4155,9.144551
3,4170,9.023225
3,4185,8.898915
3,4200,8.772079
3,4215,8.643152
3,4230,8.512531
3,4245,8.38057
3,4260,8.247607
3,4275,8.113945
3,4290,7.9798574
3,4305,7.845601
3,4320,7.7114034
3,4335,7.59251
3,4350,7.521671
3,4365,7.496006
3,4380,7.509843
3,4395,7.559073
3,4410,7.6402984
3,4425,7.75048
3,4440,7.8868365
3,4455,8.04679
3,4470,8.22795
3,4485,8.428104
3,4500,8.645213
3,4515,8.877392
3,4530,9.122877
3,4545,9.360974
3,4560,9.560887
3,4575,9.725849
3,4590,9.86023
3,4605,9.967001
3,4620,10.048568
3,4635,10.107096
3,4650,10.144562
3,4665,10.162797
3,4680,10.163508
3,4695,10.148283
3,4710,10.118592
3,4725,10.075797
3,4740,10.021161
3,4755,9.955847
3,4770,9.880932
3,4785,9.797417
3,4800,9.706217
3,4815,9.608183
3,4830,9.504097
3,4845,9.394678
3,4860,9.280589
3,4875,9.162444
3,4890,9.040795
3,4905,8.916169
3,4920,8.789023
3,4935,8.659791
3,4950,8.528871
3,4965,8.396617
3,4980,8.263367
3,4995,8.129422
3,5010,7.995058
3,5025,7.8605294
3,5040,7.7260656
3,5055,7.6069107
3,5070,7.535815
3,5085,7.509898
3,5100,7.523488
3,5115,7.572476
3,5130,7.653464
3,5145,7.763412
3,5160,7.89954
3,5175,8.059269
3,5190,8.240209
3,5205,8.440147
3,5220,8.657044
3,5235,8.889015
3,5250,9.134296
3,5265,9.372194
3,5280,9.57191
3,5295,9.73668
3,5310,9.8708725
3,5325,9.977457
3,5340,10.058843
3,5355,10.117191
3,5370,10.154482
3,5385,10.172545
3,5400,10.173088
3,5415,10.157697
3,5430,10.127844
3,5445,10.084888
3,5460,10.030096
3,5475,9.964627
3,5490,9.889562
3,5505,9.805898
3,5520,9.714553
3,5535,9.616375
3,5550,9.512149
3,5565,9.402592
3,5580,9.288367
3,5595,9.17009
3,5610,9.04831
3,5625,8.923555
3,5640,8.796284
3,5655,8.666928
3,5670,8.535886
3,5685,8.403513
3,5700,8.270145
3,5715,8.136086
3,5730,8.001609
3,5745,7.866969
3,5760,7.7323966
3,5775,7.6131344
3,5790,7.541933
3,5805,7.5159135
3,5820,7.529402
3,5835,7.57829
3,5850,7.65918
3,5865,7.7690325
3,5880,7.905066
3,5895,8.064702
3,5910,8.245551
3,5925,8.4454
3,5940,8.6622095
3,5955,8.894094
3,5970,9.139291
3,5985,9.377106
3,6000,9.57674
3,6015,9.74143
3,6030,9.875544
3,6045,9.982052
3,6060,10.06336
3,6075,10.121635
3,6090,10.158853
3,6105,10.176844
3,6120,10.177316
3,6135,10.161855
3,6150,10.131933
3,6165,10.088911
3,6180,10.034053
3,6195,9.968519
3,6210,9.89339
3,6225,9.809663
3,6240,9.718257
3,6255,9.620019
3,6270,9.515733
3,6285,9.406117
3,6300,9.291836
3,6315,9.173502
3,6330,9.051666
3,6345,8.926858
3,6360,8.799532
3,6375,8.670124
3,6390,8.53903
3,6405,8.406607
3,6420,8.273189
3,6435,8.13908
3,6450,8.004554
3,6465,7.8698673
3,6480,7.7352476
3,6495,7.6009016
3,6510,7.467019
3,6525,7.3337674
3,6540,7.2012997
3,6555,7.0697527
3,6570,6.93925
3,6585,6.8098993
3,6600,6.681799
3,6615,6.555037
3,6630,6.429696
3,6645,6.305834
3,6660,6.18351
3,6675,6.062783
3,6690,5.943705
3,6705,5.826311
3,6720,5.710629
3,6735,5.596687
3,6750,5.484505
3,6765,5.374096
3,6780,5.2654676
3,6795,5.1586313
3,6810,5.0535874
3,6825,4.950337
3,6840,4.8488774
3,6855,4.7492075
3,6870,4.651318
3,6885,4.555201
3,6900,4.4608464
3,6915,4.368241
3,6930,4.2773695
3,6945,4.1882157
3,6960,4.1007633
3,6975,4.014992
3,6990,3.9308832
3,7005,3.8484159
3,7020,3.7675688
3,7035,3.6883206
3,7050,3.610649
3,7065,3.534532
3,7080,3.459946
3,7095,3.3868675
3,7110,3.315274
3,7125,3.2451408
3,7140,3.176444
3,7155,3.10916
3,7170,3.0432642
3,7185,2.9787326
3,7200,2.915541
4,0,0
4,3,0.00015611078
4,6,0.0011424682
4,9,0.0034772167
4,12,0.0074235313
4,15,0.013081009
4,18,0.020460624
4,21,0.029530874
4,24,0.040243376
4,27,0.052545525
4,30,0.06638591
4,33,0.08171675
4,36,0.09849435
4,39,0.11667899
4,42,0.1362344
4,45,0.15712723
4,48,0.17932639
4,51,0.20280257
4,54,0.22752802
4,57,0.25347617
4,60,0.2806215
4,63,0.3089393
4,66,0.33840576
4,69,0.36899754
4,72,0.40069205
4,75,0.43346712
4,78,0.46730098
4,81,0.50217235
4,84,0.53806007
4,87,0.5749435
4,90,0.6128022
4,93,0.6516162
4,96,0.6913659
4,99,0.7320317
4,102,0.77359474
4,105,0.8160361
4,108,0.8593374
4,111,0.90347993
4,114,0.948446
4,117,0.99421805
4,120,1.040779
4,135,1.2848195
4,150,1.5461094
4,165,1.8227499
4,180,2.112983
4,195,2.4151866
4,210,2.7278433
4,225,3.032989
4,240,3.3051531
4,255,3.5471168
4,270,3.762282
4,285,3.9529924
4,300,4.1211677
4,315,4.268551
4,330,4.396748
4,345,4.5072565
4,360,4.6014805
4,375,4.680729
4,390,4.7462187
4,405,4.7990804
4,420,4.8403664
4,435,4.8710504
4,450,4.8920374
4,465,4.9041677
4,480,4.9082146
4,495,4.9048977
4,510,4.894886
4,525,4.878792
4,540,4.8571863
4,555,4.8305974
4,570,4.79951
4,585,4.7643733
4,600,4.7256074
4,615,4.683592
4,630,4.6386786
4,645,4.5911994
4,660,4.541439
4,675,4.4896865
4,690,4.4361873
4,705,4.381172
4,720,4.3248606
4,735,4.2805295
4,750,4.275532
4,765,4.307204
4,780,4.371062
4,795,4.46383
4,810,4.582779
4,825,4.7254233
4,840,4.8894863
4,855,5.0728607
4,870,5.2735844
4,885,5.489835
4,900,5.7199273
4,915,5.9623065
4,930,6.215512
4,945,6.46164
4,960,6.675249
4,975,6.859167
4,990,7.016832
4,1005,7.1506214
4,1020,7.26248
4,1035,7.354175
4,1050,7.4273396
4,1065,7.483491
4,1080,7.524046
4,1095,7.5503254
4,1110,7.5635595
4,1125,7.5648904
4,1140,7.555376
4,1155,7.535997
4,1170,7.5076632
4,1185,7.4712195
4,1200,7.4274416
4,1215,7.3770547
4,1230,7.3207164
4,1245,7.2590446
4,1260,7.192602
4,1275,7.121914
4,1290,7.047463
4,1305,6.969694
4,1320,6.88902
4,1335,6.8058157
4,1350,6.7204294
4,1365,6.633179
4,1380,6.544357
4,1395,6.454231
4,1410,6.363047
4,1425,6.2710304
4,1440,6.1783876
4,1455,6.098391
4,1470,6.0583777
4,1485,6.055692
4,1500,6.0858235
4,1515,6.145497
4,1530,6.231966
4,1545,6.342749
4,1560,6.4755626
4,1575,6.628281
4,1590,6.7989306
4,1605,6.9856815
4,1620,7.186841
4,1635,7.4008436
4,1650,7.626223
4,1665,7.8450665
4,1680,8.031918
4,1695,8.189593
4,1710,8.321525
4,1725,8.4300785
4,1740,8.517188
4,1755,8.584613
4,1770,8.633976
4,1785,8.66679
4,1800,8.684459
4,1815,8.688294
4,1830,8.679521
4,1845,8.659269
4,1860,8.628592
4,1875,8.58846
4,1890,8.53978
4,1905,8.483383
4,1920,8.420046
4,1935,8.350471
4,1950,8.275327
4,1965,8.195207
4,1980,8.1106825
4,1995,8.022261
4,2010,7.9304247
4,2025,7.835607
4,2040,7.738216
4,2055,7.638618
4,2070,7.537156
4,2085,7.4341464
4,2100,7.3298783
4,2115,7.2246046
4,2130,7.1185746
4,2145,7.0120106
4,2160,6.905097
4,2175,6.8110824
4,2190,6.7573256
4,2205,6.741168
4,2220,6.7580914
4,2235,6.804817
4,2250,6.878596
4,2265,6.9769387
4,2280,7.0975575
4,2295,7.238323
4,2310,7.3972564
4,2325,7.572523
4,2340,7.762427
4,2355,7.965396
4,2370,8.17996
4,2385,8.388205
4,2400,8.564665
4,2415,8.712154
4,2430,8.8341
4,2445,8.932864
4,2460,9.010377
4,2475,9.068391
4,2490,9.108527
4,2505,9.132291
4,2520,9.141088
4,2535,9.136228
4,2550,9.118928
4,2565,9.090318
4,2580,9.051445
4,2595,9.003277
4,2610,8.946712
4,2625,8.882583
4,2640,8.811656
4,2655,8.734641
4,2670,8.652196
4,2685,8.564923
4,2700,8.473381
4,2715,8.378088
4,2730,8.27951
4,2745,8.178091
4,2760,8.074225
4,2775,7.968275
4,2790,7.8605847
4,2805,7.7514553
4,2820,7.641176
4,2835,7.530007
4,2850,7.4181867
4,2865,7.3059344
4,2880,7.193453
4,2895,7.094003
4,2910,7.034916
4,2925,7.0135307
4,2940,7.0253277
4,2955,7.067027
4,2970,7.1358757
4,2985,7.229385
4,3000,7.345264
4,3015,7.481382
4,3030,7.6357574
4,3045,7.8065557
4,3060,7.9920774
4,3075,8.19075
4,3090,8.401101
4,3105,8.605215
4,3120,8.777623
4,3135,8.921141
4,3150,9.039189
4,3165,9.134133
4,3180,9.207898
4,3195,9.262236
4,3210,9.298767
4,3225,9.3189945
4,3240,9.324323
4,3255,9.31606
4,3270,9.295423
4,3285,9.263539
4,3300,9.221455
4,3315,9.1701355
4,3330,9.110481
4,3345,9.04332
4,3360,8.969419
4,3375,8.889486
4,3390,8.804178
4,3405,8.714097
4,3420,8.619799
4,3435,8.521802
4,3450,8.420572
4,3465,8.31655
4,3480,8.210132
4,3495,8.101676
4,3510,7.9915295
4,3525,7.8799906
4,3540,7.767346
4,3555,7.6538563
4,3570,7.5397596
4,3585,7.425273
4,3600,7.3105993
4,3615,7.208998
4,3630,7.147801
4,3645,7.1243453
4,3660,7.1341114
4,3675,7.1738176
4,3690,7.240712
4,3705,7.332304
4,3720,7.446302
4,3735,7.580575
4,3750,7.733141
4,3765,7.9021635
4,3780,8.085943
4,3795,8.2829075
4,3810,8.491584
4,3825,8.694053
4,3840,8.864849
4,3855,9.0067835
4,3870,9.123281
4,3885,9.216701
4,3900,9.288971
4,3915,9.341843
4,3930,9.376934
4,3945,9.39575
4,3960,9.399693
4,3975,9.39007
4,3990,9.368098
4,4005,9.334905
4,4020,9.291535
4,4035,9.238955
4,4050,9.1780615
4,4065,9.109686
4,4080,9.034592
4,4095,8.953488
4,4110,8.867032
4,4125,8.775823
4,4140,8.680417
4,4155,8.581334
4,4170,8.479039
4,4185,8.373968
4,4200,8.266523
4,4215,8.157059
4,4230,8.045922
4,4245,7.933412
4,4260,7.8198137
4,4275,7.705388
4,4290,7.590372
4,4305,7.4749827
4,4320,7.359423
4,4335,7.256953
4,4350,7.194902
4,4365,7.1706085
4,4380,7.179552
4,4395,7.2184515
4,4410,7.2845535
4,4425,7.375368
4,4440,7.4886026
4,4455,7.622127
4,4470,7.7739577
4,4485,7.942259
4,4500,8.125331
4,4515,8.3216
4,4530,8.529594
4,4545,8.731395
4,4560,8.901533
4,4575,9.042824
4,4590,9.158688
4,4605,9.251486
4,4620,9.323147
4,4635,9.375419
4,4650,9.409923
4,4665,9.428162
4,4680,9.431537
4,4695,9.421358
4,4710,9.398839
4,4725,9.365109
4,4740,9.321213
4,4755,9.268115
4,4770,9.206715
4,4785,9.137839
4,4800,9.062255
4,4815,8.980671
4,4830,8.893742
4,4845,8.802069
4,4860,8.706207
4,4875,8.606676
4,4890,8.5039425
4,4905,8.398439
4,4920,8.290571
4,4935,8.18069
4,4950,8.069145
4,4965,7.956233
4,4980,7.8422403
4,4995,7.727427
4,5010,7.612031
4,5025,7.496268
4,5040,7.380341
4,5055,7.27751
4,5070,7.215105
4,5085,7.190464
4,5100,7.1990657
4,5115,7.23763
4,5130,7.3034024
4,5145,7.3938932
4,5160,7.5068107
4,5175,7.6400228
4,5190,7.7915473
4,5205,7.959548
4,5220,8.142324
4,5235,8.338304
4,5250,8.546013
4,5265,8.747534
4,5280,8.9173975
4,5295,9.058418
4,5310,9.174017
4,5325,9.266555
4,5340,9.33796
4,5355,9.389981
4,5370,9.424239
4,5385,9.442235
4,5400,9.445373
4,5415,9.434959
4,5430,9.412211
4,5445,9.378256
4,5460,9.334137
4,5475,9.280822
4,5490,9.219207
4,5505,9.150121
4,5520,9.07433
4,5535,8.992543
4,5550,8.905415
4,5565,8.813545
4,5580,8.717491
4,5595,8.61777
4,5610,8.514851
4,5625,8.409164
4,5640,8.301116
4,5655,8.191059
4,5670,8.07934
4,5685,7.966258
4,5700,7.8520975
4,5715,7.7371197
4,5730,7.6215615
4,5745,7.5056396
4,5760,7.3895564
4,5775,7.286572
4,5790,7.2240157
4,5805,7.199226
4,5820,7.207682
4,5835,7.246103
4,5850,7.311735
4,5865,7.4020877
4,5880,7.5148687
4,5895,7.6479473
4,5910,7.7993407
4,5925,7.967212
4,5940,8.149862
4,5955,8.345717
4,5970,8.553305
4,5985,8.754704
4,6000,8.924451
4,6015,9.065355
4,6030,9.18084
4,6045,9.273266
4,6060,9.344561
4,6075,9.396474
4,6090,9.430625
4,6105,9.448517
4,6120,9.451551
4,6135,9.441037
4,6150,9.418189
4,6165,9.384136
4,6180,9.339922
4,6195,9.286511
4,6210,9.224804
4,6225,9.155627
4,6240,9.079746
4,6255,8.997871
4,6270,8.910656
4,6285,8.818701
4,6300,8.722564
4,6315,8.622761
4,6330,8.519759
4,6345,8.413994
4,6360,8.305867
4,6375,8.195733
4,6390,8.083939
4,6405,7.970782
4,6420,7.8565483
4,6435,7.741498
4,6450,7.6258693
4,6465,7.5098777
4,6480,7.3937263
4,6495,7.277591
4,6510,7.1616397
4,6525,7.0460205
4,6540,6.930867
4,6555,6.816302
4,6570,6.702434
4,6585,6.589363
4,6600,6.4771767
4,6615,6.3659544
4,6630,6.2557693
4,6645,6.146688
4,6660,6.0387564
4,6675,5.9320297
4,6690,5.8265557
4,6705,5.722378
4,6720,5.6195197
4,6735,5.518014
4,6750,5.417883
4,6765,5.319145
4,6780,5.221814
4,6795,5.125901
4,6810,5.031418
4,6825,4.938367
4,6840,4.8467503
4,6855,4.75657
4,6870,4.6678257
4,6885,4.580514
4,6900,4.49463
4,6915,4.4101667
4,6930,4.327116
4,6945,4.24547
4,6960,4.16522
4,6975,4.0863533
4,6990,4.0088563
4,7005,3.9327176
4,7020,3.8579242
4,7035,3.784461
4,7050,3.712311
4,7065,3.64146
4,7080,3.5718913
4,7095,3.5035884
4,7110,3.436534
4,7125,3.3707106
4,7140,3.306101
4,7155,3.2426875
4,7170,3.180452
4,7185,3.1193771
4,7200,3.0594451
5,0,0
5,3,0.00017493167
5,6,0.0013234342
5,9,0.0040789307
5,12,0.008753613
5,15,0.015456801
5,18,0.024191178
5,21,0.034910742
5,24,0.04755181
5,27,0.062048182
5,30,0.07833687
5,33,0.09636071
5,36,0.1160685
5,39,0.13741457
5,42,0.16035792
5,45,0.18486142
5,48,0.21089074
5,51,0.23841387
5,54,0.26740053
5,57,0.297822
5,60,0.32965064
5,63,0.36285976
5,66,0.39742365
5,69,0.43331698
5,72,0.47051546
5,75,0.50899476
5,78,0.5487313
5,81,0.5897018
5,84,0.63188297
5,87,0.6752524
5,90,0.7197875
5,93,0.7654664
5,96,0.8122674
5,99,0.86016923
5,102,0.9091507
5,105,0.959191
5,108,1.0102694
5,111,1.0623658
5,114,1.1154605
5,117,1.1695342
5,120,1.2245669
5,135,1.5134575
5,150,1.8235743
5,165,2.1527898
5,180,2.4991312
5,195,2.860773
5,210,3.2360022
5,225,3.6036546
5,240,3.9338446
5,255,4.230359
5,270,4.497067
5,285,4.736452
5,300,4.9505463
5,315,5.141191
5,330,5.3101263
5,345,5.45898
5,360,5.5892763
5,375,5.7024355
5,390,5.7997856
5,405,5.882563
5,420,5.9519167
5,435,6.008913
5,450,6.054544
5,465,6.089726
5,480,6.115313
5,495,6.1320977
5,510,6.140812
5,525,6.142137
5,540,6.136705
5,555,6.1250987
5,570,6.1078663
5,585,6.0854974
5,600,6.0584717
5,615,6.027208
5,630,5.9920897
5,645,5.953504
5,660,5.9117727
5,675,5.867211
5,690,5.820114
5,705,5.77075
5,720,5.719365
5,735,5.6816554
5,750,5.68981
5,765,5.740231
5,780,5.827733
5,795,5.9487734
5,810,6.100387
5,825,6.2798963
5,840,6.484794
5,855,6.7127275
5,870,6.961519
5,885,7.2291465
5,900,7.513732
5,915,7.813532
5,930,8.126908
5,945,8.432766
5,960,8.701288
5,975,8.936305
5,990,9.141736
5,1005,9.320124
5,1020,9.473525
5,1035,9.603836
5,1050,9.712827
5,1065,9.802155
5,1080,9.87337
5,1095,9.927924
5,1110,9.967164
5,1125,9.992347
5,1140,10.004638
5,1155,10.005118
5,1170,9.994797
5,1185,9.974607
5,1200,9.945412
5,1215,9.908012
5,1230,9.863146
5,1245,9.811499
5,1260,9.753707
5,1275,9.690354
5,1290,9.621991
5,1305,9.549113
5,1320,9.472193
5,1335,9.391654
5,1350,9.307899
5,1365,9.221292
5,1380,9.132181
5,1395,9.040869
5,1410,8.947639
5,1425,8.852778
5,1440,8.75651
5,1455,8.674483
5,1470,8.63893
5,1485,8.646251
5,1500,8.69125
5,1515,8.770386
5,1530,8.880694
5,1545,9.019478
5,1560,9.184218
5,1575,9.3725815
5,1590,9.58239
5,1605,9.8116045
5,1620,10.058331
5,1635,10.320821
5,1650,10.597436
5,1665,10.867078
5,1680,11.09991
5,1695,11.299764
5,1710,11.470546
5,1725,11.614793
5,1740,11.734558
5,1755,11.831707
5,1770,11.907995
5,1785,11.965065
5,1800,12.004509
5,1815,12.027764
5,1830,12.036146
5,1845,12.030951
5,1860,12.013326
5,1875,11.984325
5,1890,11.944968
5,1905,11.896183
5,1920,11.838812
5,1935,11.773645
5,1950,11.701437
5,1965,11.622858
5,1980,11.538522
5,1995,11.449033
5,2010,11.354922
5,2025,11.256678
5,2040,11.154766
5,2055,11.049614
5,2070,10.9416065
5,2085,10.831102
5,2100,10.718444
5,2115,10.603933
5,2130,10.487846
5,2145,10.370453
5,2160,10.25199
5,2175,10.148141
5,2190,10.091089
5,2205,10.077225
5,2220,10.101348
5,2235,10.159937
5,2250,10.249998
5,2265,10.368825
5,2280,10.513925
5,2295,10.682949
5,2310,10.873696
5,2325,11.084127
5,2340,11.312351
5,2355,11.556621
5,2370,11.815291
5,2385,12.067259
5,2400,12.282682
5,2415,12.465388
5,2430,12.619278
5,2445,12.746883
5,2460,12.850257
5,2475,12.931262
5,2490,12.991623
5,2505,13.03302
5,2520,13.057017
5,2535,13.06501
5,2550,13.058407
5,2565,13.038439
5,2580,13.006222
5,2595,12.962886
5,2610,12.909408
5,2625,12.846674
5,2640,12.775587
5,2655,12.696916
5,2670,12.611375
5,2685,12.519672
5,2700,12.422417
5,2715,12.32018
5,2730,12.213517
5,2745,12.102907
5,2760,11.988806
5,2775,11.871646
5,2790,11.751804
5,2805,11.629642
5,2820,11.505495
5,2835,11.379659
5,2850,11.2524185
5,2865,11.124035
5,2880,10.994736
5,2895,10.880214
5,2910,10.812647
5,2925,10.788422
5,2940,10.802337
5,2955,10.850866
5,2970,10.931019
5,2985,11.040082
5,3000,11.17556
5,3015,11.335109
5,3030,11.516521
5,3045,11.717758
5,3060,11.936921
5,3075,12.172263
5,3090,12.422137
5,3105,12.665442
5,3120,12.87233
5,3135,13.046627
5,3150,13.192231
5,3165,13.311671
5,3180,13.407001
5,3195,13.480082
5,3210,13.532626
5,3225,13.566328
5,3240,13.582725
5,3255,13.583237
5,3270,13.569267
5,3285,13.542011
5,3300,13.502647
5,3315,13.452263
5,3330,13.391807
5,3345,13.322239
5,3360,13.244406
5,3375,13.15906
5,3390,13.066977
5,3405,12.968811
5,3420,12.865174
5,3435,12.756673
5,3450,12.643817
5,3465,12.527106
5,3480,12.407005
5,3495,12.283913
5,3510,12.158235
5,3525,12.030325
5,3540,11.900498
5,3555,11.769075
5,3570,11.63633
5,3585,11.502507
5,3600,11.367861
5,3615,11.248064
5,3630,11.1753
5,3645,11.14595
5,3660,11.154816
5,3675,11.19837
5,3690,11.273618
5,3705,11.377849
5,3720,11.508563
5,3735,11.663418
5,3750,11.840207
5,3765,12.036887
5,3780,12.25156
5,3795,12.482476
5,3810,12.727988
5,3825,12.966995
5,3840,13.169649
5,3855,13.339767
5,3870,13.481262
5,3885,13.596649
5,3900,13.687984
5,3915,13.757133
5,3930,13.805826
5,3945,13.835713
5,3960,13.848318
5,3975,13.845146
5,3990,13.827481
5,4005,13.796614
5,4020,13.753705
5,4035,13.699772
5,4050,13.635871
5,4065,13.562893
5,4080,13.481668
5,4095,13.393029
5,4110,13.297666
5,4125,13.19627
5,4140,13.089474
5,4155,12.977824
5,4170,12.861885
5,4185,12.74214
5,4200,12.619021
5,4215,12.492981
5,4230,12.364385
5,4245,12.233592
5,4260,12.100942
5,4275,11.966719
5,4290,11.831215
5,4305,11.694686
5,4320,11.557353
5,4335,11.434918
5,4350,11.359551
5,4365,11.327638
5,4380,11.333975
5,4395,11.375036
5,4410,11.447828
5,4425,11.549638
5,4440,11.677964
5,4455,11.830466
5,4470,12.004938
5,4485,12.199332
5,4500,12.411754
5,4515,12.64045
5,4530,12.883772
5,4545,13.120622
5,4560,13.32115
5,4575,13.489172
5,4590,13.628601
5,4605,13.741951
5,4620,13.831279
5,4635,13.898447
5,4650,13.94519
5,4665,13.973152
5,4680,13.983861
5,4695,13.978819
5,4710,13.959305
5,4725,13.9266205
5,4740,13.881919
5,4755,13.826216
5,4770,13.760572
5,4785,13.68587
5,4800,13.602956
5,4815,13.512646
5,4830,13.415631
5,4845,13.3126135
5,4860,13.204216
5,4875,13.090985
5,4890,12.97349
5,4905,12.852203
5,4920,12.727575
5,4935,12.600042
5,4950,12.469971
5,4965,12.3377285
5,4980,12.203647
5,4995,12.068009
5,5010,11.931115
5,5025,11.793211
5,5040,11.654526
5,5055,11.530756
5,5070,11.454073
5,5085,11.420862
5,5100,11.425919
5,5115,11.465718
5,5130,11.537267
5,5145,11.63785
5,5160,11.764967
5,5175,11.916277
5,5190,12.089573
5,5205,12.282809
5,5220,12.494088
5,5235,12.721659
5,5250,12.96387
5,5265,13.199626
5,5280,13.399075
5,5295,13.566033
5,5310,13.704413
5,5325,13.816729
5,5340,13.905038
5,5355,13.9712
5,5370,14.0169525
5,5385,14.043935
5,5400,14.05368
5,5415,14.047688
5,5430,14.027233
5,5445,13.993625
5,5460,13.94801
5,5475,13.891406
5,5490,13.824877
5,5505,13.749296
5,5520,13.665521
5,5535,13.574361
5,5550,13.476504
5,5565,13.372661
5,5580,13.263447
5,5595,13.149409
5,5610,13.031121
5,5625,12.90905
5,5640,12.78365
5,5655,12.655356
5,5670,12.524531
5,5685,12.39155
5,5700,12.256737
5,5715,12.1203785
5,5730,11.982774
5,5745,11.844166
5,5760,11.704791
5,5775,11.5803385
5,5790,11.502983
5,5805,11.469109
5,5820,11.473511
5,5835,11.512666
5,5850,11.583578
5,5865,11.683533
5,5880,11.810031
5,5895,11.960731
5,5910,12.133426
5,5925,12.32607
5,5940,12.536763
5,5955,12.763757
5,5970,13.005399
5,5985,13.240594
5,6000,13.43949
5,6015,13.605904
5,6030,13.743746
5,6045,13.855531
5,6060,13.943316
5,6075,14.008964
5,6090,14.054208
5,6105,14.0806875
5,6120,14.089938
5,6135,14.083457
5,6150,14.06252
5,6165,14.028437
5,6180,13.982354
5,6195,13.925286
5,6210,13.858301
5,6225,13.78227
5,6240,13.698051
5,6255,13.606454
5,6270,13.508165
5,6285,13.403896
5,6300,13.294263
5,6315,13.1798115
5,6330,13.061114
5,6345,12.938639
5,6360,12.812843
5,6375,12.684156
5,6390,12.552944
5,6405,12.419581
5,6420,12.284391
5,6435,12.147661
5,6450,12.009691
5,6465,11.870721
5,6480,11.730989
5,6495,11.590718
5,6510,11.450092
5,6525,11.309304
5,6540,11.168518
5,6555,11.027877
5,6570,10.88753
5,6585,10.747599
5,6600,10.608198
5,6615,10.469437
5,6630,10.331404
5,6645,10.19419
5,6660,10.057874
5,6675,9.92252
5,6690,9.788198
5,6705,9.654962
5,6720,9.5228615
5,6735,9.391945
5,6750,9.262249
5,6765,9.133811
5,6780,9.006661
5,6795,8.880826
5,6810,8.75633
5,6825,8.63319
5,6840,8.511426
5,6855,8.391049
5,6870,8.272071
5,6885,8.154501
5,6900,8.038344
5,6915,7.9236045
5,6930,7.8102856
5,6945,7.6983867
5,6960,7.587907
5,6975,7.4788446
5,6990,7.371195
5,7005,7.264953
5,7020,7.1601133
5,7035,7.0566673
5,7050,6.9546084
5,7065,6.853927
5,7080,6.7546134
5,7095,6.6566577
5,7110,6.5600486
5,7125,6.464775
5,7140,6.3708243
5,7155,6.278185
5,7170,6.186844
5,7185,6.0967884
5,7200,6.0080047
6,0,0
6,3,0.00020435237
6,6,0.001439999
6,9,0.004280185
6,12,0.008981177
6,15,0.01561581
6,18,0.024167297
6,21,0.034581017
6,24,0.04679099
6,27,0.060731404
6,30,0.076340854
6,33,0.093563944
6,36,0.112351015
6,39,0.13265751
6,42,0.15444316
6,45,0.17767116
6,48,0.20230736
6,51,0.22831964
6,54,0.25567767
6,57,0.2843525
6,60,0.31431636
6,63,0.34554243
6,66,0.37800485
6,69,0.41167834
6,72,0.44653848
6,75,0.48256138
6,78,0.5197234
6,81,0.55800176
6,84,0.5973736
6,87,0.63781667
6,90,0.6793092
6,93,0.7218295
6,96,0.76535654
6,99,0.8098696
6,102,0.85534817
6,105,0.90177226
6,108,0.9491222
6,111,0.99737775
6,114,1.0465202
6,117,1.0965309
6,120,1.1473916
6,135,1.4138094
6,150,1.6988496
6,165,2.000498
6,180,2.3168936
6,195,2.6463196
6,210,2.9871643
6,225,3.318294
6,240,3.6125731
6,255,3.8743255
6,270,4.1074486
6,285,4.314522
6,300,4.497644
6,315,4.6586995
6,330,4.799409
6,345,4.9213696
6,360,5.0260715
6,375,5.1148987
6,390,5.1891317
6,405,5.24996
6,420,5.2984858
6,435,5.3357353
6,450,5.36265
6,465,5.38011
6,480,5.38893
6,495,5.38986
6,510,5.383599
6,525,5.3707933
6,540,5.352038
6,555,5.327886
6,570,5.298849
6,585,5.2653985
6,600,5.2279744
6,615,5.186971
6,630,5.142773
6,645,5.095713
6,660,5.0461016
6,675,4.9942403
6,690,4.9403863
6,705,4.884792
6,720,4.8276854
6,735,4.784883
6,750,4.7861238
6,765,4.827035
6,780,4.9025054
6,795,5.0089955
6,810,5.143521
6,825,5.3034277
6,840,5.486276
6,855,5.6898217
6,870,5.911971
6,885,6.1507936
6,900,6.404515
6,915,6.671488
6,930,6.9501686
6,945,7.2195086
6,960,7.45234
6,975,7.653101
6,990,7.825726
6,1005,7.9728084
6,1020,8.096483
6,1035,8.198671
6,1050,8.281118
6,1065,8.345442
6,1080,8.393148
6,1095,8.425638
6,1110,8.444212
6,1125,8.450071
6,1140,8.444329
6,1155,8.428017
6,1170,8.402087
6,1185,8.367428
6,1200,8.324854
6,1215,8.275123
6,1230,8.218934
6,1245,8.156939
6,1260,8.089726
6,1275,8.017857
6,1290,7.941824
6,1305,7.862109
6,1320,7.7791295
6,1335,7.693296
6,1350,7.6049643
6,1365,7.514482
6,1380,7.422152
6,1395,7.328268
6,1410,7.2330856
6,1425,7.1368523
6,1440,7.039783
6,1455,6.957693
6,1470,6.9202914
6,1485,6.923224
6,1500,6.961381
6,1515,7.031188
6,1530,7.129673
6,1545,7.254167
6,1560,7.4022293
6,1575,7.5715957
6,1590,7.7601705
6,1605,7.9660172
6,1620,8.187348
6,1635,8.422513
6,1650,8.669955
6,1665,8.908621
6,1680,9.111318
6,1695,9.282487
6,1710,9.42605
6,1725,9.544593
6,1740,9.640235
6,1755,9.714886
6,1770,9.7702875
6,1785,9.808052
6,1800,9.829679
6,1815,9.836558
6,1830,9.829982
6,1845,9.811141
6,1860,9.781141
6,1875,9.741004
6,1890,9.691676
6,1905,9.634037
6,1920,9.568894
6,1935,9.496999
6,1950,9.419043
6,1965,9.335664
6,1980,9.247454
6,1995,9.15496
6,2010,9.058676
6,2025,8.959075
6,2040,8.856571
6,2055,8.751559
6,2070,8.6444
6,2085,8.535418
6,2100,8.424923
6,2115,8.313196
6,2130,8.200492
6,2145,8.08705
6,2160,7.973086
6,2175,7.874413
6,2190,7.8207273
6,2205,7.807674
6,2220,7.830132
6,2235,7.884527
6,2250,7.9678807
6,2265,8.07752
6,2280,8.210999
6,2295,8.366049
6,2310,8.540568
6,2325,8.732617
6,2340,8.940404
6,2355,9.1622715
6,2370,9.396662
6,2385,9.622515
6,2400,9.81263
6,2415,9.971449
6,2430,10.102884
6,2445,10.209521
6,2460,10.29347
6,2475,10.35664
6,2490,10.400768
6,2505,10.427462
6,2520,10.438215
6,2535,10.434419
6,2550,10.417356
6,2565,10.388218
6,2580,10.348106
6,2595,10.298038
6,2610,10.238956
6,2625,10.171738
6,2640,10.097185
6,2655,10.016048
6,2670,9.929016
6,2685,9.836722
6,2700,9.739755
6,2715,9.638658
6,2730,9.533929
6,2745,9.426025
6,2760,9.315376
6,2775,9.202357
6,2790,9.0873375
6,2805,8.970636
6,2820,8.852557
6,2835,8.73338
6,2850,8.613359
6,2865,8.492726
6,2880,8.371701
6,2895,8.266091
6,2910,8.205592
6,2925,8.185848
6,2940,8.2017355
6,2955,8.249677
6,2970,8.326693
6,2985,8.430109
6,3000,8.557476
6,3015,8.706524
6,3030,8.875151
6,3045,9.061413
6,3060,9.263516
6,3075,9.479804
6,3090,9.7087145
6,3105,9.929188
6,3120,10.114017
6,3135,10.267647
6,3150,10.393985
6,3165,10.495615
6,3180,10.574647
6,3195,10.632985
6,3210,10.672368
6,3225,10.694401
6,3240,10.700576
6,3255,10.69228
6,3270,10.670798
6,3285,10.63732
6,3300,10.592942
6,3315,10.538683
6,3330,10.475487
6,3345,10.404222
6,3360,10.325696
6,3375,10.240656
6,3390,10.149786
6,3405,10.053722
6,3420,9.953052
6,3435,9.848314
6,3450,9.74001
6,3465,9.6285925
6,3480,9.514491
6,3495,9.398081
6,3510,9.279728
6,3525,9.159753
6,3540,9.038456
6,3555,8.916117
6,3570,8.79299
6,3585,8.669304
6,3600,8.545277
6,3615,8.436719
6,3630,8.3733225
6,3645,8.350733
6,3660,8.363823
6,3675,8.409018
6,3690,8.483335
6,3705,8.5841
6,3720,8.708862
6,3735,8.855351
6,3750,9.021463
6,3765,9.205256
6,3780,9.404935
6,3795,9.618839
6,3810,9.845409
6,3825,10.063583
6,3840,10.246153
6,3855,10.397563
6,3870,10.52172
6,3885,10.621208
6,3900,10.698133
6,3915,10.754403
6,3930,10.791752
6,3945,10.811787
6,3960,10.815998
6,3975,10.805773
6,3990,10.782393
6,4005,10.747051
6,4020,10.700841
6,4035,10.644781
6,4050,10.579815
6,4065,10.506811
6,4080,10.426575
6,4095,10.339854
6,4110,10.247333
6,4125,10.149645
6,4140,10.047379
6,4155,9.9410715
6,4170,9.831225
6,4185,9.71829
6,4200,9.602698
6,4215,9.484825
6,4230,9.36503
6,4245,9.243641
6,4260,9.120953
6,4275,8.997246
6,4290,8.872774
6,4305,8.7477665
6,4320,8.622439
6,4335,8.512604
6,4350,8.447951
6,4365,8.424127
6,4380,8.436004
6,4395,8.480006
6,4410,8.553151
6,4425,8.652764
6,4440,8.776395
6,4455,8.921771
6,4470,9.086791
6,4485,9.269509
6,4500,9.468132
6,4515,9.680999
6,4530,9.9065485
6,4545,10.12372
6,4560,10.3053055
6,4575,10.455747
6,4590,10.578952
6,4605,10.677505
6,4620,10.75351
6,4635,10.808875
6,4650,10.845336
6,4665,10.864496
6,4680,10.867848
6,4695,10.856778
6,4710,10.832568
6,4725,10.79641
6,4740,10.749396
6,4755,10.692547
6,4770,10.626804
6,4785,10.553037
6,4800,10.472051
6,4815,10.384591
6,4830,10.291344
6,4845,10.192943
6,4860,10.089973
6,4875,9.982976
6,4890,9.872451
6,4905,9.758848
6,4920,9.6426
6,4935,9.524081
6,4950,9.403651
6,4965,9.281638
6,4980,9.158336
6,4995,9.034024
6,5010,8.908958
6,5025,8.783367
6,5040,8.657465
6,5055,8.547065
6,5070,8.481856
6,5085,8.457485
6,5100,8.468825
6,5115,8.5123
6,5130,8.584926
6,5145,8.684028
6,5160,8.807156
6,5175,8.952039
6,5190,9.116572
6,5205,9.298814
6,5220,9.496966
6,5235,9.7093725
6,5250,9.934468
6,5265,10.151195
6,5280,10.332341
6,5295,10.482351
6,5310,10.605133
6,5325,10.703268
6,5340,10.778864
6,5355,10.833825
6,5370,10.869889
6,5385,10.8886595
6,5400,10.891628
6,5415,10.88018
6,5430,10.855598
6,5445,10.819075
6,5460,10.771702
6,5475,10.714499
6,5490,10.64841
6,5505,10.5743
6,5520,10.492976
6,5535,10.405187
6,5550,10.311613
6,5565,10.212892
6,5580,10.109608
6,5595,10.002299
6,5610,9.891469
6,5625,9.777566
6,5640,9.661022
6,5655,9.542213
6,5670,9.421497
6,5685,9.299203
6,5700,9.175624
6,5715,9.051041
6,5730,8.925707
6,5745,8.799851
6,5760,8.67369
6,5775,8.563034
6,5790,8.497576
6,5805,8.472958
6,5820,8.484055
6,5835,8.527289
6,5850,8.59968
6,5865,8.698551
6,5880,8.821452
6,5895,8.966111
6,5910,9.1304245
6,5925,9.312449
6,5940,9.510389
6,5955,9.722586
6,5970,9.947476
6,5985,10.164
6,6000,10.344946
6,6015,10.4947605
6,6030,10.61735
6,6045,10.715295
6,6060,10.790704
6,6075,10.845482
6,6090,10.881365
6,6105,10.899957
6,6120,10.90275
6,6135,10.89113
6,6150,10.86638
6,6165,10.829688
6,6180,10.782152
6,6195,10.724788
6,6210,10.658539
6,6225,10.584272
6,6240,10.502795
6,6255,10.414853
6,6270,10.321131
6,6285,10.222262
6,6300,10.1188345
6,6315,10.011384
6,6330,9.9004135
6,6345,9.786372
6,6360,9.669693
6,6375,9.550751
6,6390,9.429904
6,6405,9.307479
6,6420,9.183773
6,6435,9.059065
6,6450,8.933608
6,6465,8.807631
6,6480,8.68135
6,6495,8.554959
6,6510,8.428634
6,6525,8.302534
6,6540,8.176807
6,6555,8.051583
6,6570,7.926984
6,6585,7.8031163
6,6600,7.6800776
6,6615,7.5579543
6,6630,7.436827
6,6645,7.3167696
6,6660,7.197843
6,6675,7.0800962
6,6690,6.9635863
6,6705,6.8483634
6,6720,6.734467
6,6735,6.621923
6,6750,6.510764
6,6765,6.4010134
6,6780,6.2926884
6,6795,6.185803
6,6810,6.0803704
6,6825,5.9764004
6,6840,5.8738985
6,6855,5.7728696
6,6870,5.6733155
6,6885,5.575239
6,6900,5.478636
6,6915,5.383504
6,6930,5.289839
6,6945,5.197633
6,6960,5.1068773
6,6975,5.017564
6,6990,4.929681
6,7005,4.8432164
6,7020,4.758159
6,7035,4.674495
6,7050,4.592211
6,7065,4.5112915
6,7080,4.4317226
6,7095,4.353489
6,7110,4.276575
6,7125,4.2009645
6,7140,4.126641
6,7155,4.0535874
6,7170,3.981788
6,7185,3.9112246
6,7200,3.8418803
7,0,0
7,3,0.00017061789
7,6,0.0012613321
7,9,0.003843875
7,12,0.008213796
7,15,0.014491098
7,18,0.022697812
7,21,0.03280626
7,24,0.044766575
7,27,0.058521133
7,30,0.07401133
7,33,0.09118092
7,36,0.10997712
7,39,0.13035099
7,42,0.15225711
7,45,0.17565316
7,48,0.20049945
7,51,0.22675847
7,54,0.25439453
7,57,0.2833735
7,60,0.3136626
7,63,0.3452301
7,66,0.37804553
7,69,0.41207892
7,72,0.44730172
7,75,0.48368543
7,78,0.52120274
7,81,0.5598264
7,84,0.5995299
7,87,0.64028734
7,90,0.68207294
7,93,0.72486186
7,96,0.76862943
7,99,0.8133515
7,102,0.8590045
7,105,0.905565
7,108,0.95300967
7,111,1.0013162
7,114,1.0504628
7,117,1.100428
7,120,1.1511909
7,135,1.4162304
7,150,1.6981928
7,165,1.99479
7,180,2.303924
7,195,2.6236777
7,210,2.952278
7,225,3.269753
7,240,3.5472827
7,255,3.7878628
7,270,3.9958475
7,285,4.174394
7,300,4.3261247
7,315,4.453364
7,330,4.558255
7,345,4.6427765
7,360,4.7087536
7,375,4.7578764
7,390,4.7917094
7,405,4.811698
7,420,4.8191757
7,435,4.8153677
7,450,4.801405
7,465,4.77833
7,480,4.7471023
7,495,4.708602
7,510,4.6636395
7,525,4.61296
7,540,4.55725
7,555,4.4971347
7,570,4.4331803
7,585,4.3659286
7,600,4.2958307
7,615,4.223338
7,630,4.1488433
7,645,4.0726967
7,660,3.9952424
7,675,3.9167771
7,690,3.8375735
7,705,3.7578835
7,720,3.6779377
7,735,3.6124294
7,750,3.5920937
7,765,3.614171
7,780,3.6730711
7,795,3.764573
7,810,3.8851333
7,825,4.031608
7,840,4.2011256
7,855,4.391035
7,870,4.5989084
7,885,4.822519
7,900,5.059825
7,915,5.3089542
7,930,5.5681686
7,945,5.8175163
7,960,6.0282187
7,975,6.203268
7,990,6.3470225
7,1005,6.462664
7,1020,6.552804
7,1035,6.619785
7,1050,6.665743
7,1065,6.6926436
7,1080,6.7023063
7,1095,6.696417
7,1110,6.6765304
7,1125,6.6440783
7,1140,6.600378
7,1155,6.546648
7,1170,6.4839983
7,1185,6.413456
7,1200,6.3359613
7,1215,6.252371
7,1230,6.1634803
7,1245,6.0700088
7,1260,5.972619
7,1275,5.8719187
7,1290,5.7684546
7,1305,5.6627326
7,1320,5.555214
7,1335,5.4463177
7,1350,5.3364058
7,1365,5.225847
7,1380,5.114931
7,1395,5.00392
7,1410,4.893094
7,1425,4.782657
7,1440,4.6728067
7,1455,4.578218
7,1470,4.529627
7,1485,4.524252
7,1500,4.5564857
7,1515,4.6220875
7,1530,4.717495
7,1545,4.8395414
7,1560,4.9853425
7,1575,5.1522274
7,1590,5.3377476
7,1605,5.5396585
7,1620,5.7558994
7,1635,5.984584
7,1650,6.223955
7,1665,6.4540462
7,1680,6.646057
7,1695,6.802964
7,1710,6.929111
7,1725,7.0276637
7,1740,7.1012173
7,1755,7.152099
7,1770,7.1824336
7,1785,7.194173
7,1800,7.1891212
7,1815,7.168951
7,1830,7.1352043
7,1845,7.089301
7,1860,7.032547
7,1875,6.966143
7,1890,6.891194
7,1905,6.8087144
7,1920,6.7196383
7,1935,6.6248164
7,1950,6.5250263
7,1965,6.4209843
7,1980,6.3133335
7,1995,6.2026772
7,2010,6.0895495
7,2025,5.9744506
7,2040,5.857826
7,2055,5.7400856
7,2070,5.6215997
7,2085,5.5027
7,2100,5.3836975
7,2115,5.2648573
7,2130,5.1464205
7,2145,5.028619
7,2160,4.9116306
7,2175,4.810108
7,2190,4.75479
7,2205,4.7428885
7,2220,4.7687907
7,2235,4.8282504
7,2250,4.9177003
7,2265,5.033967
7,2280,5.174161
7,2295,5.3356075
7,2310,5.5158525
7,2325,5.712646
7,2340,5.9239235
7,2355,6.147793
7,2370,6.3824935
7,2385,6.6080537
7,2400,6.795669
7,2415,6.948311
7,2430,7.07032
7,2445,7.1648574
7,2460,7.2345147
7,2475,7.2816157
7,2490,7.308281
7,2505,7.3164597
7,2520,7.307953
7,2535,7.2844286
7,2550,7.2474265
7,2565,7.198364
7,2580,7.1385436
7,2595,7.069163
7,2610,6.991324
7,2625,6.906039
7,2640,6.814241
7,2655,6.7167745
7,2670,6.6144204
7,2685,6.507886
7,2700,6.3978176
7,2715,6.2848144
7,2730,6.1694074
7,2745,6.0520964
7,2760,5.9333234
7,2775,5.813498
7,2790,5.692986
7,2805,5.572119
7,2820,5.4512057
7,2835,5.330512
7,2850,5.210273
7,2865,5.090722
7,2880,4.9720387
7,2895,4.8688674
7,2910,4.8119483
7,2925,4.798493
7,2940,4.8228855
7,2955,4.88088
7,2970,4.968907
7,2985,5.0837917
7,3000,5.222645
7,3015,5.3827887
7,3030,5.561769
7,3045,5.757334
7,3060,5.967419
7,3075,6.19013
7,3090,6.423707
7,3105,6.648175
7,3120,6.8347297
7,3135,6.986341
7,3150,7.107349
7,3165,7.200914
7,3180,7.2696266
7,3195,7.3158092
7,3210,7.3415823
7,3225,7.348894
7,3240,7.339545
7,3255,7.315202
7,3270,7.277404
7,3285,7.2275677
7,3300,7.1669955
7,3315,7.096884
7,3330,7.0183344
7,3345,6.9323587
7,3360,6.8398886
7,3375,6.741769
7,3390,6.63878
7,3405,6.531628
7,3420,6.42096
7,3435,6.3073726
7,3450,6.1913977
7,3465,6.073535
7,3480,5.9542246
7,3495,5.833877
7,3510,5.712857
7,3525,5.591496
7,3540,5.4701014
7,3555,5.34894
7,3570,5.228245
7,3585,5.1082516
7,3600,4.9891376
7,3615,4.8855476
7,3630,4.828221
7,3645,4.8143687
7,3660,4.838376
7,3675,4.8959947
7,3690,4.9836564
7,3705,5.098186
7,3720,5.2366934
7,3735,5.3965006
7,3750,5.575154
7,3765,5.7704005
7,3780,5.9801755
7,3795,6.202585
7,3810,6.435868
7,3825,6.6600504
7,3840,6.846327
7,3855,6.9976673
7,3870,7.118412
7,3885,7.21172
7,3900,7.280183
7,3915,7.326122
7,3930,7.351658
7,3945,7.3587384
7,3960,7.349164
7,3975,7.324602
7,3990,7.2865906
7,4005,7.236546
7,4020,7.1757708
7,4035,7.105461
7,4050,7.026719
7,4065,6.9405556
7,4080,6.8479023
7,4095,6.749604
7,4110,6.6464415
7,4125,6.5391197
7,4140,6.4282866
7,4155,6.3145375
7,4170,6.1984053
7,4185,6.080389
7,4200,5.960929
7,4215,5.8404355
7,4230,5.719273
7,4245,5.5977736
7,4260,5.476243
7,4275,5.3549495
7,4290,5.2341256
7,4305,5.1140065
7,4320,4.99477
7,4335,4.89106
7,4350,4.8336163
7,4365,4.81965
7,4380,4.843546
7,4395,4.9010563
7,4410,4.988612
7,4425,5.1030383
7,4440,5.2414446
7,4455,5.4011536
7,4470,5.5797105
7,4485,5.7748637
7,4500,5.984547
7,4515,6.206867
7,4530,6.440063
7,4545,6.6641603
7,4560,6.8503532
7,4575,7.0016127
7,4590,7.1222777
7,4605,7.2155085
7,4620,7.2838955
7,4635,7.329761
7,4650,7.3552246
7,4665,7.362234
7,4680,7.352591
7,4695,7.327962
7,4710,7.289884
7,4725,7.239775
7,4740,7.1789365
7,4755,7.108566
7,4770,7.029763
7,4785,6.9435406
7,4800,6.8508296
7,4815,6.7524753
7,4830,6.6492577
7,4845,6.541882
7,4860,6.430996
7,4875,6.317195
7,4890,6.2010126
7,4905,6.082947
7,4920,5.9634385
7,4935,5.8428974
7,4950,5.7216883
7,4965,5.600144
7,4980,5.478569
7,4995,5.357232
7,5010,5.2363653
7,5025,5.1162047
7,5040,4.9969277
7,5055,4.8931775
7,5070,4.835695
7,5085,4.8216906
7,5100,4.845549
7,5115,4.903023
7,5130,4.9905424
7,5145,5.1049337
7,5160,5.243305
7,5175,5.402981
7,5190,5.581505
7,5205,5.7766256
7,5220,5.9862776
7,5235,6.2085667
7,5250,6.441732
7,5265,6.665799
7,5280,6.8519635
7,5295,7.0031943
7,5310,7.1238317
7,5325,7.217035
7,5340,7.285395
7,5355,7.331234
7,5370,7.356672
7,5385,7.3636565
7,5400,7.3539886
7,5415,7.3293347
7,5430,7.2912335
7,5445,7.2411013
7,5460,7.1802397
7,5475,7.1098466
7,5490,7.0310216
7,5505,6.944778
7,5520,6.8520455
7,5535,6.75367
7,5550,6.650432
7,5565,6.5430365
7,5580,6.4321303
7,5595,6.3183107
7,5610,6.202109
7,5625,6.084025
7,5640,5.964498
7,5655,5.8439393
7,5670,5.722713
7,5685,5.601151
7,5700,5.479559
7,5715,5.3582053
7,5730,5.237323
7,5745,5.1171455
7,5760,4.997853
7,5775,4.894088
7,5790,4.83659
7,5805,4.8225703
7,5820,4.846414
7,5835,4.903874
7,5850,4.9913793
7,5865,5.1057568
7,5880,5.244115
7,5895,5.403777
7,5910,5.582288
7,5925,5.777396
7,5940,5.9870353
7,5955,6.209312
7,5970,6.4424653
7,5985,6.6665206
7,6000,6.8526735
7,6015,7.003893
7,6030,7.124519
7,6045,7.217711
7,6060,7.2860603
7,6075,7.331888
7,6090,7.3573155
7,6105,7.36429
7,6120,7.354612
7,6135,7.3299484
7,6150,7.2918367
7,6165,7.241695
7,6180,7.1808243
7,6195,7.1104217
7,6210,7.0315876
7,6225,6.945335
7,6240,6.8525934
7,6255,6.7542095
7,6270,6.650963
7,6285,6.5435586
7,6300,6.432645
7,6315,6.3188167
7,6330,6.202607
7,6345,6.084515
7,6360,5.9649806
7,6375,5.844414
7,6390,5.7231803
7,6405,5.601611
7,6420,5.480012
7,6435,5.358651
7,6450,5.237761
7,6465,5.1175776
7,6480,4.9982777
7,6495,4.8800297
7,6510,4.762998
7,6525,4.6473083
7,6540,4.533078
7,6555,4.420416
7,6570,4.3094125
7,6585,4.2001433
7,6600,4.092677
7,6615,3.9870737
7,6630,3.883373
7,6645,3.781616
7,6660,3.6818314
7,6675,3.584039
7,6690,3.4882538
7,6705,3.3944845
7,6720,3.3027346
7,6735,3.2130032
7,6750,3.125284
7,6765,3.0395682
7,6780,2.9558446
7,6795,2.8740952
7,6810,2.7943037
7,6825,2.716449
7,6840,2.6405067
7,6855,2.566453
7,6870,2.4942608
7,6885,2.4239013
7,6900,2.3553457
7,6915,2.2885628
7,6930,2.223522
7,6945,2.1601908
7,6960,2.0985367
7,6975,2.0385268
7,6990,1.9801284
7,7005,1.9233072
7,7020,1.8680302
7,7035,1.8142636
7,7050,1.7619737
7,7065,1.7111272
7,7080,1.6616905
7,7095,1.6136305
7,7110,1.5669147
7,7125,1.5215101
7,7140,1.4773849
7,7155,1.4345074
7,7170,1.392846
7,7185,1.3523701
7,7200,1.3130494
8,0,0
8,3,0.00019271081
8,6,0.0014154621
8,9,0.0042959643
8,12,0.009144738
8,15,0.016077196
8,18,0.025104906
8,21,0.036190685
8,24,0.04927702
8,27,0.064301215
8,30,0.081201434
8,33,0.099919565
8,36,0.120401815
8,39,0.1425987
8,42,0.16646455
8,45,0.19195692
8,48,0.21903598
8,51,0.24766399
8,54,0.27780494
8,57,0.30942437
8,60,0.34248903
8,63,0.37696669
8,66,0.41282627
8,69,0.45003718
8,72,0.48857006
8,75,0.52839583
8,78,0.5694861
8,81,0.61181307
8,84,0.65534925
8,87,0.70006776
8,90,0.74594206
8,93,0.7929462
8,96,0.84105474
8,99,0.8902424
8,102,0.94048464
8,105,0.99175715
8,108,1.0440358
8,111,1.097297
8,114,1.1515177
8,117,1.2066756
8,120,1.2627486
8,135,1.5560703
8,150,1.8691015
8,165,2.1994257
8,180,2.5448182
8,195,2.903237
8,210,3.2727818
8,225,3.6313815
8,240,3.9480827
8,255,4.22628
8,270,4.4702888
8,285,4.6832113
8,300,4.8676515
8,315,5.025941
8,330,5.1602454
8,345,5.27257
8,360,5.3647747
8,375,5.4385843
8,390,5.4956007
8,405,5.537308
8,420,5.56508
8,435,5.580182
8,450,5.583788
8,465,5.57698
8,480,5.560756
8,495,5.53604
8,510,5.5036836
8,525,5.46447
8,540,5.4191217
8,555,5.3683114
8,570,5.31264
8,585,5.252684
8,600,5.1889505
8,615,5.1219025
8,630,5.051991
8,645,4.9795966
8,660,4.9050937
8,675,4.8288164
8,690,4.7510724
8,705,4.6721416
8,720,4.592288
8,735,4.5278215
8,750,4.5119405
8,765,4.541409
8,780,4.6105633
8,795,4.715163
8,810,4.8516064
8,825,5.0166664
8,840,5.2073755
8,855,5.4209785
8,870,5.6549444
8,885,5.9069433
8,900,6.1748276
8,915,6.456621
8,930,6.7504787
8,945,7.034371
8,960,7.2774005
8,975,7.4829774
8,990,7.6554418
8,1005,7.797935
8,1020,7.9130654
8,1035,8.003198
8,1050,8.070505
8,1065,8.116999
8,1080,8.144541
8,1095,8.154866
8,1110,8.149577
8,1125,8.130158
8,1140,8.097979
8,1155,8.0543
8,1170,8.000291
8,1185,7.93703
8,1200,7.865505
8,1215,7.7866316
8,1230,7.7012434
8,1245,7.610113
8,1260,7.5139494
8,1275,7.413404
8,1290,7.309075
8,1305,7.2015123
8,1320,7.0912175
8,1335,6.978649
8,1350,6.864227
8,1365,6.7483325
8,1380,6.631315
8,1395,6.513494
8,1410,6.395154
8,1425,6.2765613
8,1440,6.157958
8,1455,6.055635
8,1470,6.0027814
8,1485,5.996147
8,1500,6.0300484
8,1515,6.1002297
8,1530,6.203081
8,1545,6.3353453
8,1560,6.4940295
8,1575,6.676386
8,1590,6.879876
8,1605,7.1021414
8,1620,7.3410077
8,1635,7.594484
8,1650,7.8607154
8,1665,8.117657
8,1680,8.33439
8,1695,8.51431
8,1710,8.661742
8,1725,8.779814
8,1740,8.871117
8,1755,8.938001
8,1770,8.982626
8,1785,9.006992
8,1800,9.012949
8,1815,9.002212
8,1830,8.976374
8,1845,8.936907
8,1860,8.885168
8,1875,8.82241
8,1890,8.749785
8,1905,8.668362
8,1920,8.579121
8,1935,8.482964
8,1950,8.380717
8,1965,8.273142
8,1980,8.160934
8,1995,8.044736
8,2010,7.9251366
8,2025,7.802674
8,2040,7.677844
8,2055,7.551096
8,2070,7.422843
8,2085,7.2934575
8,2100,7.1632805
8,2115,7.032622
8,2130,6.9017625
8,2145,6.7709575
8,2160,6.640436
8,2175,6.5264883
8,2190,6.4622965
8,2205,6.444604
8,2220,6.46772
8,2235,6.5273833
8,2250,6.619977
8,2265,6.742238
8,2280,6.8911667
8,2295,7.0640097
8,2310,7.258223
8,2325,7.471443
8,2340,7.70149
8,2355,7.9463654
8,2370,8.204209
8,2385,8.452971
8,2400,8.661728
8,2415,8.833867
8,2430,8.973712
8,2445,9.084381
8,2460,9.168465
8,2475,9.228305
8,2490,9.26606
8,2505,9.283725
8,2520,9.283142
8,2535,9.266026
8,2550,9.233965
8,2565,9.188425
8,2580,9.130762
8,2595,9.062223
8,2610,8.983959
8,2625,8.897032
8,2640,8.802422
8,2655,8.701025
8,2670,8.593667
8,2685,8.481103
8,2700,8.36403
8,2715,8.243081
8,2730,8.118846
8,2745,7.99186
8,2760,7.8626146
8,2775,7.731558
8,2790,7.5990996
8,2805,7.4656105
8,2820,7.3314295
8,2835,7.196863
8,2850,7.0621905
8,2865,6.9276648
8,2880,6.793512
8,2895,6.6760187
8,2910,6.608367
8,2925,6.5872984
8,2940,6.6071196
8,2955,6.6635685
8,2970,6.753025
8,2985,6.8722258
8,3000,7.0181675
8,3015,7.188096
8,3030,7.3794656
8,3045,7.5899115
8,3060,7.8172517
8,3075,8.059485
8,3090,8.314752
8,3105,8.560999
8,3120,8.767301
8,3135,8.937044
8,3150,9.074551
8,3165,9.182939
8,3180,9.264793
8,3195,9.322459
8,3210,9.35809
8,3225,9.373682
8,3240,9.371077
8,3255,9.351984
8,3270,9.317994
8,3285,9.270571
8,3300,9.211068
8,3315,9.140733
8,3330,9.060715
8,3345,8.972075
8,3360,8.8757925
8,3375,8.772761
8,3390,8.66381
8,3405,8.549687
8,3420,8.431093
8,3435,8.308659
8,3450,8.182972
8,3465,8.054567
8,3480,7.9239373
8,3495,7.7915277
8,3510,7.6577477
8,3525,7.5229683
8,3540,7.387526
8,3555,7.2517285
8,3570,7.115853
8,3585,6.980152
8,3600,6.844851
8,3615,6.7262363
8,3630,6.6574893
8,3645,6.6353498
8,3660,6.654126
8,3675,6.7095537
8,3690,6.798013
8,3705,6.9162393
8,3720,7.0612297
8,3735,7.230229
8,3750,7.4206905
8,3765,7.63025
8,3780,7.8567243
8,3795,8.098112
8,3810,8.352551
8,3825,8.597992
8,3840,8.803505
8,3855,8.972478
8,3870,9.109232
8,3885,9.216884
8,3900,9.29802
8,3915,9.354982
8,3930,9.389928
8,3945,9.404848
8,3960,9.401587
8,3975,9.381853
8,3990,9.347236
8,4005,9.2992
8,4020,9.239099
8,4035,9.168178
8,4050,9.087587
8,4065,8.998387
8,4080,8.901557
8,4095,8.797991
8,4110,8.688516
8,4125,8.573882
8,4140,8.454787
8,4155,8.331863
8,4170,8.205699
8,4185,8.076826
8,4200,7.945738
8,4215,7.8128805
8,4230,7.678663
8,4245,7.5434546
8,4260,7.4075937
8,4275,7.271386
8,4290,7.13511
8,4305,6.9990172
8,4320,6.8633327
8,4335,6.744343
8,4350,6.675229
8,4365,6.652731
8,4380,6.671156
8,4395,6.72624
8,4410,6.8143635
8,4425,6.9322615
8,4440,7.0769305
8,4455,7.2456155
8,4470,7.4357696
8,4485,7.6450286
8,4500,7.8712087
8,4515,8.112309
8,4530,8.366467
8,4545,8.611633
8,4560,8.816876
8,4575,8.985586
8,4590,9.122083
8,4605,9.229482
8,4620,9.310371
8,4635,9.367093
8,4650,9.401801
8,4665,9.416491
8,4680,9.413002
8,4695,9.393047
8,4710,9.358212
8,4725,9.309964
8,4740,9.249655
8,4755,9.178531
8,4770,9.09774
8,4785,9.008345
8,4800,8.911324
8,4815,8.80757
8,4830,8.697911
8,4845,8.583098
8,4860,8.463827
8,4875,8.340732
8,4890,8.214397
8,4905,8.08536
8,4920,7.9541097
8,4935,7.8210936
8,4950,7.6867204
8,4965,7.55136
8,4980,7.41535
8,4995,7.2789965
8,5010,7.142577
8,5025,7.0063443
8,5040,6.8705225
8,5055,6.7513976
8,5070,6.682152
8,5085,6.6595244
8,5100,6.677823
8,5115,6.7327833
8,5130,6.8207855
8,5145,6.9385643
8,5160,7.0831165
8,5175,7.2516875
8,5190,7.44173
8,5205,7.650879
8,5220,7.876952
8,5235,8.117948
8,5250,8.372003
8,5265,8.617067
8,5280,8.822212
8,5295,8.990825
8,5310,9.127226
8,5325,9.234532
8,5340,9.3153305
8,5355,9.371963
8,5370,9.406583
8,5385,9.421186
8,5400,9.417613
8,5415,9.397575
8,5430,9.36266
8,5445,9.314333
8,5460,9.253945
8,5475,9.182744
8,5490,9.101879
8,5505,9.01241
8,5520,8.915317
8,5535,8.811493
8,5550,8.701765
8,5565,8.586884
8,5580,8.4675455
8,5595,8.344384
8,5610,8.217986
8,5625,8.088885
8,5640,7.957573
8,5655,7.8244967
8,5670,7.6900635
8,5685,7.5546446
8,5700,7.418577
8,5715,7.2821674
8,5730,7.145693
8,5745,7.0094056
8,5760,6.873531
8,5775,6.754354
8,5790,6.6850567
8,5805,6.6623793
8,5820,6.6806283
8,5835,6.7355404
8,5850,6.823495
8,5865,6.9412274
8,5880,7.085734
8,5895,7.25426
8,5910,7.444258
8,5925,7.6533647
8,5940,7.879395
8,5955,8.120349
8,5970,8.374364
8,5985,8.619388
8,6000,8.824493
8,6015,8.993068
8,6030,9.129431
8,6045,9.2367
8,6060,9.317462
8,6075,9.374058
8,6090,9.408644
8,6105,9.423213
8,6120,9.419605
8,6135,9.399534
8,6150,9.364587
8,6165,9.316227
8,6180,9.255808
8,6195,9.184576
8,6210,9.10368
8,6225,9.014181
8,6240,8.917059
8,6255,8.813206
8,6270,8.703449
8,6285,8.58854
8,6300,8.469175
8,6315,8.345987
8,6330,8.219563
8,6345,8.090436
8,6360,7.959098
8,6375,7.8259964
8,6390,7.691539
8,6405,7.556096
8,6420,7.420005
8,6435,7.2835717
8,6450,7.147074
8,6465,7.010764
8,6480,6.8748674
8,6495,6.7395906
8,6510,6.6051216
8,6525,6.47162
8,6540,6.339239
8,6555,6.208115
8,6570,6.078357
8,6585,5.9500756
8,6600,5.8233624
8,6615,5.6982927
8,6630,5.574939
8,6645,5.4533606
8,6660,5.333606
8,6675,5.2157187
8,6690,5.0997343
8,6705,4.9856796
8,6720,4.8735785
8,6735,4.763447
8,6750,4.6552954
8,6765,4.5491323
8,6780,4.44496
8,6795,4.3427763
8,6810,4.242577
8,6825,4.144355
8,6840,4.048097
8,6855,3.9537926
8,6870,3.8614244
8,6885,3.7709749
8,6900,3.6824253
8,6915,3.5957537
8,6930,3.5109382
8,6945,3.4279554
8,6960,3.3467798
8,6975,3.2673864
8,6990,3.1897488
8,7005,3.1138391
8,7020,3.0396304
8,7035,2.9670947
8,7050,2.8962026
8,7065,2.826926
8,7080,2.7592359
8,7095,2.6931028
8,7110,2.628498
8,7125,2.5653923
8,7140,2.503756
8,7155,2.4435608
8,7170,2.3847775
8,7185,2.3273776
8,7200,2.2713325
9,0,0
9,3,0.00013042772
9,6,0.0009798799
9,9,0.003015388
9,12,0.006480749
9,15,0.011473398
9,18,0.018009711
9,21,0.026066002
9,24,0.035601728
9,27,0.046571147
9,30,0.058928695
9,33,0.072631404
9,36,0.087639585
9,39,0.10391689
9,42,0.12142996
9,45,0.14014794
9,48,0.16004208
9,51,0.1810853
9,54,0.20325191
9,57,0.22651744
9,60,0.25085834
9,63,0.27625188
9,66,0.3026762
9,69,0.33010995
9,72,0.35853258
9,75,0.38792363
9,78,0.4182635
9,81,0.44953254
9,84,0.48171166
9,87,0.5147821
9,90,0.5487253
9,93,0.5835232
9,96,0.619158
9,99,0.65561223
9,102,0.69286865
9,105,0.7309103
9,108,0.7697205
9,111,0.8092829
9,114,0.84958124
9,117,0.89059967
9,120,0.93232256
9,135,1.1509706
9,150,1.3850118
9,165,1.6327435
9,180,1.8925927
9,195,2.1631086
9,210,2.442935
9,225,2.7162666
9,240,2.959978
9,255,3.1763618
9,270,3.3685603
9,285,3.5387487
9,300,3.6887126
9,315,3.8200312
9,330,3.9341693
9,345,4.032486
9,360,4.116241
9,375,4.1866074
9,390,4.244676
9,405,4.291463
9,420,4.327909
9,435,4.3548856
9,450,4.3732038
9,465,4.38361
9,480,4.3868
9,495,4.3834176
9,510,4.374058
9,525,4.359271
9,540,4.3395677
9,555,4.3154216
9,570,4.2872686
9,585,4.2555027
9,600,4.220512
9,615,4.182621
9,630,4.1421413
9,645,4.099377
9,660,4.0545783
9,675,4.007997
9,690,3.9598627
9,705,3.910384
9,720,3.8597515
9,735,3.8196244
9,750,3.8146856
9,765,3.842853
9,780,3.8999994
9,795,3.9831164
9,810,4.089695
9,825,4.217492
9,840,4.364447
9,855,4.5286517
9,870,4.7083435
9,885,4.9018927
9,900,5.1077914
9,915,5.324645
9,930,5.551149
9,945,5.7715635
9,960,5.9627604
9,975,6.1270976
9,990,6.267753
9,1005,6.386939
9,1020,6.4864125
9,1035,6.567821
9,1050,6.632657
9,1065,6.682264
9,1080,6.717922
9,1095,6.740834
9,1110,6.752095
9,1125,6.7527246
9,1140,6.743673
9,1155,6.725819
9,1170,6.6999793
9,1185,6.6669006
9,1200,6.6272798
9,1215,6.581758
9,1230,6.5309305
9,1245,6.4753466
9,1260,6.415515
9,1275,6.351905
9,1290,6.284947
9,1305,6.215039
9,1320,6.1425457
9,1335,6.0678034
9,1350,5.991122
9,1365,5.912786
9,1380,5.8330574
9,1395,5.7521763
9,1410,5.6703625
9,1425,5.587817
9,1440,5.5047255
9,1455,5.4327254
9,1470,5.396511
9,1485,5.3939695
9,1500,5.420987
9,1515,5.4745426
9,1530,5.552118
9,1545,5.6514583
9,1560,5.7705007
9,1575,5.907331
9,1590,6.0601745
9,1605,6.2273912
9,1620,6.407461
9,1635,6.598986
9,1650,6.8006535
9,1665,6.9966955
9,1680,7.1640425
9,1695,7.3049726
9,1710,7.422672
9,1725,7.519331
9,1740,7.5967507
9,1755,7.6565213
9,1770,7.700123
9,1785,7.728923
9,1800,7.7441916
9,1815,7.7471056
9,1830,7.7387543
9,1845,7.7201543
9,1860,7.6922474
9,1875,7.6559043
9,1890,7.611932
9,1905,7.5610747
9,1920,7.5040245
9,1935,7.4414163
9,1950,7.3738384
9,1965,7.3018374
9,1980,7.2259097
9,1995,7.1465216
9,2010,7.0640903
9,2025,6.979012
9,2040,6.891641
9,2055,6.802312
9,2070,6.7113285
9,2085,6.6189694
9,2100,6.5254936
9,2115,6.431135
9,2130,6.336109
9,2145,6.240613
9,2160,6.1448245
9,2175,6.0603795
9,2190,6.011955
9,2205,5.997456
9,2220,6.012749
9,2235,6.0548124
9,2250,6.121122
9,2265,6.209426
9,2280,6.3176494
9,2295,6.4438725
9,2310,6.5863194
9,2325,6.7433486
9,2340,6.9134393
9,2355,7.095185
9,2370,7.287267
9,2385,7.4739094
9,2400,7.6320443
9,2415,7.763945
9,2430,7.872794
9,2445,7.9607773
9,2460,8.029694
9,2475,8.081127
9,2490,8.116555
9,2505,8.137343
9,2520,8.144757
9,2535,8.13997
9,2550,8.124069
9,2565,8.098069
9,2580,8.062905
9,2595,8.019447
9,2610,7.968499
9,2625,7.9108043
9,2640,7.847048
9,2655,7.7778645
9,2670,7.7038403
9,2685,7.6255155
9,2700,7.543388
9,2715,7.4579167
9,2730,7.369529
9,2745,7.278608
9,2760,7.185518
9,2775,7.0905824
9,2790,6.9940996
9,2805,6.896352
9,2820,6.7975845
9,2835,6.6980352
9,2850,6.597916
9,2865,6.4974213
9,2880,6.396731
9,2895,6.307483
9,2910,6.2543497
9,2925,6.235234
9,2940,6.246001
9,2955,6.283626
9,2970,6.345585
9,2985,6.429623
9,3000,6.5336657
9,3015,6.6557894
9,3030,6.7942176
9,3045,6.9473066
9,3060,7.1135354
9,3075,7.291495
9,3090,7.479865
9,3105,7.6628685
9,3120,7.8174357
9,3135,7.945839
9,3150,8.051258
9,3165,8.135879
9,3180,8.201497
9,3195,8.249698
9,3210,8.281954
9,3225,8.299632
9,3240,8.303996
9,3255,8.296218
9,3270,8.277384
9,3285,8.2485075
9,3300,8.210522
9,3315,8.164297
9,3330,8.110635
9,3345,8.050278
9,3360,7.98391
9,3375,7.9121656
9,3390,7.83563
9,3405,7.7548413
9,3420,7.6702967
9,3435,7.582455
9,3450,7.4917417
9,3465,7.3985405
9,3480,7.3032126
9,3495,7.2060843
9,3510,7.1074486
9,3525,7.0075903
9,3540,6.9067526
9,3555,6.8051724
9,3570,6.70306
9,3585,6.6006107
9,3600,6.4980016
9,3615,6.406872
9,3630,6.3518925
9,3645,6.330966
9,3660,6.3399568
9,3675,6.37584
9,3690,6.436091
9,3705,6.518454
9,3720,6.620853
9,3735,6.7413654
9,3750,6.878213
9,3765,7.029752
9,3780,7.1944604
9,3795,7.3709292
9,3810,7.557837
9,3825,7.739406
9,3840,7.8925667
9,3855,8.019589
9,3870,8.123655
9,3885,8.206948
9,3900,8.271264
9,3915,8.318187
9,3930,8.34919
9,3945,8.365638
9,3960,8.368795
9,3975,8.359833
9,3990,8.339837
9,4005,8.309821
9,4020,8.270718
9,4035,8.223394
9,4050,8.168655
9,4065,8.107242
9,4080,8.039838
9,4095,7.967076
9,4110,7.8895416
9,4125,7.8077736
9,4140,7.7222676
9,4155,7.633482
9,4170,7.5418425
9,4185,7.4477334
9,4200,7.351513
9,4215,7.25351
9,4230,7.154016
9,4245,7.053315
9,4260,6.9516516
9,4275,6.8492594
9,4290,6.746351
9,4305,6.6431193
9,4320,6.5397425
9,4335,6.4478593
9,4350,6.392141
9,4365,6.370489
9,4380,6.378768
9,4395,6.413953
9,4410,6.473518
9,4425,6.555208
9,4440,6.6569476
9,4455,6.776812
9,4470,6.9130244
9,4485,7.06394
9,4500,7.2280364
9,4515,7.403905
9,4530,7.590224
9,4545,7.771215
9,4560,7.9238086
9,4575,8.050275
9,4590,8.153794
9,4605,8.23655
9,4620,8.300341
9,4635,8.346747
9,4650,8.377243
9,4665,8.393193
9,4680,8.395863
9,4695,8.38642
9,4710,8.365953
9,4725,8.335476
9,4740,8.295918
9,4755,8.24815
9,4770,8.192974
9,4785,8.131131
9,4800,8.063306
9,4815,7.99013
9,4830,7.9121895
9,4845,7.8300223
9,4860,7.7441244
9,4875,7.6549544
9,4890,7.5629377
9,4905,7.4684577
9,4920,7.3718734
9,4935,7.2735133
9,4950,7.173668
9,4965,7.0726233
9,4980,6.970621
9,4995,6.8678966
9,5010,6.764662
9,5025,6.6611104
9,5040,6.557419
9,5055,6.465227
9,5070,6.409205
9,5085,6.387255
9,5100,6.3952417
9,5115,6.4301395
9,5130,6.489423
9,5145,6.570836
9,5160,6.6723037
9,5175,6.7919016
9,5190,6.927852
9,5205,7.0785103
9,5220,7.242355
9,5235,7.4179754
9,5250,7.6040506
9,5265,7.784803
9,5280,7.9371624
9,5295,8.063398
9,5310,8.166692
9,5325,8.249226
9,5340,8.312798
9,5355,8.35899
9,5370,8.389276
9,5385,8.405019
9,5400,8.407485
9,5415,8.397843
9,5430,8.377182
9,5445,8.346512
9,5460,8.306766
9,5475,8.258812
9,5490,8.203453
9,5505,8.141432
9,5520,8.07343
9,5535,8.000082
9,5550,7.921972
9,5565,7.8396378
9,5580,7.7535763
9,5595,7.6642456
9,5610,7.5720706
9,5625,7.4774356
9,5640,7.380698
9,5655,7.2821884
9,5670,7.1821957
9,5685,7.0810065
9,5700,6.978863
9,5715,6.8759985
9,5730,6.7726264
9,5745,6.6689405
9,5760,6.5651164
9,5775,6.472794
9,5790,6.416644
9,5805,6.394569
9,5820,6.402432
9,5835,6.4372087
9,5850,6.4963727
9,5865,6.577669
9,5880,6.679022
9,5895,6.7985067
9,5910,6.934346
9,5925,7.0848956
9,5940,7.248633
9,5955,7.4241486
9,5970,7.610121
9,5985,7.7907715
9,6000,7.943031
9,6015,8.069169
9,6030,8.172366
9,6045,8.2548065
9,6060,8.318285
9,6075,8.364387
9,6090,8.394582
9,6105,8.410237
9,6120,8.412617
9,6135,8.40289
9,6150,8.382145
9,6165,8.351393
9,6180,8.311565
9,6195,8.263533
9,6210,8.208096
9,6225,8.145997
9,6240,8.077921
9,6255,8.0044985
9,6270,7.9263153
9,6285,7.8439097
9,6300,7.7577777
9,6315,7.668378
9,6330,7.5761347
9,6345,7.481433
9,6360,7.3846297
9,6375,7.2860556
9,6390,7.1859994
9,6405,7.084748
9,6420,6.9825425
9,6435,6.879618
9,6450,6.776187
9,6465,6.672442
9,6480,6.5685606
9,6495,6.464708
9,6510,6.361027
9,6525,6.2576528
9,6540,6.1547065
9,6555,6.0522957
9,6570,5.950519
9,6585,5.8494644
9,6600,5.7492113
9,6615,5.6498303
9,6630,5.5513864
9,6645,5.453935
9,6660,5.357527
9,6675,5.262207
9,6690,5.1680126
9,6705,5.0749784
9,6720,4.983133
9,6735,4.8925004
9,6750,4.803101
9,6765,4.714952
9,6780,4.6280665
9,6795,4.542455
9,6810,4.458126
9,6825,4.3750844
9,6840,4.2933326
9,6855,4.2128725
9,6870,4.133702
9,6885,4.055818
9,6900,3.9792168
9,6915,3.9038923
9,6930,3.829837
9,6945,3.7570426
9,6960,3.6854994
9,6975,3.6151974
9,6990,3.546125
9,7005,3.47827
9,7020,3.4116201
9,7035,3.346162
9,7050,3.2818818
9,7065,3.2187653
9,7080,3.1567974
9,7095,3.0959637
9,7110,3.0362487
9,7125,2.9776368
9,7140,2.9201124
9,7155,2.8636596
9,7170,2.8082623
9,7185,2.7539048
9,7200,2.7005708
10,0,0
10,3,0.0001789148
10,6,0.0012979805
10,9,0.0039080987
10,12,0.008277328
10,15,0.014501086
10,18,0.022581942
10,21,0.03247788
10,24,0.044129312
10,27,0.05747259
10,30,0.07244587
10,33,0.08899188
10,36,0.10705843
10,39,0.12659827
10,42,0.14756846
10,45,0.16992958
10,48,0.19364506
10,51,0.2186807
10,54,0.24500413
10,57,0.2725846
10,60,0.30139247
10,63,0.33139944
10,66,0.36257797
10,69,0.39490137
10,72,0.42834356
10,75,0.46287903
10,78,0.49848267
10,81,0.53512996
10,84,0.5727967
10,87,0.61145926
10,90,0.6510945
10,93,0.6916795
10,96,0.7331917
10,99,0.77560925
10,102,0.8189102
10,105,0.86307317
10,108,0.9080772
10,111,0.95390147
10,114,1.0005256
10,117,1.0479294
10,120,1.0960934
10,135,1.3476453
10,150,1.6154174
10,165,1.897285
10,180,2.1912963
10,195,2.4956708
10,210,2.80875
10,225,3.1107128
10,240,3.3745697
10,255,3.6042051
10,270,3.8037944
10,285,3.9761667
10,300,4.1236444
10,315,4.248314
10,330,4.3521166
10,345,4.4368534
10,360,4.5041947
10,375,4.555691
10,390,4.5927796
10,405,4.61679
10,420,4.6289506
10,435,4.6303945
10,450,4.6221647
10,465,4.6052256
10,480,4.5804667
10,495,4.5487046
10,510,4.5106916
10,525,4.4671206
10,540,4.4186335
10,555,4.3658104
10,570,4.3091836
10,585,4.2492576
10,600,4.186455
10,615,4.1212068
10,630,4.053876
10,645,3.9847968
10,660,3.914294
10,675,3.8426504
10,690,3.7701247
10,705,3.6969583
10,720,3.623371
10,735,3.5640588
10,750,3.5481517
10,765,3.5718925
10,780,3.629878
10,795,3.7182817
10,810,3.8339136
10,825,3.9739265
10,840,4.1356893
10,855,4.316763
10,870,4.5149074
10,885,4.7280655
10,900,4.954343
10,915,5.191999
10,930,5.4394126
10,945,5.6767874
10,960,5.8771753
10,975,6.044468
10,990,6.182852
10,1005,6.295179
10,1020,6.3837695
10,1035,6.4507303
10,1050,6.497999
10,1065,6.5273705
10,1080,6.5405145
10,1095,6.5389814
10,1110,6.524202
10,1125,6.4974966
10,1140,6.4600825
10,1155,6.413082
10,1170,6.3575306
10,1185,6.294379
10,1200,6.2245045
10,1215,6.1487036
10,1230,6.0677147
10,1245,5.982211
10,1260,5.892813
10,1275,5.800087
10,1290,5.7045517
10,1305,5.6066775
10,1320,5.5068994
10,1335,5.4056067
10,1350,5.3031573
10,1365,5.1998825
10,1380,5.0960684
10,1395,4.991989
10,1410,4.887885
10,1425,4.783972
10,1440,4.6804485
10,1455,4.591989
10,1470,4.5477195
10,1485,4.543844
10,1500,4.574966
10,1515,4.637233
10,1530,4.72746
10,1545,4.8427444
10,1560,4.9804287
10,1575,5.138092
10,1590,5.313483
10,1605,5.504518
10,1620,5.709282
10,1635,5.92602
10,1650,6.1530976
10,1665,6.3707185
10,1680,6.551859
10,1695,6.7004457
10,1710,6.820664
10,1725,6.915345
10,1740,6.986736
10,1755,7.0369887
10,1770,7.0680285
10,1785,7.0816145
10,1800,7.0794015
10,1815,7.0629387
10,1830,7.03365
10,1845,6.9928412
10,1860,6.9417157
10,1875,6.881386
10,1890,6.8128786
10,1905,6.737134
10,1920,6.6550198
10,1935,6.5673237
10,1950,6.4747725
10,1965,6.3780327
10,1980,6.277709
10,1995,6.1743655
10,2010,6.0685067
10,2025,5.9606004
10,2040,5.85107
10,2055,5.740299
10,2070,5.6286407
10,2085,5.5164084
10,2100,5.403892
10,2115,5.2913523
10,2130,5.1790214
10,2145,5.0671177
10,2160,4.955826
10,2175,4.859802
10,2190,4.8081803
10,2205,4.797161
10,2220,4.8213406
10,2235,4.876861
10,2250,4.9605308
10,2265,5.069442
10,2280,5.20094
10,2295,5.3525934
10,2310,5.5221424
10,2325,5.7074986
10,2340,5.9067454
10,2355,6.118123
10,2370,6.3399916
10,2385,6.5525517
10,2400,6.728773
10,2415,6.8725796
10,2430,6.988152
10,2445,7.0783186
10,2460,7.1453214
10,2475,7.191307
10,2490,7.2182
10,2505,7.227757
10,2520,7.2216253
10,2535,7.201352
10,2550,7.1683598
10,2565,7.123951
10,2580,7.069325
10,2595,7.0055923
10,2610,6.9337754
10,2625,6.854813
10,2640,6.7695713
10,2655,6.678833
10,2670,6.583326
10,2685,6.4837093
10,2700,6.3805904
10,2715,6.274528
10,2730,6.166025
10,2745,6.055548
10,2760,5.943517
10,2775,5.8303146
10,2790,5.7162914
10,2805,5.6017594
10,2820,5.4870076
10,2835,5.3722916
10,2850,5.257845
10,2865,5.143883
10,2880,5.0305905
10,2895,4.9326205
10,2910,4.879106
10,2925,4.866246
10,2940,4.8886356
10,2955,4.9424148
10,2970,5.024391
10,2985,5.131655
10,3000,5.2615533
10,3015,5.41165
10,3030,5.5796857
10,3045,5.7635694
10,3060,5.961384
10,3075,6.1713686
10,3090,6.391882
10,3105,6.603125
10,3120,6.7780643
10,3135,6.920624
10,3150,7.0349836
10,3165,7.1239696
10,3180,7.1898246
10,3195,7.2346926
10,3210,7.260499
10,3225,7.2689977
10,3240,7.2618365
10,3255,7.240561
10,3270,7.206593
10,3285,7.161235
10,3300,7.1056848
10,3315,7.0410523
10,3330,6.96836
10,3345,6.888545
10,3360,6.802473
10,3375,6.7109265
10,3390,6.614633
10,3405,6.5142508
10,3420,6.410386
10,3435,6.3035975
10,3450,6.1943874
10,3465,6.0832224
10,3480,5.9705205
10,3495,5.8566647
10,3510,5.742006
10,3525,5.6268544
10,3540,5.5114994
10,3555,5.396196
10,3570,5.281177
10,3585,5.1666574
10,3600,5.052822
10,3615,4.954323
10,3630,4.9002934
10,3645,4.886932
10,3660,4.9088326
10,3675,4.962136
10,3690,5.0436482
10,3705,5.1504602
10,3720,5.2799187
10,3735,5.4295874
10,3750,5.597205
10,3765,5.7806826
10,3780,5.978101
10,3795,6.1876993
10,3810,6.407837
10,3825,6.6187134
10,3840,6.793296
10,3855,6.935508
10,3870,7.049528
10,3885,7.138184
10,3900,7.2037168
10,3915,7.2482705
10,3930,7.273771
10,3945,7.281971
10,3960,7.274519
10,3975,7.2529593
10,3990,7.2187147
10,4005,7.173086
10,4020,7.1172733
10,4035,7.052384
10,4050,6.9794407
10,4065,6.8993816
10,4080,6.8130713
10,4095,6.721292
10,4110,6.624772
10,4125,6.524168
10,4140,6.4200873
10,4155,6.313088
10,4170,6.2036724
10,4185,6.092306
10,4200,5.9794083
10,4215,5.8653617
10,4230,5.750516
10,4245,5.6351824
10,4260,5.5196495
10,4275,5.4041724
10,4290,5.2889843
10,4305,5.1742992
10,4320,5.0603023
10,4335,4.9616456
10,4350,4.907462
10,4365,4.89395
10,4380,4.915704
10,4395,4.968864
10,4410,5.050236
10,4425,5.156912
10,4440,5.286237
10,4455,5.4357753
10,4470,5.6032662
10,4485,5.786619
10,4500,5.9839163
10,4515,6.1933966
10,4530,6.4134183
10,4545,6.6241817
10,4560,6.7986536
10,4575,6.9407578
10,4590,7.054673
10,4605,7.143226
10,4620,7.208658
10,4635,7.2531137
10,4650,7.2785177
10,4665,7.286624
10,4680,7.27908
10,4695,7.257431
10,4710,7.2230983
10,4725,7.177384
10,4740,7.121487
10,4755,7.0565157
10,4770,6.9834924
10,4785,6.9033546
10,4800,6.8169675
10,4815,6.725113
10,4830,6.6285195
10,4845,6.5278435
10,4860,6.423692
10,4875,6.316624
10,4890,6.2071414
10,4905,6.0957093
10,4920,5.982747
10,4935,5.868637
10,4950,5.7537293
10,4965,5.6383357
10,4980,5.522743
10,4995,5.4072084
10,5010,5.291963
10,5025,5.1772227
10,5040,5.0631714
10,5055,4.9644613
10,5070,4.9102254
10,5085,4.8966627
10,5100,4.9183664
10,5115,4.9714775
10,5130,5.052802
10,5145,5.159431
10,5160,5.2887096
10,5175,5.4382033
10,5190,5.6056504
10,5205,5.7889605
10,5220,5.986215
10,5235,6.195654
10,5250,6.415635
10,5265,6.6263595
10,5280,6.800792
10,5295,6.942858
10,5310,7.0567365
10,5325,7.1452527
10,5340,7.2106495
10,5355,7.2550697
10,5370,7.280439
10,5385,7.2885118
10,5400,7.280935
10,5415,7.2592535
10,5430,7.224889
10,5445,7.1791434
10,5460,7.123216
10,5475,7.0582147
10,5490,6.9851623
10,5505,6.9049954
10,5520,6.81858
10,5535,6.726698
10,5550,6.630077
10,5565,6.5293746
10,5580,6.425197
10,5595,6.318104
10,5610,6.2085953
10,5625,6.0971384
10,5640,5.984152
10,5655,5.8700185
10,5670,5.7550874
10,5685,5.6396704
10,5700,5.524056
10,5715,5.408499
10,5730,5.293232
10,5745,5.17847
10,5760,5.064398
10,5775,4.9656672
10,5790,4.911412
10,5805,4.897829
10,5820,4.919513
10,5835,4.9726057
10,5850,5.053911
10,5865,5.1605215
10,5880,5.2897825
10,5895,5.4392586
10,5910,5.6066885
10,5925,5.7899814
10,5940,5.9872193
10,5955,6.196642
10,5970,6.416607
10,5985,6.6273155
10,6000,6.801733
10,6015,6.9437838
10,6030,7.0576468
10,6045,7.146148
10,6060,7.2115307
10,6075,7.2559366
10,6090,7.2812924
10,6105,7.2893515
10,6120,7.281761
10,6135,7.260066
10,6150,7.225689
10,6165,7.1799307
10,6180,7.1239905
10,6195,7.058977
10,6210,6.9859123
10,6225,6.9057336
10,6240,6.8193064
10,6255,6.727413
10,6270,6.6307807
10,6285,6.530067
10,6300,6.425879
10,6315,6.3187747
10,6330,6.2092557
10,6345,6.0977883
10,6360,5.9847918
10,6375,5.870648
10,6390,5.7557073
10,6405,5.6402807
10,6420,5.5246563
10,6435,5.40909
10,6450,5.293814
10,6465,5.179043
10,6480,5.064962
10,6495,4.9517317
10,6510,4.839517
10,6525,4.728437
10,6540,4.6186028
10,6555,4.5101314
10,6570,4.403101
10,6585,4.297589
10,6600,4.1936674
10,6615,4.0913944
10,6630,3.990818
10,6645,3.891979
10,6660,3.7949154
10,6675,3.69965
10,6690,3.6062036
10,6705,3.514592
10,6720,3.4248219
10,6735,3.3368974
10,6750,3.2508178
10,6765,3.166579
10,6780,3.0841732
10,6795,3.0035896
10,6810,2.9248145
10,6825,2.8478332
10,6840,2.772628
10,6855,2.6991785
10,6870,2.6274645
10,6885,2.557463
10,6900,2.4891493
10,6915,2.4224987
10,6930,2.3574846
10,6945,2.2940795
10,6960,2.2322562
10,6975,2.1719856
10,6990,2.1132393
10,7005,2.055988
10,7020,2.0002022
10,7035,1.9458523
10,7050,1.8929094
10,7065,1.8413442
10,7080,1.7911254
10,7095,1.7422249
10,7110,1.6946144
10,7125,1.6482657
10,7140,1.6031485
10,7155,1.559235
10,7170,1.5164968
10,7185,1.474906
10,7200,1.4344345
11,0,0
11,3,0.00017548904
11,6,0.0013040365
11,9,0.0039888937
11,12,0.008547221
11,15,0.015110704
11,18,0.023705952
11,21,0.03430571
11,24,0.046858534
11,27,0.061304547
11,30,0.07758286
11,33,0.09563523
11,36,0.11540724
11,39,0.13684872
11,42,0.15991324
11,45,0.18455778
11,48,0.21074204
11,51,0.23842798
11,54,0.26757938
11,57,0.29816163
11,60,0.33014134
11,63,0.3634862
11,66,0.39816517
11,69,0.4341475
11,72,0.47140396
11,75,0.5099052
11,78,0.54962313
11,81,0.5905295
11,84,0.6325969
11,87,0.6757985
11,90,0.72010744
11,93,0.7654978
11,96,0.81194395
11,99,0.85942066
11,102,0.90790313
11,105,0.957367
11,108,1.0077878
11,111,1.0591421
11,114,1.1114069
11,117,1.1645596
11,120,1.218578
11,135,1.5008787
11,150,1.8016354
11,165,2.1184225
11,180,2.4490128
11,195,2.7913666
11,210,3.143593
11,225,3.4847963
11,240,3.7844849
11,255,4.0455866
11,270,4.272478
11,285,4.468327
11,300,4.63576
11,315,4.7771688
11,330,4.89476
11,345,4.9905868
11,360,5.066563
11,375,5.124465
11,390,5.1659365
11,405,5.1925
11,420,5.20556
11,435,5.206415
11,450,5.196263
11,465,5.1762085
11,480,5.1472697
11,495,5.110382
11,510,5.066407
11,525,5.0161414
11,540,4.9603066
11,555,4.899575
11,570,4.834549
11,585,4.7657943
11,600,4.6938176
11,615,4.619092
11,630,4.542047
11,645,4.4630733
11,660,4.382532
11,675,4.300747
11,690,4.218015
11,705,4.1346035
11,720,4.050755
11,735,3.9817977
11,750,3.9602048
11,765,3.9832814
11,780,4.045313
11,795,4.142018
11,810,4.2697735
11,825,4.4253273
11,840,4.605682
11,855,4.8080554
11,870,5.029888
11,885,5.2688274
11,900,5.5227084
11,915,5.789543
11,930,6.067482
11,945,6.335669
11,960,6.5636272
11,975,6.754305
11,990,6.912099
11,1005,7.0401897
11,1020,7.141211
11,1035,7.2175546
11,1050,7.271436
11,1065,7.30491
11,1080,7.3198805
11,1095,7.318115
11,1110,7.3012514
11,1125,7.2708015
11,1140,7.2281594
11,1155,7.174609
11,1170,7.1113353
11,1185,7.0394263
11,1200,6.9598827
11,1215,6.8736234
11,1230,6.7814903
11,1245,6.684257
11,1260,6.5826364
11,1275,6.4772673
11,1290,6.368752
11,1305,6.2576137
11,1320,6.144358
11,1335,6.029417
11,1350,5.913211
11,1365,5.796098
11,1380,5.678424
11,1395,5.5604844
11,1410,5.442561
11,1425,5.3248944
11,1440,5.207713
11,1455,5.106313
11,1470,5.0531664
11,1485,5.0455365
11,1500,5.077714
11,1515,5.1453857
11,1530,5.244932
11,1545,5.3730583
11,1560,5.526716
11,1575,5.703139
11,1590,5.8997664
11,1605,6.1142125
11,1620,6.3442855
11,1635,6.5879793
11,1650,6.843436
11,1665,7.0897837
11,1680,7.296514
11,1695,7.466561
11,1710,7.604308
11,1725,7.712918
11,1740,7.795009
11,1755,7.8529572
11,1770,7.8889637
11,1785,7.905068
11,1800,7.9031606
11,1815,7.884997
11,1830,7.8521986
11,1845,7.8062644
11,1860,7.748576
11,1875,7.680408
11,1890,7.60293
11,1905,7.5172195
11,1920,7.4242654
11,1935,7.3249764
11,1950,7.220185
11,1965,7.1106515
11,1980,6.9970756
11,1995,6.8800983
11,2010,6.760295
11,2025,6.638203
11,2040,6.514293
11,2055,6.3890142
11,2070,6.2627535
11,2085,6.135882
11,2100,6.008718
11,2115,5.8815656
11,2130,5.7546854
11,2145,5.6283226
11,2160,5.5026875
11,2175,5.3930764
11,2190,5.3319535
11,2205,5.316576
11,2220,5.341228
11,2235,5.4015903
11,2250,5.4940352
11,2265,5.6152587
11,2280,5.762221
11,2295,5.932146
11,2310,6.122455
11,2325,6.330765
11,2340,6.554882
11,2355,6.792796
11,2370,7.0426364
11,2385,7.2835207
11,2400,7.484947
11,2415,7.6498427
11,2430,7.7825866
11,2445,7.886335
11,2460,7.9637036
11,2475,8.017063
11,2490,8.048611
11,2505,8.060382
11,2520,8.054265
11,2535,8.032011
11,2550,7.995238
11,2565,7.9454403
11,2580,7.883998
11,2595,7.812181
11,2610,7.7311573
11,2625,7.6419997
11,2640,7.5456963
11,2655,7.4431515
11,2670,7.335195
11,2685,7.2225857
11,2700,7.106019
11,2715,6.9861355
11,2730,6.8635054
11,2745,6.7386684
11,2760,6.6120877
11,2775,6.4842153
11,2790,6.355431
11,2805,6.2261076
11,2820,6.096559
11,2835,5.967089
11,2850,5.837955
11,2865,5.709401
11,2880,5.5816355
11,2895,5.469953
11,2910,5.406816
11,2925,5.389481
11,2940,5.4122295
11,2955,5.4707417
11,2970,5.5613875
11,2985,5.680861
11,3000,5.826124
11,3015,5.994398
11,3030,6.183102
11,3045,6.38985
11,3060,6.612449
11,3075,6.848887
11,3090,7.097292
11,3105,7.3367805
11,3120,7.5368505
11,3135,7.7004266
11,3150,7.8318872
11,3165,7.9343877
11,3180,8.010543
11,3195,8.06272
11,3210,8.09312
11,3225,8.103773
11,3240,8.096569
11,3255,8.073257
11,3270,8.035454
11,3285,7.984655
11,3300,7.9222374
11,3315,7.849472
11,3330,7.7675247
11,3345,7.6774683
11,3360,7.58029
11,3375,7.476894
11,3390,7.3681087
11,3405,7.2546926
11,3420,7.13734
11,3435,7.0166917
11,3450,6.893317
11,3465,6.7677555
11,3480,6.6404696
11,3495,6.51191
11,3510,6.382457
11,3525,6.252482
11,3540,6.1222997
11,3555,5.9922123
11,3570,5.8624763
11,3585,5.733337
11,3600,5.605
11,3615,5.492762
11,3630,5.429084
11,3645,5.411222
11,3660,5.4334574
11,3675,5.4914694
11,3690,5.581628
11,3705,5.700627
11,3720,5.845429
11,3735,6.0132537
11,3750,6.2015195
11,3765,6.407841
11,3780,6.630025
11,3795,6.8660574
11,3810,7.1140685
11,3825,7.353173
11,3840,7.5528684
11,3855,7.7160797
11,3870,7.847185
11,3885,7.9493394
11,3900,8.025156
11,3915,8.077005
11,3930,8.107083
11,3945,8.117424
11,3960,8.109915
11,3975,8.086307
11,3990,8.048213
11,4005,7.997131
11,4020,7.9344378
11,4035,7.8614035
11,4050,7.7791934
11,4065,7.6888814
11,4080,7.591453
11,4095,7.4878135
11,4110,7.378791
11,4125,7.2651424
11,4140,7.147564
11,4155,7.026695
11,4170,6.903105
11,4185,6.777333
11,4200,6.6498413
11,4215,6.5210814
11,4230,6.391433
11,4245,6.261267
11,4260,6.130898
11,4275,6.000629
11,4290,5.870715
11,4305,5.7414026
11,4320,5.6128964
11,4335,5.500493
11,4350,5.4366536
11,4365,5.418634
11,4380,5.440715
11,4395,5.4985766
11,4410,5.5885887
11,4425,5.7074447
11,4440,5.8521066
11,4455,6.0197945
11,4470,6.2079277
11,4485,6.414119
11,4500,6.636175
11,4515,6.8720837
11,4530,7.119973
11,4545,7.3589587
11,4560,7.558539
11,4575,7.7216372
11,4590,7.852632
11,4605,7.9546776
11,4620,8.03039
11,4635,8.082135
11,4650,8.112112
11,4665,8.1223545
11,4680,8.114749
11,4695,8.091045
11,4710,8.05286
11,4725,8.001688
11,4740,7.9389067
11,4755,7.8657856
11,4770,7.7834916
11,4785,7.6930966
11,4800,7.5955877
11,4815,7.491869
11,4830,7.3827686
11,4845,7.269045
11,4860,7.151392
11,4875,7.0304503
11,4890,6.9067893
11,4905,6.7809477
11,4920,6.6533885
11,4935,6.524562
11,4950,6.394848
11,4965,6.264619
11,4980,6.134187
11,4995,6.0038567
11,5010,5.8738832
11,5025,5.744512
11,5040,5.6159487
11,5055,5.503489
11,5070,5.4395943
11,5085,5.4215207
11,5100,5.443549
11,5115,5.501359
11,5130,5.5913205
11,5145,5.7101264
11,5160,5.85474
11,5175,6.022381
11,5190,6.210467
11,5205,6.4166126
11,5220,6.638624
11,5235,6.874489
11,5250,7.1223354
11,5265,7.3612795
11,5280,7.5608187
11,5295,7.7238765
11,5310,7.8548317
11,5325,7.956839
11,5340,8.032513
11,5355,8.084222
11,5370,8.114162
11,5385,8.124369
11,5400,8.116728
11,5415,8.09299
11,5430,8.054771
11,5445,8.003566
11,5460,7.940752
11,5475,7.8675995
11,5490,7.785274
11,5505,7.6948485
11,5520,7.5973096
11,5535,7.4935613
11,5550,7.3844323
11,5565,7.27068
11,5580,7.1529994
11,5595,7.03203
11,5610,6.9083424
11,5625,6.7824745
11,5640,6.6548896
11,5655,6.5260377
11,5670,6.396299
11,5685,6.266045
11,5700,6.1355896
11,5715,6.0052357
11,5730,5.8752394
11,5745,5.7458453
11,5760,5.6172595
11,5775,5.504778
11,5790,5.4408617
11,5805,5.422767
11,5820,5.444775
11,5835,5.502565
11,5850,5.592506
11,5865,5.7112927
11,5880,5.855887
11,5895,6.0235085
11,5910,6.2115765
11,5925,6.417704
11,5940,6.6396976
11,5955,6.875545
11,5970,7.1233745
11,5985,7.3623013
11,6000,7.561824
11,6015,7.7248654
11,6030,7.855805
11,6045,7.9577966
11,6060,8.033455
11,6075,8.085149
11,6090,8.115074
11,6105,8.125266
11,6120,8.117611
11,6135,8.093859
11,6150,8.055626
11,6165,8.004407
11,6180,7.94158
11,6195,7.868414
11,6210,7.7860756
11,6225,7.6956377
11,6240,7.598086
11,6255,7.4943256
11,6270,7.3851843
11,6285,7.27142
11,6300,7.1537275
11,6315,7.0327473
11,6330,6.909048
11,6345,6.783169
11,6360,6.655573
11,6375,6.5267105
11,6390,6.3969607
11,6405,6.266697
11,6420,6.136231
11,6435,6.005867
11,6450,5.8758607
11,6465,5.746457
11,6480,5.6178617
11,6495,5.490271
11,6510,5.3638487
11,6525,5.23875
11,6540,5.115102
11,6555,4.99303
11,6570,4.87263
11,6585,4.7539835
11,6600,4.6371827
11,6615,4.5222793
11,6630,4.409317
11,6645,4.298357
11,6660,4.189426
11,6675,4.0825486
11,6690,3.9777484
11,6705,3.8750412
11,6720,3.7744381
11,6735,3.6759408
11,6750,3.579548
11,6765,3.485258
11,6780,3.3930619
11,6795,3.3029432
11,6810,3.2148888
11,6825,3.1288793
11,6840,3.044892
11,6855,2.9629035
11,6870,2.8828876
11,6885,2.804817
11,6900,2.728663
11,6915,2.654396
11,6930,2.5819843
11,6945,2.511397
11,6960,2.4426029
11,6975,2.375567
11,6990,2.3102572
11,7005,2.2466407
11,7020,2.1846824
11,7035,2.1243484
11,7050,2.065605
11,7065,2.0084174
11,7080,1.9527513
11,7095,1.8985732
11,7110,1.8458489
11,7125,1.794545
11,7140,1.7446287
11,7155,1.6960666
11,7170,1.6488266
11,7185,1.6028769
11,7200,1.5581859
12,0,0
12,3,0.00020271757
12,6,0.0014456611
12,9,0.004340314
12,12,0.0091996705
12,15,0.016147124
12,18,0.02519953
12,21,0.036319375
12,24,0.049445048
12,27,0.06450697
12,30,0.081435174
12,33,0.10016311
12,36,0.120628834
12,39,0.14277534
12,42,0.16655006
12,45,0.1919043
12,48,0.21879265
12,51,0.24717225
12,54,0.27700242
12,57,0.30824435
12,60,0.34086072
12,63,0.3748154
12,66,0.4100738
12,69,0.4466018
12,72,0.48436686
12,75,0.5233366
12,78,0.56347966
12,81,0.6047651
12,84,0.6471627
12,87,0.6906427
12,90,0.73517597
12,93,0.780734
12,96,0.8272887
12,99,0.87481254
12,102,0.9232787
12,105,0.9726603
12,108,1.0229311
12,111,1.0740657
12,114,1.1260394
12,117,1.1788278
12,120,1.232406
12,135,1.5113269
12,150,1.8066082
12,165,2.1156833
12,180,2.4362178
12,195,2.7660952
12,210,3.1033697
12,225,3.4258707
12,240,3.7026703
12,255,3.937806
12,270,4.1364393
12,285,4.3022995
12,300,4.438469
12,315,4.5477295
12,330,4.632628
12,345,4.6955175
12,360,4.7385707
12,375,4.7637863
12,390,4.773002
12,405,4.767906
12,420,4.7500486
12,435,4.7208514
12,450,4.681619
12,465,4.633539
12,480,4.577697
12,495,4.5150876
12,510,4.4466076
12,525,4.3731017
12,540,4.295297
12,555,4.2138896
12,570,4.129497
12,585,4.042643
12,600,3.9538727
12,615,3.8636127
12,630,3.7722743
12,645,3.6802387
12,660,3.5878422
12,675,3.495375
12,690,3.4031162
12,705,3.3113077
12,720,3.2201517
12,735,3.1459897
12,750,3.121996
12,765,3.1443322
12,780,3.2064493
12,795,3.3034885
12,810,3.431373
12,825,3.5864677
12,840,3.7654681
12,855,3.9653392
12,870,4.183295
12,885,4.416797
12,900,4.66354
12,915,4.921425
12,930,5.1885147
12,945,5.442639
12,960,5.652855
12,975,5.823193
12,990,5.9587984
12,1005,6.0633874
12,1020,6.1400175
12,1035,6.1914487
12,1050,6.22021
12,1065,6.228624
12,1080,6.2188306
12,1095,6.192799
12,1110,6.1523395
12,1125,6.0991096
12,1140,6.0346274
12,1155,5.9602785
12,1170,5.8773303
12,1185,5.7869396
12,1200,5.6901593
12,1215,5.587952
12,1230,5.4811835
12,1245,5.3706503
12,1260,5.257056
12,1275,5.1410527
12,1290,5.023232
12,1305,4.9041224
12,1320,4.784174
12,1335,4.663854
12,1350,4.5435076
12,1365,4.423459
12,1380,4.304043
12,1395,4.1854978
12,1410,4.068062
12,1425,3.951952
12,1440,3.8373528
12,1455,3.7405722
12,1470,3.6947708
12,1485,3.6960833
12,1500,3.737936
12,1515,3.8154461
12,1530,3.9245129
12,1545,4.0614753
12,1560,4.2230053
12,1575,4.406048
12,1590,4.6077957
12,1605,4.8256874
12,1620,5.057395
12,1635,5.3008013
12,1650,5.553949
12,1665,5.794649
12,1680,5.991938
12,1695,6.149828
12,1710,6.273446
12,1725,6.366492
12,1740,6.432007
12,1755,6.472735
12,1770,6.49119
12,1785,6.4896817
12,1800,6.470334
12,1815,6.4351025
12,1830,6.3857846
12,1845,6.3240266
12,1860,6.2513323
12,1875,6.1690774
12,1890,6.0785184
12,1905,5.9807997
12,1920,5.876964
12,1935,5.7679625
12,1950,5.6546545
12,1965,5.5378256
12,1980,5.41817
12,1995,5.296336
12,2010,5.172892
12,2025,5.048375
12,2040,4.9232287
12,2055,4.797885
12,2070,4.672721
12,2085,4.5480304
12,2100,4.4241457
12,2115,4.3013067
12,2130,4.179732
12,2145,4.059639
12,2160,3.9412017
12,2175,3.8407257
12,2190,3.7913668
12,2205,3.7892554
12,2220,3.8278127
12,2235,3.9021516
12,2250,4.008166
12,2265,4.1421905
12,2280,4.300893
12,2295,4.481214
12,2310,4.6803427
12,2325,4.895714
12,2340,5.1249948
12,2355,5.3660655
12,2370,5.616965
12,2385,5.855501
12,2400,6.050707
12,2415,6.2065907
12,2430,6.328277
12,2445,6.4194627
12,2460,6.4831862
12,2475,6.5221887
12,2490,6.538981
12,2505,6.5358715
12,2520,6.5149817
12,2535,6.478264
12,2550,6.4275146
12,2565,6.364376
12,2580,6.2903523
12,2595,6.206816
12,2610,6.115022
12,2625,6.0161133
12,2640,5.9111304
12,2655,5.8010225
12,2670,5.6866484
12,2685,5.5687914
12,2700,5.448145
12,2715,5.325356
12,2730,5.2009897
12,2745,5.075584
12,2760,4.9495816
12,2775,4.823409
12,2790,4.6974483
12,2805,4.571992
12,2820,4.4473634
12,2835,4.32381
12,2850,4.2015457
12,2865,4.080787
12,2880,3.961707
12,2895,3.8606105
12,2910,3.810653
12,2925,3.8079636
12,2940,3.8459632
12,2955,3.9197636
12,2970,4.0252585
12,2985,4.1587815
12,3000,4.317
12,3015,4.496854
12,3030,4.6955314
12,3045,4.9104667
12,3060,5.1393275
12,3075,5.3799915
12,3090,5.630499
12,3105,5.868656
12,3120,6.0634956
12,3135,6.219025
12,3150,6.3403697
12,3165,6.431225
12,3180,6.4946284
12,3195,6.5333214
12,3210,6.5498147
12,3225,6.546416
12,3240,6.525246
12,3255,6.4882574
12,3270,6.4372454
12,3285,6.3738537
12,3300,6.299584
12,3315,6.21581
12,3330,6.123785
12,3345,6.024653
12,3360,5.919454
12,3375,5.809137
12,3390,5.6945596
12,3405,5.5765057
12,3420,5.4556684
12,3435,5.3326945
12,3450,5.208149
12,3465,5.082569
12,3480,4.956399
12,3495,4.8300624
12,3510,4.7039433
12,3525,4.578334
12,3540,4.453555
12,3555,4.329857
12,3570,4.207452
12,3585,4.0865574
12,3600,3.9673445
12,3615,3.8661191
12,3630,3.8160365
12,3645,3.8132257
12,3660,3.8511074
12,3675,3.9247932
12,3690,4.0301766
12,3705,4.163592
12,3720,4.321705
12,3735,4.5014567
12,3750,4.700035
12,3765,4.9148736
12,3780,5.1436405
12,3795,5.3842134
12,3810,5.634632
12,3825,5.872703
12,3840,6.0674586
12,3855,6.2229066
12,3870,6.3441715
12,3885,6.434949
12,3900,6.498277
12,3915,6.5368967
12,3930,6.5533185
12,3945,6.54985
12,3960,6.5286117
12,3975,6.4915566
12,3990,6.44048
12,4005,6.377025
12,4020,6.302694
12,4035,6.2188597
12,4050,6.126776
12,4065,6.027587
12,4080,5.922332
12,4095,5.81196
12,4110,5.69733
12,4125,5.5792236
12,4140,5.458336
12,4155,5.3353124
12,4170,5.210718
12,4185,5.085091
12,4200,4.9588747
12,4215,4.8324924
12,4230,4.7063293
12,4245,4.5806766
12,4260,4.4558554
12,4275,4.332116
12,4290,4.2096705
12,4305,4.0887365
12,4320,3.969485
12,4335,3.8682215
12,4350,3.818102
12,4365,3.8152547
12,4380,3.8531008
12,4395,3.926752
12,4410,4.0321016
12,4425,4.1654835
12,4440,4.323564
12,4455,4.503284
12,4470,4.701831
12,4485,4.9166393
12,4500,5.145376
12,4515,5.38592
12,4530,5.6363096
12,4545,5.8743525
12,4560,6.0690804
12,4575,6.2245016
12,4590,6.34574
12,4605,6.436492
12,4620,6.4997945
12,4635,6.538389
12,4650,6.554786
12,4665,6.551294
12,4680,6.530032
12,4695,6.4929543
12,4710,6.441855
12,4725,6.3783774
12,4740,6.3040247
12,4755,6.220169
12,4770,6.1280646
12,4785,6.028855
12,4800,5.9235797
12,4815,5.8131876
12,4830,5.698538
12,4845,5.5804124
12,4860,5.4595056
12,4875,5.336464
12,4890,5.2118516
12,4905,5.0862064
12,4920,4.9599724
12,4935,4.833573
12,4950,4.7073927
12,4965,4.581723
12,4980,4.456886
12,4995,4.3331304
12,5010,4.210669
12,5025,4.0897193
12,5040,3.9704525
12,5055,3.869174
12,5070,3.8190396
12,5085,3.8161778
12,5100,3.8540096
12,5115,3.9276466
12,5130,4.0329823
12,5145,4.166351
12,5160,4.324418
12,5175,4.5041246
12,5190,4.702659
12,5205,4.9174547
12,5220,5.146179
12,5235,5.3867106
12,5250,5.6370883
12,5265,5.8751197
12,5280,6.069836
12,5295,6.2252455
12,5310,6.3464727
12,5325,6.4372134
12,5340,6.5005054
12,5355,6.539089
12,5370,6.555476
12,5385,6.5519733
12,5400,6.530701
12,5415,6.4936132
12,5430,6.4425044
12,5445,6.3790174
12,5460,6.3046546
12,5475,6.2207894
12,5490,6.128676
12,5505,6.029457
12,5520,5.924173
12,5535,5.813772
12,5550,5.699114
12,5565,5.5809793
12,5580,5.460064
12,5595,5.3370137
12,5610,5.2123933
12,5625,5.0867405
12,5640,4.9604983
12,5655,4.834091
12,5670,4.707903
12,5685,4.5822263
12,5700,4.4573812
12,5715,4.333618
12,5730,4.2111497
12,5745,4.090193
12,5760,3.9709191
12,5775,3.8696337
12,5790,3.8194923
12,5805,3.816624
12,5820,3.8544493
12,5835,3.9280798
12,5850,4.033409
12,5865,4.166771
12,5880,4.3248324
12,5895,4.504533
12,5910,4.703061
12,5925,4.917851
12,5940,5.1465693
12,5955,5.387095
12,5970,5.6374674
12,5985,5.875493
12,6000,6.070204
12,6015,6.2256083
12,6030,6.34683
12,6045,6.4375653
12,6060,6.500852
12,6075,6.539431
12,6090,6.555813
12,6105,6.552305
12,6120,6.5310283
12,6135,6.4939356
12,6150,6.4428215
12,6165,6.37933
12,6180,6.304963
12,6195,6.2210937
12,6210,6.1289754
12,6225,6.0297523
12,6240,5.9244633
12,6255,5.814059
12,6270,5.699396
12,6285,5.581258
12,6300,5.460338
12,6315,5.337284
12,6330,5.2126594
12,6345,5.0870028
12,6360,4.960757
12,6375,4.834346
12,6390,4.7081537
12,6405,4.5824733
12,6420,4.457625
12,6435,4.3338585
12,6450,4.211386
12,6465,4.090426
12,6480,3.971149
12,6495,3.8537114
12,6510,3.738238
12,6525,3.624853
12,6540,3.5136487
12,6555,3.404697
12,6570,3.2980664
12,6585,3.193803
12,6600,3.0919416
12,6615,2.992507
12,6630,2.8955157
12,6645,2.8009737
12,6660,2.708881
12,6675,2.6192293
12,6690,2.5320084
12,6705,2.4472
12,6720,2.3647792
12,6735,2.2847226
12,6750,2.2069974
12,6765,2.1315691
12,6780,2.0584025
12,6795,1.9874563
12,6810,1.9186896
12,6825,1.852059
12,6840,1.7875198
12,6855,1.7250266
12,6870,1.664533
12,6885,1.6059917
12,6900,1.5493563
12,6915,1.4945788
12,6930,1.4416114
12,6945,1.3904076
12,6960,1.3409188
12,6975,1.2930986
12,6990,1.2469002
12,7005,1.2022771
12,7020,1.1591837
12,7035,1.1175749
12,7050,1.0774063
12,7065,1.0386344
12,7080,1.0012163
12,7095,0.96510994
12,7110,0.9302744
12,7125,0.89666927
12,7140,0.8642553
12,7155,0.8329941
12,7170,0.802848
12,7185,0.7737804
12,7200,0.74575573
13,0,0
13,3,0.000176172
13,6,0.0012951108
13,9,0.0039220364
13,12,0.008323911
13,15,0.0145868845
13,18,0.022704089
13,21,0.032626916
13,24,0.044292472
13,27,0.05763604
13,30,0.07259636
13,33,0.08911768
13,36,0.107149765
13,39,0.12664747
13,42,0.14757001
13,45,0.16988015
13,48,0.19354333
13,51,0.21852723
13,54,0.24480122
13,57,0.2723362
13,60,0.3011043
13,63,0.3310785
13,66,0.36223295
13,69,0.39454216
13,72,0.42798182
13,75,0.4625276
13,78,0.4981562
13,81,0.53484434
13,84,0.5725692
13,87,0.6113085
13,90,0.6510402
13,93,0.6917427
13,96,0.73339486
13,99,0.77597576
13,102,0.8194649
13,105,0.86384225
13,108,0.90908724
13,111,0.95518064
13,114,1.0021033
13,117,1.0498365
13,120,1.0983621
13,135,1.3522286
13,150,1.6232541
13,165,1.9094155
13,180,2.2088466
13,195,2.519831
13,210,2.8407662
13,225,3.1517637
13,240,3.4260542
13,255,3.66772
13,270,3.8807137
13,285,4.067663
13,300,4.2307057
13,315,4.3717527
13,330,4.492581
13,345,4.5948367
13,360,4.68005
13,375,4.749642
13,390,4.804937
13,405,4.847162
13,420,4.877455
13,435,4.8968678
13,450,4.9063735
13,465,4.9068756
13,480,4.8992043
13,495,4.884133
13,510,4.8623734
13,525,4.834582
13,540,4.801365
13,555,4.76329
13,570,4.720867
13,585,4.674569
13,600,4.6248455
13,615,4.5720763
13,630,4.516645
13,645,4.458885
13,660,4.3991
13,675,4.3375854
13,690,4.2746024
13,705,4.210393
13,720,4.1451783
13,735,4.093758
13,750,4.085167
13,765,4.1153975
13,780,4.179299
13,795,4.2732687
13,810,4.3943214
13,825,4.539761
13,840,4.707125
13,855,4.894151
13,870,5.098732
13,885,5.318915
13,900,5.5529017
13,915,5.799039
13,930,6.055774
13,945,6.303271
13,960,6.5148015
13,975,6.6944714
13,990,6.8462634
13,1005,6.9728384
13,1020,7.0763454
13,1035,7.158731
13,1050,7.221781
13,1065,7.267148
13,1080,7.296373
13,1095,7.310889
13,1110,7.3120255
13,1125,7.3010144
13,1140,7.278992
13,1155,7.2470117
13,1170,7.2060475
13,1185,7.157002
13,1200,7.100702
13,1215,7.0379167
13,1230,6.9693456
13,1245,6.8956404
13,1260,6.8173966
13,1275,6.735167
13,1290,6.649458
13,1305,6.560737
13,1320,6.469431
13,1335,6.3759327
13,1350,6.280601
13,1365,6.183764
13,1380,6.0857224
13,1395,5.98675
13,1410,5.8870983
13,1425,5.7869935
13,1440,5.6866465
13,1455,5.6008344
13,1470,5.5585866
13,1485,5.5558896
13,1500,5.587574
13,1515,5.650027
13,1530,5.7402444
13,1545,5.855535
13,1560,5.993427
13,1575,6.151629
13,1590,6.3280177
13,1605,6.5206337
13,1620,6.72767
13,1635,6.9474607
13,1650,7.1784434
13,1665,7.400788
13,1680,7.5876813
13,1695,7.7432823
13,1710,7.8715663
13,1725,7.9751515
13,1740,8.056182
13,1755,8.116595
13,1770,8.158167
13,1785,8.182541
13,1800,8.191242
13,1815,8.185694
13,1830,8.167217
13,1845,8.137034
13,1860,8.096272
13,1875,8.045975
13,1890,7.987105
13,1905,7.9205537
13,1920,7.847145
13,1935,7.7676334
13,1950,7.6827173
13,1965,7.5930347
13,1980,7.4991765
13,1995,7.4016833
13,2010,7.301056
13,2025,7.197751
13,2040,7.092191
13,2055,6.9847603
13,2070,6.875811
13,2085,6.7656646
13,2100,6.654615
13,2115,6.5429287
13,2130,6.430851
13,2145,6.318603
13,2160,6.206387
13,2175,6.108973
13,2190,6.0553865
13,2205,6.04161
13,2220,6.0624657
13,2235,6.114338
13,2250,6.194217
13,2265,6.299406
13,2280,6.427427
13,2295,6.575984
13,2310,6.7429495
13,2325,6.926358
13,2340,7.124398
13,2355,7.3353987
13,2370,7.5577936
13,2385,7.7717476
13,2400,7.95044
13,2415,8.098028
13,2430,8.218482
13,2445,8.314415
13,2460,8.387966
13,2475,8.441069
13,2490,8.4754925
13,2505,8.492877
13,2520,8.494751
13,2535,8.482534
13,2550,8.457542
13,2565,8.42099
13,2580,8.374003
13,2595,8.317619
13,2610,8.252799
13,2625,8.180432
13,2640,8.101334
13,2655,8.016258
13,2670,7.925903
13,2685,7.830903
13,2700,7.7318482
13,2715,7.629284
13,2730,7.5237
13,2745,7.415554
13,2760,7.3052645
13,2775,7.193202
13,2790,7.079726
13,2805,6.9651465
13,2820,6.8497586
13,2835,6.7338285
13,2850,6.6175995
13,2865,6.5012918
13,2880,6.38511
13,2895,6.2838206
13,2910,6.2264404
13,2925,6.208964
13,2940,6.226199
13,2955,6.27453
13,2970,6.35095
13,2985,6.452755
13,3000,6.5774603
13,3015,6.72278
13,3030,6.886594
13,3045,7.066927
13,3060,7.261955
13,3075,7.470007
13,3090,7.6895227
13,3105,7.900659
13,3120,8.076595
13,3135,8.22149
13,3150,8.339309
13,3165,8.432667
13,3180,8.503699
13,3195,8.554338
13,3210,8.586354
13,3225,8.601384
13,3240,8.600955
13,3255,8.586486
13,3270,8.559291
13,3285,8.520585
13,3300,8.471492
13,3315,8.413047
13,3330,8.346212
13,3345,8.271874
13,3360,8.190847
13,3375,8.103887
13,3390,8.011686
13,3405,7.9148827
13,3420,7.814063
13,3435,7.709771
13,3450,7.602499
13,3465,7.4926996
13,3480,7.3807945
13,3495,7.267151
13,3510,7.1521287
13,3525,7.0360374
13,3540,6.9191694
13,3555,6.801791
13,3570,6.684146
13,3585,6.5664525
13,3600,6.448914
13,3615,6.346298
13,3630,6.28762
13,3645,6.2688737
13,3660,6.2848673
13,3675,6.331983
13,3690,6.407214
13,3705,6.507857
13,3720,6.6314254
13,3735,6.775633
13,3750,6.9383583
13,3765,7.117627
13,3780,7.311614
13,3795,7.5186477
13,3810,7.7371674
13,3825,7.947329
13,3840,8.122312
13,3855,8.2662735
13,3870,8.38318
13,3885,8.475645
13,3900,8.545804
13,3915,8.595588
13,3930,8.626766
13,3945,8.640978
13,3960,8.639747
13,3975,8.624494
13,3990,8.596531
13,4005,8.557074
13,4020,8.507245
13,4035,8.44808
13,4050,8.380541
13,4065,8.305512
13,4080,8.22381
13,4095,8.136189
13,4110,8.043342
13,4125,7.945904
13,4140,7.8444643
13,4155,7.7395644
13,4170,7.6316977
13,4185,7.5213156
13,4200,7.40884
13,4215,7.2946386
13,4230,7.1790705
13,4245,7.0624447
13,4260,6.9450526
13,4275,6.827162
13,4290,6.7090144
13,4305,6.590829
13,4320,6.472809
13,4335,6.369721
13,4350,6.310581
13,4365,6.291383
13,4380,6.3069334
13,4395,6.3536158
13,4410,6.428423
13,4425,6.5286503
13,4440,6.6518116
13,4455,6.795621
13,4470,6.9579563
13,4485,7.136843
13,4500,7.3304567
13,4515,7.5371246
13,4530,7.7552857
13,4545,7.965097
13,4560,8.139736
13,4575,8.283361
13,4590,8.399938
13,4605,8.49208
13,4620,8.561923
13,4635,8.611398
13,4650,8.642273
13,4665,8.656187
13,4680,8.654665
13,4695,8.639127
13,4710,8.610885
13,4725,8.571153
13,4740,8.521056
13,4755,8.461629
13,4770,8.393832
13,4785,8.318552
13,4800,8.236603
13,4815,8.148739
13,4830,8.055654
13,4845,7.9579835
13,4860,7.8563156
13,4875,7.7511926
13,4890,7.643107
13,4905,7.5325103
13,4920,7.4198246
13,4935,7.3054166
13,4950,7.1896462
13,4965,7.0728226
13,4980,6.9552364
13,4995,6.8371553
13,5010,6.7188215
13,5025,6.600453
13,5040,6.4822536
13,5055,6.37899
13,5070,6.319678
13,5085,6.3003106
13,5100,6.3156962
13,5115,6.3622165
13,5130,6.4368644
13,5145,6.536936
13,5160,6.6599445
13,5175,6.8036036
13,5190,6.9657927
13,5205,7.144536
13,5220,7.3380084
13,5235,7.544538
13,5250,7.7625637
13,5265,7.9722424
13,5280,8.146751
13,5295,8.290249
13,5310,8.406701
13,5325,8.49872
13,5340,8.568443
13,5355,8.6178
13,5370,8.64856
13,5385,8.66236
13,5400,8.6607275
13,5415,8.64508
13,5430,8.616731
13,5445,8.576895
13,5460,8.526694
13,5475,8.467166
13,5490,8.399271
13,5505,8.323894
13,5520,8.241848
13,5535,8.153892
13,5550,8.060715
13,5565,7.962954
13,5580,7.8611984
13,5595,7.755988
13,5610,7.6478176
13,5625,7.5371375
13,5640,7.42437
13,5655,7.3098817
13,5670,7.1940327
13,5685,7.0771317
13,5700,6.95947
13,5715,6.8413143
13,5730,6.722907
13,5745,6.604467
13,5760,6.4861975
13,5775,6.382865
13,5790,6.323485
13,5805,6.304051
13,5820,6.319371
13,5835,6.365827
13,5850,6.4404125
13,5865,6.540422
13,5880,6.6633706
13,5895,6.8069706
13,5910,6.969101
13,5925,7.147787
13,5940,7.341203
13,5955,7.547678
13,5970,7.76565
13,5985,7.9752755
13,6000,8.149733
13,6015,8.293179
13,6030,8.40958
13,6045,8.501552
13,6060,8.571225
13,6075,8.620535
13,6090,8.651248
13,6105,8.665003
13,6120,8.663325
13,6135,8.647634
13,6150,8.619241
13,6165,8.579362
13,6180,8.52912
13,6195,8.469552
13,6210,8.401616
13,6225,8.326199
13,6240,8.244115
13,6255,8.15612
13,6270,8.062905
13,6285,7.9651084
13,6300,7.8633165
13,6315,7.758071
13,6330,7.6498656
13,6345,7.539151
13,6360,7.4263496
13,6375,7.3118286
13,6390,7.195947
13,6405,7.0790143
13,6420,6.961321
13,6435,6.8431344
13,6450,6.7246976
13,6465,6.6062274
13,6480,6.487929
13,6495,6.369978
13,6510,6.252541
13,6525,6.135764
13,6540,6.0197783
13,6555,5.9047017
13,6570,5.79064
13,6585,5.6776876
13,6600,5.565925
13,6615,5.455427
13,6630,5.3462605
13,6645,5.2384872
13,6660,5.132141
13,6675,5.0272727
13,6690,4.923923
13,6705,4.8221297
13,6720,4.7219095
13,6735,4.6232843
13,6750,4.52627
13,6765,4.4308767
13,6780,4.337108
13,6795,4.244967
13,6810,4.154456
13,6825,4.065571
13,6840,3.9783075
13,6855,3.8926597
13,6870,3.8086212
13,6885,3.7261786
13,6900,3.6453223
13,6915,3.5660396
13,6930,3.4883134
13,6945,3.4121287
13,6960,3.3374672
13,6975,3.264311
13,6990,3.1926398
13,7005,3.1224346
13,7020,3.0536745
13,7035,2.9863384
13,7050,2.9204054
13,7065,2.855854
13,7080,2.7926624
13,7095,2.730808
13,7110,2.6702693
13,7125,2.6110234
13,7140,2.5530481
13,7155,2.4963205
13,7170,2.440818
13,7185,2.3865185
13,7200,2.333399
14,0,0
14,3,0.0001562307
14,6,0.0011636318
14,9,0.0035497174
14,12,0.007577386
14,15,0.0133445235
14,18,0.020860594
14,21,0.030092606
14,24,0.040990483
14,27,0.053499326
14,30,0.06756509
14,33,0.0831371
14,36,0.10016864
14,39,0.11861704
14,42,0.13844322
14,45,0.15961118
14,48,0.18208747
14,51,0.20584065
14,54,0.23084106
14,57,0.25706047
14,60,0.28447184
14,63,0.31304914
14,66,0.3427674
14,69,0.37360206
14,72,0.40552983
14,75,0.43852732
14,78,0.47257224
14,81,0.50764227
14,84,0.5437157
14,87,0.58077115
14,90,0.61878747
14,93,0.65774417
14,96,0.6976209
14,99,0.7383977
14,102,0.78005505
14,105,0.8225737
14,108,0.86593395
14,111,0.91011745
14,114,0.9551059
14,117,1.0008814
14,120,1.0474263
14,135,1.2910758
14,150,1.5514251
14,165,1.8265321
14,180,2.1146033
14,195,2.4139879
14,210,2.7231462
14,225,3.0237727
14,240,3.290054
14,255,3.5250602
14,270,3.732515
14,285,3.914958
14,300,4.074438
14,315,4.212775
14,330,4.3316593
14,345,4.4326587
14,360,4.5172334
14,375,4.5867424
14,390,4.6424522
14,405,4.685538
14,420,4.7170887
14,435,4.738113
14,450,4.7495437
14,465,4.7522464
14,480,4.7470217
14,495,4.734608
14,510,4.7156897
14,525,4.690899
14,540,4.6608205
14,555,4.625995
14,570,4.5869093
14,585,4.5440397
14,600,4.4977884
14,615,4.448537
14,630,4.396657
14,645,4.342457
14,660,4.2862453
14,675,4.2282996
14,690,4.1688743
14,705,4.108201
14,720,4.0465016
14,735,3.9973187
14,750,3.988382
14,765,4.016767
14,780,4.0776525
14,795,4.1675453
14,810,4.2835865
14,825,4.423192
14,840,4.584008
14,855,4.76387
14,870,4.9607596
14,885,5.1728077
14,900,5.398289
14,915,5.6356144
14,930,5.8832946
14,945,6.1230836
14,960,6.329162
14,975,6.5046706
14,990,6.65337
14,1005,6.777829
14,1020,6.8800607
14,1035,6.961967
14,1050,7.0252466
14,1065,7.0714593
14,1080,7.102077
14,1095,7.1184793
14,1110,7.1219416
14,1125,7.113639
14,1140,7.0946617
14,1155,7.0660214
14,1170,7.0286546
14,1185,6.9834256
14,1200,6.9311304
14,1215,6.8725066
14,1230,6.808227
14,1245,6.738919
14,1260,6.6651587
14,1275,6.5874753
14,1290,6.5063586
14,1305,6.4222565
14,1320,6.335581
14,1335,6.2467113
14,1350,6.155992
14,1365,6.063742
14,1380,5.9702535
14,1395,5.875791
14,1410,5.7806034
14,1425,5.684909
14,1440,5.5889077
14,1455,5.5061145
14,1470,5.464267
14,1485,5.460438
14,1500,5.489786
14,1515,5.5488114
14,1530,5.634641
14,1545,5.744684
14,1560,5.8765774
14,1575,6.028138
14,1590,6.19734
14,1605,6.3823028
14,1620,6.5812874
14,1635,6.7926927
14,1650,7.0150204
14,1665,7.230019
14,1680,7.411842
14,1695,7.56363
14,1710,7.6891284
14,1725,7.790877
14,1740,7.8709273
14,1755,7.9311266
14,1770,7.973165
14,1785,7.998613
14,1800,8.008924
14,1815,8.00546
14,1830,7.989488
14,1845,7.96218
14,1860,7.9246163
14,1875,7.8777976
14,1890,7.8226485
14,1905,7.760025
14,1920,7.690719
14,1935,7.615457
14,1950,7.53491
14,1965,7.4496913
14,1980,7.36037
14,1995,7.267466
14,2010,7.171462
14,2025,7.072799
14,2040,6.9718847
14,2055,6.869089
14,2070,6.7647543
14,2085,6.65919
14,2100,6.552681
14,2115,6.4454856
14,2130,6.3378406
14,2145,6.2299614
14,2160,6.122045
14,2175,6.0276117
14,2190,5.974382
14,2205,5.959424
14,2220,5.9778905
14,2235,6.0262766
14,2250,6.1016974
14,2265,6.2015686
14,2280,6.3235245
14,2295,6.4653726
14,2310,6.625075
14,2325,6.800746
14,2340,6.990647
14,2355,7.193169
14,2370,7.406815
14,2385,7.6133304
14,2400,7.7868567
14,2415,7.930534
14,2430,8.048101
14,2445,8.142096
14,2460,8.214563
14,2475,8.267346
14,2490,8.302134
14,2505,8.320491
14,2520,8.323867
14,2535,8.3136215
14,2550,8.2910185
14,2565,8.257223
14,2580,8.213316
14,2595,8.160293
14,2610,8.099074
14,2625,8.030516
14,2640,7.955405
14,2655,7.874465
14,2670,7.7883654
14,2685,7.697715
14,2700,7.603081
14,2715,7.504981
14,2730,7.4038944
14,2745,7.30026
14,2760,7.1944814
14,2775,7.0869293
14,2790,6.9779406
14,2805,6.867825
14,2820,6.756863
14,2835,6.645313
14,2850,6.5334077
14,2865,6.421362
14,2880,6.309369
14,2895,6.2109485
14,2910,6.153818
14,2925,6.135045
14,2940,6.149781
14,2955,6.1945176
14,2970,6.26637
14,2985,6.3627505
14,3000,6.481293
14,3015,6.6198025
14,3030,6.77624
14,3045,6.9487185
14,3060,7.135496
14,3075,7.3349648
14,3090,7.545624
14,3105,7.749219
14,3120,7.9198875
14,3135,8.060771
14,3150,8.175605
14,3165,8.266925
14,3180,8.336777
14,3195,8.387
14,3210,8.419284
14,3225,8.435191
14,3240,8.436171
14,3255,8.423581
14,3270,8.398684
14,3285,8.362643
14,3300,8.31654
14,3315,8.261367
14,3330,8.198046
14,3345,8.127429
14,3360,8.050304
14,3375,7.967393
14,3390,7.879365
14,3405,7.786827
14,3420,7.690347
14,3435,7.5904393
14,3450,7.487584
14,3465,7.3822184
14,3480,7.2747455
14,3495,7.165535
14,3510,7.0549235
14,3525,6.943219
14,3540,6.8307033
14,3555,6.7176313
14,3570,6.6042376
14,3585,6.490734
14,3600,6.377315
14,3615,6.2774982
14,3630,6.2190013
14,3645,6.198891
14,3660,6.2123184
14,3675,6.2557745
14,3690,6.326373
14,3705,6.421528
14,3720,6.5388703
14,3735,6.6762056
14,3750,6.8314934
14,3765,7.0028477
14,3780,7.1885247
14,3795,7.3869166
14,3810,7.596522
14,3825,7.7990856
14,3840,7.968745
14,3855,8.108641
14,3870,8.222507
14,3885,8.312881
14,3900,8.381807
14,3915,8.431124
14,3930,8.46252
14,3945,8.477557
14,3960,8.477686
14,3975,8.464263
14,3990,8.43855
14,4005,8.401711
14,4020,8.354826
14,4035,8.298887
14,4050,8.234817
14,4065,8.1634655
14,4080,8.085622
14,4095,8.002007
14,4110,7.9132886
14,4125,7.8200755
14,4140,7.7229347
14,4155,7.62238
14,4170,7.51889
14,4185,7.4129033
14,4200,7.304822
14,4215,7.195016
14,4230,7.083821
14,4245,6.971545
14,4260,6.8584695
14,4275,6.7448497
14,4290,6.630919
14,4305,6.5168896
14,4320,6.402955
14,4335,6.3026342
14,4350,6.2436433
14,4365,6.223049
14,4380,6.2360024
14,4395,6.278994
14,4410,6.3491383
14,4425,6.4438477
14,4440,6.5607543
14,4455,6.697663
14,4470,6.8525324
14,4485,7.023477
14,4500,7.2087536
14,4515,7.406753
14,4530,7.6159735
14,4545,7.818161
14,4560,7.9874516
14,4575,8.126986
14,4590,8.240499
14,4605,8.330526
14,4620,8.399112
14,4635,8.448095
14,4650,8.479161
14,4665,8.493873
14,4680,8.493687
14,4695,8.47996
14,4710,8.45395
14,4725,8.41682
14,4740,8.369649
14,4755,8.313431
14,4770,8.249085
14,4785,8.177466
14,4800,8.099355
14,4815,8.015475
14,4830,7.9264965
14,4845,7.8330293
14,4860,7.7356396
14,4875,7.6348505
14,4890,7.531132
14,4905,7.4249296
14,4920,7.3166375
14,4935,7.206619
14,4950,7.095216
14,4965,6.9827275
14,4980,6.8694406
14,4995,6.7556105
14,5010,6.641471
14,5025,6.5272374
14,5040,6.4131045
14,5055,6.3125916
14,5070,6.2534127
14,5085,6.2326345
14,5100,6.245407
14,5115,6.288223
14,5130,6.3581934
14,5145,6.4527335
14,5160,6.5694737
14,5175,6.7062197
14,5190,6.86093
14,5205,7.0317183
14,5220,7.2168417
14,5235,7.414691
14,5250,7.6237645
14,5265,7.825808
14,5280,7.9949574
14,5295,8.134353
14,5310,8.24773
14,5325,8.337625
14,5340,8.40608
14,5355,8.454936
14,5370,8.485877
14,5385,8.500465
14,5400,8.500159
14,5415,8.486314
14,5430,8.460188
14,5445,8.422944
14,5460,8.375663
14,5475,8.319335
14,5490,8.254882
14,5505,8.183158
14,5520,8.104943
14,5535,8.020963
14,5550,7.931885
14,5565,7.8383207
14,5580,7.740835
14,5595,7.6399527
14,5610,7.5361423
14,5625,7.4298496
14,5640,7.3214693
14,5655,7.211364
14,5670,7.0998755
14,5685,6.987304
14,5700,6.873935
14,5715,6.760025
14,5730,6.6458063
14,5745,6.531495
14,5760,6.417287
14,5775,6.316699
14,5790,6.2574472
14,5805,6.2365975
14,5820,6.2492995
14,5835,6.292046
14,5850,6.3619494
14,5865,6.456423
14,5880,6.573098
14,5895,6.7097797
14,5910,6.864427
14,5925,7.035154
14,5940,7.220217
14,5955,7.418007
14,5970,7.6270227
14,5985,7.829009
14,6000,7.998102
14,6015,8.137443
14,6030,8.250767
14,6045,8.340609
14,6060,8.409012
14,6075,8.457816
14,6090,8.488708
14,6105,8.503247
14,6120,8.5028925
14,6135,8.489
14,6150,8.462828
14,6165,8.425538
14,6180,8.378212
14,6195,8.321839
14,6210,8.257344
14,6225,8.185577
14,6240,8.107321
14,6255,8.0233
14,6270,7.9341817
14,6285,7.840578
14,6300,7.743054
14,6315,7.642133
14,6330,7.538286
14,6345,7.4319563
14,6360,7.32354
14,6375,7.213399
14,6390,7.1018763
14,6405,6.9892707
14,6420,6.8758683
14,6435,6.761925
14,6450,6.6476746
14,6465,6.5333314
14,6480,6.4190917
14,6495,6.305128
14,6510,6.1916013
14,6525,6.0786533
14,6540,5.9664125
14,6555,5.854995
14,6570,5.7445035
14,6585,5.63503
14,6600,5.526655
14,6615,5.4194536
14,6630,5.3134923
14,6645,5.2088256
14,6660,5.105495
14,6675,5.003552
14,6690,4.903038
14,6705,4.803987
14,6720,4.7064166
14,6735,4.610352
14,6750,4.515808
14,6765,4.422796
14,6780,4.3313193
14,6795,4.241388
14,6810,4.153001
14,6825,4.0661573
14,6840,3.9808547
14,6855,3.89709
14,6870,3.814856
14,6885,3.7341433
14,6900,3.6549437
14,6915,3.577244
14,6930,3.5010312
14,6945,3.4262905
14,6960,3.3530066
14,6975,3.2811623
14,6990,3.2107399
14,7005,3.1417215
14,7020,3.0740886
14,7035,3.0078216
14,7050,2.9429011
14,7065,2.8793077
14,7080,2.8170207
14,7095,2.75602
14,7110,2.696285
14,7125,2.6377945
14,7140,2.5805278
14,7155,2.524464
14,7170,2.4695816
14,7185,2.4158597
14,7200,2.3632774
15,0,0
15,3,0.00016500945
15,6,0.0011806593
15,9,0.0035263808
15,12,0.00742519
15,15,0.012949075
15,18,0.020092823
15,21,0.028816517
15,24,0.03906818
15,27,0.05079406
15,30,0.063942924
15,33,0.07846776
15,36,0.094325885
15,39,0.11147859
15,42,0.12989056
15,45,0.14952931
15,48,0.17036451
15,51,0.19236758
15,54,0.21551135
15,57,0.23976985
15,60,0.26511812
15,63,0.29153198
15,66,0.31898808
15,69,0.34746367
15,72,0.37693653
15,75,0.4073851
15,78,0.43878803
15,81,0.47112456
15,84,0.5043741
15,87,0.5385164
15,90,0.57353175
15,93,0.6094006
15,96,0.6461038
15,99,0.68362254
15,102,0.7219383
15,105,0.76103294
15,108,0.8008886
15,111,0.84148705
15,114,0.88281125
15,117,0.9248444
15,120,0.9675697
15,135,1.1910068
15,150,1.429376
15,165,1.6808606
15,180,1.9437871
15,195,2.2166166
15,210,2.497914
15,225,2.7700522
15,240,3.0097358
15,255,3.2203214
15,270,3.4052012
15,285,3.566706
15,300,3.7067835
15,315,3.827172
15,330,3.9294827
15,345,4.015217
15,360,4.0857663
15,375,4.1424227
15,390,4.1863832
15,405,4.2187614
15,420,4.2405877
15,435,4.252816
15,450,4.2563314
15,465,4.2519426
15,480,4.2404056
15,495,4.222413
15,510,4.1986055
15,525,4.169577
15,540,4.1358705
15,555,4.0979886
15,570,4.056396
15,585,4.0115166
15,600,3.9637473
15,615,3.9134388
15,630,3.8609312
15,645,3.8065217
15,660,3.7504756
15,675,3.693063
15,690,3.6345034
15,705,3.5750086
15,720,3.514778
15,735,3.4669235
15,750,3.4567597
15,765,3.4809325
15,780,3.5350008
15,795,3.6157737
15,810,3.7205527
15,825,3.8469148
15,840,3.9926398
15,855,4.155669
15,870,4.3341
15,885,4.526178
15,900,4.7302885
15,915,4.9449434
15,930,5.1687546
15,945,5.384145
15,960,5.567814
15,975,5.7231717
15,990,5.8536353
15,1005,5.9615674
15,1020,6.0488663
15,1035,6.1173563
15,1050,6.1686425
15,1065,6.204218
15,1080,6.2254753
15,1095,6.2337227
15,1110,6.230167
15,1125,6.215915
15,1140,6.191994
15,1155,6.159355
15,1170,6.1188793
15,1185,6.0713763
15,1200,6.0175934
15,1215,5.9582167
15,1230,5.893876
15,1245,5.8251586
15,1260,5.752594
15,1275,5.676678
15,1290,5.5978627
15,1305,5.5165615
15,1320,5.4331565
15,1335,5.347993
15,1350,5.2613907
15,1365,5.1736393
15,1380,5.0850034
15,1395,4.9957266
15,1410,4.906028
15,1425,4.8161125
15,1440,4.7261558
15,1455,4.649251
15,1470,4.6107006
15,1485,4.6071463
15,1500,4.634129
15,1515,4.6884627
15,1530,4.7674184
15,1545,4.868568
15,1560,4.98967
15,1575,5.1286645
15,1590,5.2836328
15,1605,5.4528084
15,1620,5.6345677
15,1635,5.827412
15,1650,6.029936
15,1665,6.2245445
15,1680,6.3879304
15,1695,6.5234947
15,1710,6.6346426
15,1725,6.723704
15,1740,6.7926235
15,1755,6.843159
15,1770,6.87692
15,1785,6.8953967
15,1800,6.899976
15,1815,6.8919444
15,1830,6.872498
15,1845,6.842741
15,1860,6.803691
15,1875,6.756289
15,1890,6.7014046
15,1905,6.63984
15,1920,6.572334
15,1935,6.4995685
15,1950,6.422164
15,1965,6.340698
15,1980,6.2556944
15,1995,6.16764
15,2010,6.0769806
15,2025,5.984123
15,2040,5.889441
15,2055,5.7932734
15,2070,5.695936
15,2085,5.5977077
15,2100,5.4988494
15,2115,5.3996024
15,2130,5.300171
15,2145,5.200757
15,2160,5.1015377
15,2175,5.0156107
15,2190,4.968257
15,2205,4.956115
15,2220,4.9747214
15,2235,5.0208817
15,2250,5.0918655
15,2265,5.1852446
15,2280,5.298763
15,2295,5.4303513
15,2310,5.5780997
15,2325,5.7402387
15,2340,5.915132
15,2355,6.101275
15,2370,6.2972574
15,2385,6.4854956
15,2400,6.642667
15,2415,6.7721686
15,2430,6.877402
15,2445,6.9606943
15,2460,7.0239844
15,2475,7.0690274
15,2490,7.0974293
15,2505,7.110678
15,2520,7.110157
15,2535,7.0971484
15,2550,7.072846
15,2565,7.0383496
15,2580,6.994675
15,2595,6.9427614
15,2610,6.883474
15,2625,6.8176126
15,2640,6.745914
15,2655,6.669057
15,2670,6.58766
15,2685,6.502298
15,2700,6.4134927
15,2715,6.3217278
15,2730,6.2274475
15,2745,6.131056
15,2760,6.032925
15,2775,5.9333916
15,2790,5.832769
15,2805,5.7313356
15,2820,5.6293483
15,2835,5.527047
15,2850,5.4246364
15,2865,5.322313
15,2880,5.2202554
15,2895,5.131558
15,2910,5.0815
15,2925,5.0667195
15,2940,5.0827518
15,2955,5.126399
15,2970,5.1949315
15,2985,5.2859178
15,3000,5.397101
15,3015,5.526411
15,3030,5.6719365
15,3045,5.8319063
15,3060,6.0046825
15,3075,6.1887593
15,3090,6.382726
15,3105,6.5689974
15,3120,6.7242484
15,3135,6.8518763
15,3150,6.955281
15,3165,7.036788
15,3180,7.0983353
15,3195,7.141677
15,3210,7.1684184
15,3225,7.1800466
15,3240,7.177943
15,3255,7.1633897
15,3270,7.1375785
15,3285,7.101609
15,3300,7.056497
15,3315,7.0031796
15,3330,6.9425216
15,3345,6.875322
15,3360,6.8023167
15,3375,6.724183
15,3390,6.64154
15,3405,6.554961
15,3420,6.4649677
15,3435,6.372043
15,3450,6.2766294
15,3465,6.179131
15,3480,6.0799203
15,3495,5.9793315
15,3510,5.8776774
15,3525,5.775238
15,3540,5.6722674
15,3555,5.5690055
15,3570,5.465658
15,3585,5.362418
15,3600,5.259466
15,3615,5.169895
15,3630,5.118984
15,3645,5.10337
15,3660,5.1185884
15,3675,5.161441
15,3690,5.2291975
15,3705,5.3194256
15,3720,5.4298687
15,3735,5.558456
15,3750,5.7032757
15,3765,5.862556
15,3780,6.034659
15,3795,6.218078
15,3810,6.4114027
15,3825,6.5970464
15,3840,6.7516847
15,3855,6.8787146
15,3870,6.981534
15,3885,7.0624704
15,3900,7.12346
15,3915,7.1662564
15,3930,7.1924653
15,3945,7.2035728
15,3960,7.200961
15,3975,7.18591
15,3990,7.1596136
15,4005,7.1231704
15,4020,7.0775943
15,4035,7.0238237
15,4050,6.9627223
15,4065,6.89509
15,4080,6.8216615
15,4095,6.7431145
15,4110,6.6600676
15,4125,6.573094
15,4140,6.482714
15,4155,6.389412
15,4170,6.293629
15,4185,6.1957703
15,4200,6.0962067
15,4215,5.9952736
15,4230,5.8932824
15,4245,5.790514
15,4260,5.687221
15,4275,5.583644
15,4290,5.4799886
15,4305,5.376448
15,4320,5.2732015
15,4335,5.183343
15,4350,5.13215
15,4365,5.1162615
15,4380,5.1312113
15,4395,5.1738005
15,4410,5.2412996
15,4425,5.331277
15,4440,5.4414744
15,4455,5.5698214
15,4470,5.7144065
15,4485,5.873457
15,4500,6.0453353
15,4515,6.228535
15,4530,6.4216456
15,4545,6.6070795
15,4560,6.7615128
15,4575,6.8883414
15,4590,6.9909654
15,4605,7.0717096
15,4620,7.132511
15,4635,7.175124
15,4650,7.2011533
15,4665,7.2120852
15,4680,7.2093015
15,4695,7.194083
15,4710,7.1676216
15,4725,7.131017
15,4740,7.0852838
15,4755,7.031359
15,4770,6.970107
15,4785,6.902327
15,4800,6.8287544
15,4815,6.750066
15,4830,6.6668806
15,4845,6.5797715
15,4860,6.4892592
15,4875,6.3958273
15,4890,6.2999177
15,4905,6.201935
15,4920,6.1022496
15,4935,6.001197
15,4950,5.8990893
15,4965,5.796207
15,4980,5.6928024
15,4995,5.589116
15,5010,5.4853535
15,5025,5.381708
15,5040,5.278359
15,5055,5.1884003
15,5070,5.1371093
15,5085,5.121124
15,5100,5.135979
15,5115,5.1784763
15,5130,5.2458854
15,5145,5.3357744
15,5160,5.445885
15,5175,5.574147
15,5190,5.7186494
15,5205,5.877619
15,5220,6.0494175
15,5235,6.2325397
15,5250,6.4255733
15,5265,6.610933
15,5280,6.765293
15,5295,6.8920503
15,5310,6.994604
15,5325,7.075279
15,5340,7.136014
15,5355,7.178561
15,5370,7.204526
15,5385,7.2153945
15,5400,7.2125487
15,5415,7.1972694
15,5430,7.1707487
15,5445,7.134086
15,5460,7.0882955
15,5475,7.0343146
15,5490,6.9730077
15,5505,6.9051743
15,5520,6.8315487
15,5535,6.7528086
15,5550,6.669573
15,5565,6.582414
15,5580,6.491853
15,5595,6.398374
15,5610,6.3024178
15,5625,6.2043886
15,5640,6.1046586
15,5655,6.003562
15,5670,5.9014115
15,5685,5.7984867
15,5700,5.69504
15,5715,5.5913134
15,5730,5.487511
15,5745,5.3838267
15,5760,5.2804394
15,5775,5.1904426
15,5790,5.139115
15,5805,5.1230936
15,5820,5.1379137
15,5835,5.180376
15,5850,5.247751
15,5865,5.3376064
15,5880,5.447685
15,5895,5.575915
15,5910,5.720385
15,5925,5.879324
15,5940,6.0510926
15,5955,6.2341847
15,5970,6.42719
15,5985,6.6125207
15,6000,6.766853
15,6015,6.893583
15,6030,6.9961095
15,6045,7.0767584
15,6060,7.137467
15,6075,7.179989
15,6090,7.2059283
15,6105,7.2167726
15,6120,7.213903
15,6135,7.1986003
15,6150,7.1720567
15,6165,7.135371
15,6180,7.0895586
15,6195,7.035556
15,6210,6.9742274
15,6225,6.9063725
15,6240,6.8327265
15,6255,6.7539663
15,6270,6.6707106
15,6285,6.5835323
15,6300,6.492953
15,6315,6.399454
15,6330,6.3034797
15,6345,6.2054324
15,6360,6.1056848
15,6375,6.0045705
15,6390,5.902403
15,6405,5.799461
15,6420,5.695998
15,6435,5.592255
15,6450,5.488437
15,6465,5.384737
15,6480,5.281334
15,6495,5.1783767
15,6510,5.07601
15,6525,4.9743624
15,6540,4.8735423
15,6555,4.773653
15,6570,4.674784
15,6585,4.5770135
15,6600,4.480412
15,6615,4.3850403
15,6630,4.2909517
15,6645,4.198194
15,6660,4.1068044
15,6675,4.0168166
15,6690,3.9282598
15,6705,3.841154
15,6720,3.7555184
15,6735,3.6713665
15,6750,3.5887065
15,6765,3.507545
15,6780,3.4278846
15,6795,3.3497245
15,6810,3.2730625
15,6825,3.1978924
15,6840,3.124207
15,6855,3.0519974
15,6870,2.9812515
15,6885,2.9119573
15,6900,2.8441007
15,6915,2.7776656
15,6930,2.7126362
15,6945,2.6489952
15,6960,2.5867238
15,6975,2.5258033
15,6990,2.4662142
15,7005,2.407936
15,7020,2.3509488
15,7035,2.295231
15,7050,2.2407615
15,7065,2.1875193
15,7080,2.1354825
15,7095,2.0846293
15,7110,2.0349383
15,7125,1.9863873
15,7140,1.9389547
15,7155,1.8926189
15,7170,1.8473582
15,7185,1.803151
15,7200,1.7599761
16,0,0
16,3,0.00016822529
16,6,0.001201588
16,9,0.0035920818
16,12,0.0075718327
16,15,0.013217235
16,18,0.020524021
16,21,0.029451102
16,24,0.0399442
16,27,0.051946748
16,30,0.0654047
16,33,0.08026843
16,36,0.096492946
16,39,0.11403755
16,42,0.13286527
16,45,0.15294223
16,48,0.1742369
16,51,0.19671969
16,54,0.22036257
16,57,0.24513878
16,60,0.27102268
16,63,0.29798943
16,66,0.3260151
16,69,0.3550763
16,72,0.38515043
16,75,0.4162152
16,78,0.4482489
16,81,0.48123014
16,84,0.5151378
16,87,0.54995126
16,90,0.5856502
16,93,0.62221456
16,96,0.6596248
16,99,0.6978616
16,102,0.73690593
16,105,0.77673924
16,108,0.81734294
16,111,0.85869867
16,114,0.90078896
16,117,0.9435964
16,120,0.98710406
16,135,1.2145535
16,150,1.4570683
16,165,1.7127851
16,180,1.9799886
16,195,2.2571042
16,210,2.5426633
16,225,2.818667
16,240,3.0611963
16,255,3.2738016
16,270,3.460058
16,285,3.6223774
16,300,3.7627656
16,315,3.8830113
16,330,3.9847755
16,345,4.0696063
16,360,4.1389403
16,375,4.19411
16,390,4.23635
16,405,4.266806
16,420,4.286539
16,435,4.2965307
16,450,4.297691
16,465,4.2908545
16,480,4.2767944
16,495,4.2562246
16,510,4.2297974
16,525,4.198124
16,540,4.161757
16,555,4.121214
16,570,4.0769672
16,585,4.02945
16,600,3.9790654
16,615,3.9261756
16,630,3.87112
16,645,3.814208
16,660,3.7557259
16,675,3.6959226
16,690,3.6350448
16,705,3.5733068
16,720,3.510888
16,735,3.4611757
16,750,3.4501238
16,765,3.4742417
16,780,3.528873
16,795,3.61071
16,810,3.7169847
16,825,3.8452163
16,840,3.9931185
16,855,4.158576
16,870,4.3396354
16,885,4.5344987
16,900,4.7415094
16,915,4.959143
16,930,5.1859717
16,945,5.404043
16,960,5.5894384
16,975,5.745756
16,990,5.876597
16,1005,5.984387
16,1020,6.0711303
16,1035,6.1386476
16,1050,6.1886077
16,1065,6.2225633
16,1080,6.2419434
16,1095,6.248088
16,1110,6.242238
16,1125,6.2255387
16,1140,6.1990466
16,1155,6.163737
16,1170,6.1205106
16,1185,6.070199
16,1200,6.0135684
16,1215,5.9513235
16,1230,5.8841124
16,1245,5.812531
16,1260,5.7371325
16,1275,5.6584125
16,1290,5.576842
16,1305,5.492828
16,1320,5.4067707
16,1335,5.3190093
16,1350,5.2298784
16,1365,5.139663
16,1380,5.048641
16,1395,4.95705
16,1410,4.865119
16,1425,4.7730446
16,1440,4.6810155
16,1455,4.602402
16,1470,4.5631366
16,1485,4.5597157
16,1500,4.587469
16,1515,4.6430774
16,1530,4.7237597
16,1545,4.8270183
16,1560,4.9505587
16,1575,5.092252
16,1590,5.25013
16,1605,5.4223824
16,1620,5.607339
16,1635,5.8034625
16,1650,6.009316
16,1665,6.2069345
16,1680,6.3723817
16,1695,6.5092473
16,1710,6.6211176
16,1725,6.7104297
16,1740,6.779113
16,1755,6.8290377
16,1770,6.861853
16,1785,6.8790636
16,1800,6.8821216
16,1815,6.872361
16,1830,6.8510003
16,1845,6.8191733
16,1860,6.777932
16,1875,6.728245
16,1890,6.6710024
16,1905,6.6070266
16,1920,6.5370693
16,1935,6.461828
16,1950,6.3819427
16,1965,6.298003
16,1980,6.21055
16,1995,6.1200795
16,2010,6.0270452
16,2025,5.931861
16,2040,5.8349066
16,2055,5.7365284
16,2070,5.6370425
16,2085,5.536738
16,2100,5.435877
16,2115,5.3346977
16,2130,5.2334166
16,2145,5.1322303
16,2160,5.031313
16,2175,4.944044
16,2190,4.8963413
16,2205,4.884695
16,2220,4.904431
16,2235,4.952224
16,2250,5.025288
16,2265,5.121121
16,2280,5.237424
16,2295,5.372062
16,2310,5.5230656
16,2325,5.6886153
16,2340,5.867029
16,2355,6.056776
16,2370,6.2564044
16,2385,6.4479785
16,2400,6.607532
16,2415,6.7386527
16,2430,6.844923
16,2445,6.928776
16,2460,6.992137
16,2475,7.0368714
16,2490,7.0646296
16,2505,7.076908
16,2520,7.0751553
16,2535,7.0607057
16,2550,7.034773
16,2565,6.998488
16,2580,6.9528995
16,2595,6.8989735
16,2610,6.8376
16,2625,6.7695956
16,2640,6.6957116
16,2655,6.6166406
16,2670,6.533019
16,2685,6.4454346
16,2700,6.354426
16,2715,6.260488
16,2730,6.164072
16,2745,6.0655913
16,2760,5.9654226
16,2775,5.8639092
16,2790,5.761366
16,2805,5.658079
16,2820,5.5543094
16,2835,5.450294
16,2850,5.3462477
16,2865,5.2423644
16,2880,5.1388187
16,2895,5.048983
16,2910,4.998777
16,2925,4.9846897
16,2940,5.0020447
16,2955,5.0475163
16,2970,5.1183167
16,2985,5.211942
16,3000,5.3260922
16,3015,5.458632
16,3030,5.607588
16,3045,5.771142
16,3060,5.947609
16,3075,6.135458
16,3090,6.3332343
16,3105,6.523003
16,3120,6.680796
16,3135,6.8101993
16,3150,6.9147944
16,3165,6.9970136
16,3180,7.058781
16,3195,7.10196
16,3210,7.1282015
16,3225,7.1390004
16,3240,7.135803
16,3255,7.1199446
16,3270,7.0926375
16,3285,7.0550117
16,3300,7.0081143
16,3315,6.9529114
16,3330,6.890293
16,3345,6.821073
16,3360,6.746004
16,3375,6.665776
16,3390,6.5810256
16,3405,6.492338
16,3420,6.4002533
16,3435,6.305264
16,3450,6.2078223
16,3465,6.1083407
16,3480,6.0071955
16,3495,5.9047294
16,3510,5.8012557
16,3525,5.6970606
16,3540,5.592405
16,3555,5.487524
16,3570,5.3826327
16,3585,5.277925
16,3600,5.173575
16,3615,5.0829535
16,3630,5.031981
16,3645,5.017145
16,3660,5.0337696
16,3675,5.078528
16,3690,5.1486325
16,3705,5.241579
16,3720,5.355066
16,3735,5.486958
16,3750,5.6352825
16,3765,5.79822
16,3780,5.9740853
16,3795,6.161347
16,3810,6.3585496
16,3825,6.5477586
16,3840,6.705005
16,3855,6.8338747
16,3870,6.9379487
16,3885,7.019659
16,3900,7.0809298
16,3915,7.123624
16,3930,7.1493917
16,3945,7.159728
16,3960,7.1560783
16,3975,7.1397786
16,3990,7.1120405
16,4005,7.073993
16,4020,7.0266848
16,4035,6.97108
16,4050,6.9080687
16,4065,6.8384657
16,4080,6.7630224
16,4095,6.6824284
16,4110,6.5973206
16,4125,6.5082836
16,4140,6.4158573
16,4155,6.3205338
16,4170,6.2227664
16,4185,6.122966
16,4200,6.021509
16,4215,5.918739
16,4230,5.814968
16,4245,5.7104826
16,4260,5.605542
16,4275,5.500384
16,4290,5.395221
16,4305,5.2902484
16,4320,5.185639
16,4335,5.094764
16,4350,5.043544
16,4365,5.028466
16,4380,5.044854
16,4395,5.0893817
16,4410,5.1592603
16,4425,5.251986
16,4440,5.365257
16,4455,5.496938
16,4470,5.6450567
16,4485,5.807793
16,4500,5.9834614
16,4515,6.1705303
16,4530,6.367545
16,4545,6.55657
16,4560,6.7136364
16,4575,6.8423305
16,4590,6.946233
16,4605,7.027775
16,4620,7.088881
16,4635,7.1314144
16,4650,7.157025
16,4665,7.1672077
16,4680,7.1634073
16,4695,7.1469607
16,4710,7.1190786
16,4725,7.08089
16,4740,7.033444
16,4755,6.9777045
16,4770,6.9145617
16,4785,6.8448296
16,4800,6.7692604
16,4815,6.6885433
16,4830,6.6033144
16,4845,6.514159
16,4860,6.421617
16,4875,6.3261805
16,4890,6.228302
16,4905,6.128393
16,4920,6.02683
16,4935,5.923956
16,4950,5.820083
16,4965,5.715498
16,4980,5.6104608
16,4995,5.5052066
16,5010,5.399951
16,5025,5.294886
16,5040,5.190187
16,5055,5.099225
16,5070,5.047919
16,5085,5.0327573
16,5100,5.0490627
16,5115,5.0935097
16,5130,5.1633096
16,5145,5.255958
16,5160,5.3691535
16,5175,5.500761
16,5190,5.648807
16,5205,5.8114724
16,5220,5.9870715
16,5235,6.1740723
16,5250,6.371021
16,5265,6.5599804
16,5280,6.7169833
16,5295,6.8456144
16,5310,6.9494557
16,5325,7.030938
16,5340,7.0919857
16,5355,7.1344614
16,5370,7.160015
16,5385,7.170143
16,5400,7.166289
16,5415,7.149789
16,5430,7.121855
16,5445,7.083616
16,5460,7.03612
16,5475,6.9803314
16,5490,6.917141
16,5505,6.8473616
16,5520,6.771746
16,5535,6.6909842
16,5550,6.6057115
16,5565,6.516513
16,5580,6.4239283
16,5595,6.3284497
16,5610,6.2305303
16,5625,6.1305814
16,5640,6.0289793
16,5655,5.9260664
16,5670,5.822156
16,5685,5.7175336
16,5700,5.61246
16,5715,5.50717
16,5730,5.40188
16,5745,5.2967806
16,5760,5.192048
16,5775,5.101053
16,5790,5.0497146
16,5805,5.034521
16,5820,5.050796
16,5835,5.0952125
16,5850,5.1649823
16,5865,5.2576013
16,5880,5.370768
16,5895,5.5023475
16,5910,5.650366
16,5925,5.813004
16,5940,5.9885764
16,5955,6.1755514
16,5970,6.372474
16,5985,6.561409
16,6000,6.718387
16,6015,6.8469944
16,6030,6.950812
16,6045,7.032271
16,6060,7.0932956
16,6075,7.135749
16,6090,7.161281
16,6105,7.171387
16,6120,7.167512
16,6135,7.150991
16,6150,7.123037
16,6165,7.084778
16,6180,7.037262
16,6195,6.9814544
16,6210,6.918245
16,6225,6.8484473
16,6240,6.772814
16,6255,6.6920333
16,6270,6.6067433
16,6285,6.517527
16,6300,6.424926
16,6315,6.3294306
16,6330,6.231495
16,6345,6.13153
16,6360,6.029912
16,6375,5.9269834
16,6390,5.823058
16,6405,5.718421
16,6420,5.6133323
16,6435,5.508028
16,6450,5.4027233
16,6465,5.2976103
16,6480,5.1928644
16,6495,5.088642
16,6510,4.9850845
16,6525,4.882319
16,6540,4.7804585
16,6555,4.6796036
16,6570,4.5798435
16,6585,4.4812574
16,6600,4.383913
16,6615,4.287872
16,6630,4.1931868
16,6645,4.0999007
16,6660,4.0080533
16,6675,3.9176762
16,6690,3.8287938
16,6705,3.7414284
16,6720,3.655594
16,6735,3.5713036
16,6750,3.4885638
16,6765,3.4073787
16,6780,3.327749
16,6795,3.2496724
16,6810,3.1731439
16,6825,3.098157
16,6840,3.0247016
16,6855,2.9527667
16,6870,2.8823392
16,6885,2.8134046
16,6900,2.7459471
16,6915,2.6799493
16,6930,2.615393
16,6945,2.552259
16,6960,2.4905272
16,6975,2.4301775
16,6990,2.3711882
16,7005,2.3135378
16,7020,2.2572045
16,7035,2.2021654
16,7050,2.148398
16,7065,2.0958796
16,7080,2.0445871
16,7095,1.9944977
16,7110,1.945588
16,7125,1.897835
16,7140,1.851216
16,7155,1.8057078
16,7170,1.7612879
16,7185,1.7179337
16,7200,1.6756226
17,0,0
17,3,0.0001678139
17,6,0.0012623143
17,9,0.0038931777
17,12,0.008387746
17,15,0.014881383
17,18,0.023399258
17,21,0.03391043
17,24,0.046359677
17,27,0.06068387
17,30,0.0768201
17,33,0.09470928
17,36,0.11429716
17,39,0.13553448
17,42,0.1583764
17,45,0.18278182
17,48,0.20871267
17,51,0.23613322
17,54,0.26500967
17,57,0.29530978
17,60,0.3270026
17,63,0.36005828
17,66,0.394448
17,69,0.43014342
17,72,0.46711746
17,75,0.505343
17,78,0.54479396
17,81,0.5854443
17,84,0.6272684
17,87,0.67024136
17,90,0.7143383
17,93,0.7595351
17,96,0.8058078
17,99,0.85313296
17,102,0.9014874
17,105,0.9508485
17,108,1.0011932
17,111,1.0524998
17,114,1.1047465
17,117,1.1579124
17,120,1.2119764
17,135,1.4950417
17,150,1.7975668
17,165,2.1172605
17,180,2.452011
17,195,2.799876
17,210,3.1590474
17,225,3.5089583
17,240,3.8192146
17,255,4.092966
17,270,4.334452
17,285,4.54657
17,300,4.7316823
17,315,4.8919477
17,330,5.02936
17,345,5.14578
17,360,5.242948
17,375,5.3224845
17,390,5.3858914
17,405,5.4345603
17,420,5.4697843
17,435,5.4927554
17,450,5.5045776
17,465,5.506275
17,480,5.4987845
17,495,5.482978
17,510,5.45966
17,525,5.4295683
17,540,5.3933873
17,555,5.351748
17,570,5.3052263
17,585,5.2543564
17,600,5.199636
17,615,5.1415114
17,630,5.0803947
17,645,5.016677
17,660,4.9506884
17,675,4.8827605
17,690,4.8131814
17,705,4.7422123
17,720,4.6701074
17,735,4.611955
17,750,4.6002045
17,765,4.6319566
17,780,4.701634
17,795,4.8052807
17,810,4.9395494
17,825,5.1014442
17,840,5.288169
17,855,5.4971557
17,870,5.726027
17,885,5.972574
17,900,6.234757
17,915,6.510698
17,930,6.798652
17,945,7.0781126
17,960,7.318712
17,975,7.523642
17,990,7.697174
17,1005,7.842237
17,1020,7.961214
17,1035,8.056284
17,1050,8.129462
17,1065,8.182625
17,1080,8.217522
17,1095,8.23578
17,1110,8.238909
17,1125,8.228306
17,1140,8.205262
17,1155,8.170974
17,1170,8.126542
17,1185,8.072992
17,1200,8.011257
17,1215,7.9422097
17,1230,7.866635
17,1245,7.7852716
17,1260,7.6987877
17,1275,7.6078057
17,1290,7.512896
17,1305,7.4145827
17,1320,7.313348
17,1335,7.20963
17,1350,7.1038337
17,1365,6.9963255
17,1380,6.887442
17,1395,6.7774906
17,1410,6.666751
17,1425,6.555477
17,1440,6.443903
17,1455,6.3471236
17,1470,6.297538
17,1485,6.2922463
17,1500,6.3256884
17,1515,6.393858
17,1530,6.4934263
17,1545,6.6213493
17,1560,6.7748384
17,1575,6.951318
17,1590,7.1483893
17,1605,7.36383
17,1620,7.5955877
17,1635,7.841774
17,1650,8.100628
17,1665,8.35163
17,1680,8.564394
17,1695,8.742097
17,1710,8.889002
17,1725,9.008022
17,1740,9.101528
17,1755,9.171683
17,1770,9.220495
17,1785,9.249827
17,1800,9.261417
17,1815,9.25688
17,1830,9.237712
17,1845,9.205303
17,1860,9.160933
17,1875,9.105784
17,1890,9.040959
17,1905,8.967458
17,1920,8.886219
17,1935,8.798086
17,1950,8.703854
17,1965,8.604238
17,1980,8.4999075
17,1995,8.391474
17,2010,8.279496
17,2025,8.1644945
17,2040,8.046933
17,2055,7.927251
17,2070,7.8058386
17,2085,7.6830688
17,2100,7.559261
17,2115,7.434711
17,2130,7.309713
17,2145,7.1844916
17,2160,7.0592666
17,2175,6.949113
17,2190,6.886449
17,2205,6.8683734
17,2220,6.889314
17,2235,6.945262
17,2250,7.0328712
17,2265,7.1491117
17,2280,7.2911925
17,2295,7.456517
17,2310,7.642677
17,2325,7.8474464
17,2340,8.068772
17,2355,8.30476
17,2370,8.553646
17,2385,8.794907
17,2400,8.998146
17,2415,9.166537
17,2430,9.304337
17,2445,9.414453
17,2460,9.499253
17,2475,9.560895
17,2490,9.601379
17,2505,9.622567
17,2520,9.626191
17,2535,9.613864
17,2550,9.587082
17,2565,9.547225
17,2580,9.495572
17,2595,9.433302
17,2610,9.361502
17,2625,9.281179
17,2640,9.19326
17,2655,9.098596
17,2670,8.99797
17,2685,8.892105
17,2700,8.781667
17,2715,8.667264
17,2730,8.54945
17,2745,8.428746
17,2760,8.305602
17,2775,8.180462
17,2790,8.053704
17,2805,7.925686
17,2820,7.796739
17,2835,7.667162
17,2850,7.5372233
17,2865,7.4071765
17,2880,7.2772427
17,2895,7.1625085
17,2910,7.095362
17,2925,7.0729036
17,2940,7.0895553
17,2955,7.1413083
17,2970,7.224814
17,2985,7.337041
17,3000,7.4751954
17,3015,7.6366796
17,3030,7.819083
17,3045,8.020178
17,3060,8.23791
17,3075,8.470384
17,3090,8.715831
17,3105,8.953729
17,3120,9.153678
17,3135,9.3188505
17,3150,9.453502
17,3165,9.560537
17,3180,9.642323
17,3195,9.7010145
17,3210,9.738613
17,3225,9.756976
17,3240,9.757836
17,3255,9.742805
17,3270,9.713375
17,3285,9.670927
17,3300,9.616739
17,3315,9.551988
17,3330,9.477759
17,3345,9.395061
17,3360,9.304814
17,3375,9.207872
17,3390,9.105017
17,3405,8.996971
17,3420,8.884396
17,3435,8.767902
17,3450,8.64804
17,3465,8.525333
17,3480,8.40023
17,3495,8.273169
17,3510,8.144532
17,3525,8.014675
17,3540,7.883928
17,3555,7.7525873
17,3570,7.6209226
17,3585,7.4891853
17,3600,7.3575974
17,3615,7.2412434
17,3630,7.172511
17,3645,7.1485004
17,3660,7.163633
17,3675,7.2138987
17,3690,7.2959485
17,3705,7.4067507
17,3720,7.5435104
17,3735,7.70363
17,3750,7.8846974
17,3765,8.084485
17,3780,8.300937
17,3795,8.532158
17,3810,8.776379
17,3825,9.013076
17,3840,9.211851
17,3855,9.375874
17,3870,9.5093975
17,3885,9.615331
17,3900,9.696037
17,3915,9.753672
17,3930,9.7902355
17,3945,9.807585
17,3960,9.807452
17,3975,9.791448
17,3990,9.7610655
17,4005,9.717685
17,4020,9.662584
17,4035,9.596937
17,4050,9.521832
17,4065,9.438275
17,4080,9.347188
17,4095,9.249421
17,4110,9.14576
17,4125,9.036922
17,4140,8.923573
17,4155,8.80632
17,4170,8.685714
17,4185,8.562279
17,4200,8.436463
17,4215,8.308701
17,4230,8.17938
17,4245,8.048852
17,4260,7.917447
17,4275,7.785463
17,4290,7.653167
17,4305,7.52081
17,4320,7.3886166
17,4335,7.271668
17,4350,7.202354
17,4365,7.177773
17,4380,7.1923466
17,4395,7.242065
17,4410,7.323579
17,4425,7.4338555
17,4440,7.5701013
17,4455,7.7297163
17,4470,7.91029
17,4485,8.109593
17,4500,8.325571
17,4515,8.556328
17,4530,8.8000965
17,4545,9.036347
17,4560,9.234686
17,4575,9.398279
17,4590,9.531384
17,4605,9.636908
17,4620,9.71721
17,4635,9.77445
17,4650,9.810627
17,4665,9.827597
17,4680,9.827092
17,4695,9.810723
17,4710,9.779984
17,4725,9.736254
17,4740,9.680809
17,4755,9.614825
17,4770,9.539391
17,4785,9.455509
17,4800,9.364104
17,4815,9.2660265
17,4830,9.16206
17,4845,9.052923
17,4860,8.93928
17,4875,8.821739
17,4890,8.7008505
17,4905,8.577139
17,4920,8.451052
17,4935,8.323023
17,4950,8.193442
17,4965,8.062657
17,4980,7.931001
17,4995,7.798771
17,5010,7.666233
17,5025,7.5336394
17,5040,7.401213
17,5055,7.2840366
17,5070,7.214499
17,5085,7.1896987
17,5100,7.204057
17,5115,7.2535644
17,5130,7.3348713
17,5145,7.4449453
17,5160,7.5809917
17,5175,7.7404118
17,5190,7.920794
17,5205,8.119909
17,5220,8.335703
17,5235,8.566279
17,5250,8.809871
17,5265,9.045949
17,5280,9.244117
17,5295,9.407544
17,5310,9.540485
17,5325,9.645847
17,5340,9.725992
17,5355,9.783077
17,5370,9.819102
17,5385,9.835924
17,5400,9.835273
17,5415,9.818761
17,5430,9.787881
17,5445,9.744012
17,5460,9.688432
17,5475,9.622314
17,5490,9.546749
17,5505,9.46274
17,5520,9.371209
17,5535,9.273008
17,5550,9.16892
17,5565,9.059665
17,5580,8.945904
17,5595,8.828249
17,5610,8.707248
17,5625,8.5834255
17,5640,8.45723
17,5655,8.329095
17,5670,8.199409
17,5685,8.0685215
17,5700,7.9367647
17,5715,7.804435
17,5730,7.6717997
17,5745,7.5391107
17,5760,7.4065905
17,5775,7.2893224
17,5790,7.219694
17,5805,7.194805
17,5820,7.2090764
17,5835,7.258498
17,5850,7.339721
17,5865,7.4497128
17,5880,7.585678
17,5895,7.7450185
17,5910,7.9253225
17,5925,8.124362
17,5940,8.34008
17,5955,8.570582
17,5970,8.814102
17,5985,9.050109
17,6000,9.248207
17,6015,9.411566
17,6030,9.544439
17,6045,9.649735
17,6060,9.7298155
17,6075,9.786837
17,6090,9.822799
17,6105,9.839559
17,6120,9.838847
17,6135,9.822276
17,6150,9.791338
17,6165,9.747411
17,6180,9.691774
17,6195,9.625603
17,6210,9.549983
17,6225,9.46592
17,6240,9.374337
17,6255,9.276084
17,6270,9.171946
17,6285,9.06264
17,6300,8.948831
17,6315,8.831127
17,6330,8.710079
17,6345,8.58621
17,6360,8.459969
17,6375,8.331789
17,6390,8.202059
17,6405,8.071128
17,6420,7.9393287
17,6435,7.8069572
17,6450,7.674281
17,6465,7.541551
17,6480,7.4089913
17,6495,7.276801
17,6510,7.145165
17,6525,7.0142446
17,6540,6.884187
17,6555,6.755125
17,6570,6.6271753
17,6585,6.5004416
17,6600,6.375016
17,6615,6.2509837
17,6630,6.1284204
17,6645,6.0073814
17,6660,5.887923
17,6675,5.770098
17,6690,5.653956
17,6705,5.5395193
17,6720,5.426821
17,6735,5.315884
17,6750,5.206724
17,6765,5.0993524
17,6780,4.9937744
17,6795,4.889998
17,6810,4.7880216
17,6825,4.687844
17,6840,4.5894604
17,6855,4.4928665
17,6870,4.3980513
17,6885,4.305004
17,6900,4.2137146
17,6915,4.124165
17,6930,4.036341
17,6945,3.9502244
17,6960,3.8657963
17,6975,3.7830365
17,6990,3.7019238
17,7005,3.6224377
17,7020,3.5445554
17,7035,3.4682539
17,7050,3.3935099
17,7065,3.3202999
17,7080,3.2486002
17,7095,3.178387
17,7110,3.1096358
17,7125,3.0423212
17,7140,2.9764197
17,7155,2.9119074
17,7170,2.8487597
17,7185,2.7869503
17,7200,2.7264564
18,0,0
18,3,0.00017833381
18,6,0.0012942218
18,9,0.003948369
18,12,0.008458469
18,15,0.014950498
18,18,0.023441361
18,21,0.033892784
18,24,0.0462426
18,27,0.060421497
18,30,0.07636063
18,33,0.09399535
18,36,0.113266245
18,39,0.13411938
18,42,0.15650554
18,45,0.18037961
18,48,0.20569982
18,51,0.23242708
18,54,0.26052466
18,57,0.28995764
18,60,0.32069263
18,63,0.35269767
18,66,0.38594198
18,69,0.42039564
18,72,0.45602968
18,75,0.4928157
18,78,0.53072596
18,81,0.56973326
18,84,0.60981107
18,87,0.6509334
18,90,0.6930748
18,93,0.73621035
18,96,0.7803155
18,99,0.8253662
18,102,0.8713387
18,105,0.91820985
18,108,0.9659568
18,111,1.0145571
18,114,1.0639886
18,117,1.1142297
18,120,1.1652591
18,135,1.4315127
18,150,1.7144914
18,165,2.0119262
18,180,2.3217423
18,195,2.642046
18,210,2.971083
18,225,3.2882993
18,240,3.56412
18,255,3.8025563
18,270,4.0084486
18,285,4.1851053
18,300,4.3351674
18,315,4.4609914
18,330,4.5647163
18,345,4.6483164
18,360,4.7136154
18,375,4.762293
18,390,4.7958965
18,405,4.815852
18,420,4.8234754
18,435,4.819977
18,450,4.806475
18,465,4.7839913
18,480,4.7534733
18,495,4.7157764
18,510,4.6717
18,525,4.6219807
18,540,4.567288
18,555,4.508216
18,570,4.4453626
18,585,4.3792076
18,600,4.3102155
18,615,4.2388372
18,630,4.1654396
18,645,4.090388
18,660,4.0140104
18,675,3.9366076
18,690,3.858442
18,705,3.7797687
18,720,3.7008111
18,735,3.63671
18,750,3.6191978
18,765,3.644543
18,780,3.706596
18,795,3.8010075
18,810,3.9242153
18,825,4.0730686
18,840,4.244692
18,855,4.4364533
18,870,4.6459465
18,885,4.8709626
18,900,5.109476
18,915,5.359636
18,930,5.6197267
18,945,5.869236
18,960,6.0785894
18,975,6.2518196
18,990,6.393778
18,1005,6.507786
18,1020,6.5964866
18,1035,6.662235
18,1050,6.7071776
18,1065,6.733283
18,1080,6.742365
18,1095,6.736098
18,1110,6.716023
18,1125,6.683555
18,1140,6.6399965
18,1155,6.5865407
18,1170,6.524286
18,1185,6.4542418
18,1200,6.377334
18,1215,6.2944107
18,1230,6.2062507
18,1245,6.11357
18,1260,6.0170064
18,1275,5.917178
18,1290,5.814601
18,1305,5.7097654
18,1320,5.6031337
18,1335,5.4950886
18,1350,5.386018
18,1365,5.2762523
18,1380,5.166097
18,1395,5.0558305
18,1410,4.9457107
18,1425,4.835952
18,1440,4.7267632
18,1455,4.6332726
18,1470,4.5871773
18,1485,4.584726
18,1500,4.619777
18,1515,4.6879506
18,1530,4.7856812
18,1545,4.909759
18,1560,5.0572915
18,1575,5.2256613
18,1590,5.412444
18,1605,5.6153965
18,1620,5.8324776
18,1635,6.0618267
18,1650,6.301715
18,1665,6.5316052
18,1680,6.7219
18,1695,6.8766184
18,1710,7.0006003
18,1725,7.09715
18,1740,7.1688976
18,1755,7.218181
18,1770,7.247135
18,1785,7.2577147
18,1800,7.2517195
18,1815,7.2308106
18,1830,7.196517
18,1845,7.1502447
18,1860,7.0932803
18,1875,7.0268064
18,1890,6.951912
18,1905,6.869596
18,1920,6.7807703
18,1935,6.6862745
18,1950,6.5868754
18,1965,6.483281
18,1980,6.3761296
18,1995,6.266
18,2010,6.153444
18,2025,6.038914
18,2040,5.922869
18,2055,5.8057017
18,2070,5.687758
18,2085,5.5693836
18,2100,5.45087
18,2115,5.332485
18,2130,5.214474
18,2145,5.0970626
18,2160,4.980436
18,2175,4.879729
18,2190,4.8266273
18,2205,4.817376
18,2220,4.8458266
18,2235,4.9075923
18,2250,4.9990997
18,2265,5.1171384
18,2280,5.2588153
18,2295,5.4215007
18,2310,5.602762
18,2325,5.8003607
18,2340,6.01225
18,2355,6.236559
18,2370,6.4715486
18,2385,6.6966786
18,2400,6.882357
18,2415,7.0325947
18,2430,7.1522274
18,2445,7.244554
18,2460,7.3122015
18,2475,7.357504
18,2490,7.3825927
18,2505,7.389418
18,2520,7.379778
18,2535,7.355329
18,2550,7.3175974
18,2565,7.267987
18,2580,7.2077794
18,2595,7.138157
18,2610,7.0602045
18,2625,6.9749174
18,2640,6.8832064
18,2655,6.7859077
18,2670,6.6837864
18,2685,6.5775456
18,2700,6.4678254
18,2715,6.3551974
18,2730,6.240217
18,2745,6.1233373
18,2760,6.005
18,2775,5.8856134
18,2790,5.765512
18,2805,5.645042
18,2820,5.5244913
18,2835,5.404128
18,2850,5.2841926
18,2865,5.1649113
18,2880,5.0464673
18,2895,4.9439955
18,2910,4.8891788
18,2925,4.8782616
18,2940,4.905093
18,2955,4.9652867
18,2970,5.0552645
18,2985,5.1718183
18,3000,5.3120546
18,3015,5.4733405
18,3030,5.653241
18,3045,5.849517
18,3060,6.0601206
18,3075,6.283181
18,3090,6.5169578
18,3105,6.7409086
18,3120,6.9254417
18,3135,7.074566
18,3150,7.193116
18,3165,7.284391
18,3180,7.3510156
18,3195,7.3953238
18,3210,7.4194455
18,3225,7.425331
18,3240,7.414777
18,3255,7.389439
18,3270,7.3508434
18,3285,7.3003917
18,3300,7.239367
18,3315,7.168949
18,3330,7.090224
18,3345,7.004184
18,3360,6.911741
18,3375,6.8137302
18,3390,6.7109165
18,3405,6.604001
18,3420,6.493625
18,3435,6.3803587
18,3450,6.264757
18,3465,6.1472745
18,3480,6.028349
18,3495,5.9083905
18,3510,5.787733
18,3525,5.6667213
18,3540,5.545644
18,3555,5.4247675
18,3570,5.3043327
18,3585,5.1845646
18,3600,5.0656476
18,3615,4.9627147
18,3630,4.9074492
18,3645,4.8960958
18,3660,4.922502
18,3675,4.9822817
18,3690,5.0718565
18,3705,5.188018
18,3720,5.3278728
18,3735,5.4887877
18,3750,5.668327
18,3765,5.86425
18,3780,6.074511
18,3795,6.2972374
18,3810,6.5306892
18,3825,6.7543235
18,3840,6.938548
18,3855,7.0873723
18,3870,7.2056303
18,3885,7.29662
18,3900,7.362967
18,3915,7.4070044
18,3930,7.4308624
18,3945,7.4364915
18,3960,7.4256864
18,3975,7.4001045
18,3990,7.361271
18,4005,7.3105874
18,4020,7.2493362
18,4035,7.178698
18,4050,7.0997577
18,4065,7.013508
18,4080,6.9208603
18,4095,6.8226504
18,4110,6.719642
18,4125,6.612537
18,4140,6.501976
18,4155,6.3885283
18,4170,6.272751
18,4185,6.1550965
18,4200,6.036003
18,4215,5.915881
18,4230,5.795064
18,4245,5.673897
18,4260,5.5526676
18,4275,5.431643
18,4290,5.3110633
18,4305,5.191153
18,4320,5.0720983
18,4335,4.9690304
18,4350,4.913634
18,4365,4.9021516
18,4380,4.928433
18,4395,4.9880896
18,4410,5.0775447
18,4425,5.1935897
18,4440,5.333331
18,4455,5.494135
18,4470,5.6735654
18,4485,5.869383
18,4500,6.0795403
18,4515,6.3021655
18,4530,6.5355186
18,4545,6.7590566
18,4560,6.943187
18,4575,7.091919
18,4590,7.2100873
18,4605,7.300989
18,4620,7.3672504
18,4635,7.411204
18,4650,7.43498
18,4665,7.440529
18,4680,7.4296455
18,4695,7.403987
18,4710,7.3650784
18,4725,7.3143215
18,4740,7.252999
18,4755,7.18229
18,4770,7.103281
18,4785,7.0169644
18,4800,6.9242516
18,4815,6.8259773
18,4830,6.722906
18,4845,6.6157393
18,4860,6.5051184
18,4875,6.3916116
18,4890,6.2757764
18,4905,6.158066
18,4920,6.038917
18,4935,5.918741
18,4950,5.797871
18,4965,5.6766524
18,4980,5.555372
18,4995,5.434298
18,5010,5.3136697
18,5025,5.1937118
18,5040,5.0746107
18,5055,4.971497
18,5070,4.916055
18,5085,4.9045296
18,5100,4.9307675
18,5115,4.9903827
18,5130,5.079797
18,5145,5.1958013
18,5160,5.335503
18,5175,5.4962683
18,5190,5.675661
18,5205,5.8714414
18,5220,6.081562
18,5235,6.304152
18,5250,6.5374703
18,5265,6.760974
18,5280,6.945071
18,5295,7.0937705
18,5310,7.2119064
18,5325,7.3027763
18,5340,7.369007
18,5355,7.4129305
18,5370,7.436677
18,5385,7.4421964
18,5400,7.4312844
18,5415,7.405598
18,5430,7.366662
18,5445,7.3158784
18,5460,7.254529
18,5475,7.1837945
18,5490,7.10476
18,5505,7.0184183
18,5520,6.925681
18,5535,6.8273826
18,5550,6.724288
18,5565,6.617098
18,5580,6.506454
18,5595,6.3929253
18,5610,6.277068
18,5625,6.159336
18,5640,6.040166
18,5655,5.919969
18,5670,5.799079
18,5685,5.67784
18,5700,5.5565405
18,5715,5.435447
18,5730,5.3148
18,5745,5.1948233
18,5760,5.075704
18,5775,4.9725723
18,5790,4.9171133
18,5805,4.90557
18,5820,4.9317913
18,5835,4.9913898
18,5850,5.080787
18,5865,5.1967754
18,5880,5.3364615
18,5895,5.4972115
18,5910,5.676589
18,5925,5.8723545
18,5940,6.082461
18,5955,6.305036
18,5970,6.53834
18,5985,6.7618303
18,6000,6.945914
18,6015,7.0945992
18,6030,7.2127223
18,6045,7.3035793
18,6060,7.369797
18,6075,7.413708
18,6090,7.4374423
18,6105,7.44295
18,6120,7.4320264
18,6135,7.406328
18,6150,7.36738
18,6165,7.3165855
18,6180,7.255225
18,6195,7.1844797
18,6210,7.1054344
18,6225,7.0190825
18,6240,6.9263344
18,6255,6.828026
18,6270,6.724921
18,6285,6.6177216
18,6300,6.507068
18,6315,6.3935294
18,6330,6.277663
18,6345,6.1599216
18,6360,6.0407424
18,6375,5.920537
18,6390,5.7996383
18,6405,5.6783905
18,6420,5.557082
18,6435,5.435981
18,6450,5.315325
18,6465,5.1953406
18,6480,5.0762134
18,6495,4.9581175
18,6510,4.841208
18,6525,4.725614
18,6540,4.611454
18,6555,4.49883
18,6570,4.3878293
18,6585,4.278528
18,6600,4.1709914
18,6615,4.065276
18,6630,3.9614239
18,6645,3.85947
18,6660,3.759448
18,6675,3.6613884
18,6690,3.5653052
18,6705,3.471205
18,6720,3.3790984
18,6735,3.2889833
18,6750,3.2008543
18,6765,3.1147
18,6780,3.0305119
18,6795,2.9482715
18,6810,2.8679607
18,6825,2.7895608
18,6840,2.7130504
18,6855,2.6384053
18,6870,2.5656
18,6885,2.49461
18,6900,2.4254057
18,6915,2.3579588
18,6930,2.2922392
18,6945,2.2282157
18,6960,2.1658566
18,6975,2.1051295
18,6990,2.0460024
18,7005,1.9884427
18,7020,1.9324172
18,7035,1.8778934
18,7050,1.8248392
18,7065,1.7732216
18,7080,1.7230082
18,7095,1.6741673
18,7110,1.6266664
18,7125,1.5804741
18,7140,1.535559
18,7155,1.49189
18,7170,1.4494363
18,7185,1.4081677
18,7200,1.3680544
19,0,0
19,3,0.00015633911
19,6,0.001164757
19,9,0.0035725187
19,12,0.0076736556
19,15,0.013592879
19,18,0.021355907
19,21,0.03093637
19,24,0.042283922
19,27,0.055339642
19,30,0.07004355
19,33,0.086338386
19,36,0.1041709
19,39,0.12349237
19,42,0.14425813
19,45,0.16642717
19,48,0.18996152
19,51,0.21482573
19,54,0.2409864
19,57,0.26841187
19,60,0.297072
19,63,0.32693765
19,66,0.35798118
19,69,0.39017534
19,72,0.42349446
19,75,0.45791277
19,78,0.49340567
19,81,0.5299487
19,84,0.56751806
19,87,0.6060903
19,90,0.64564246
19,93,0.6861521
19,96,0.72759706
19,99,0.76995575
19,102,0.81320685
19,105,0.85732937
19,108,0.9023022
19,111,0.94810545
19,114,0.9947195
19,117,1.0421251
19,120,1.090303
19,135,1.3421128
19,150,1.6105051
19,165,1.8934025
19,180,2.1888921
19,195,2.4952202
19,210,2.8107574
19,225,3.116764
19,240,3.3855963
19,255,3.6203575
19,270,3.8253696
19,285,4.003556
19,300,4.157249
19,315,4.2884917
19,330,4.3991656
19,345,4.4910073
19,360,4.5656247
19,375,4.6245112
19,390,4.669052
19,405,4.700532
19,420,4.7201366
19,435,4.7289634
19,450,4.7280235
19,465,4.7182536
19,480,4.700518
19,495,4.6756144
19,510,4.6442757
19,525,4.607179
19,540,4.564955
19,555,4.518168
19,570,4.467353
19,585,4.4129915
19,600,4.35551
19,615,4.295337
19,630,4.2328243
19,645,4.1683187
19,660,4.1021357
19,675,4.0345607
19,690,3.9658556
19,705,3.8962662
19,720,3.8260076
19,735,3.7688758
19,750,3.754329
19,765,3.7795877
19,780,3.8391454
19,795,3.9290726
19,810,4.046169
19,825,4.187627
19,840,4.350881
19,855,4.5335536
19,870,4.733462
19,885,4.9486003
19,900,5.177122
19,915,5.417326
19,930,5.6676273
19,945,5.9093356
19,960,6.114801
19,975,6.287176
19,990,6.430818
19,1005,6.5486565
19,1020,6.6430235
19,1035,6.7159944
19,1050,6.7694583
19,1065,6.805151
19,1080,6.824675
19,1095,6.8295293
19,1110,6.8211026
19,1125,6.8006763
19,1140,6.769433
19,1155,6.7284613
19,1170,6.6787663
19,1185,6.6212764
19,1200,6.5568466
19,1215,6.4862633
19,1230,6.4102483
19,1245,6.3294683
19,1260,6.2445345
19,1275,6.156003
19,1290,6.0643897
19,1305,5.9701567
19,1320,5.873738
19,1335,5.775519
19,1350,5.675863
19,1365,5.5750923
19,1380,5.473509
19,1395,5.3713803
19,1410,5.2689543
19,1425,5.1664524
19,1440,5.0640774
19,1455,4.9755936
19,1470,4.93047
19,1485,4.9258866
19,1500,4.9563513
19,1515,5.0179043
19,1530,5.107356
19,1545,5.2218623
19,1560,5.3588047
19,1575,5.515822
19,1590,5.6907425
19,1605,5.881533
19,1620,6.086318
19,1635,6.3033843
19,1650,6.5311403
19,1665,6.7508903
19,1680,6.9349437
19,1695,7.0864553
19,1710,7.2097645
19,1725,7.307809
19,1740,7.382853
19,1755,7.4369984
19,1770,7.4721313
19,1785,7.489951
19,1800,7.4920526
19,1815,7.479933
19,1830,7.4549713
19,1845,7.418434
19,1860,7.3714876
19,1875,7.315214
19,1890,7.2506127
19,1905,7.178601
19,1920,7.1000257
19,1935,7.0156593
19,1950,6.9262137
19,1965,6.832347
19,1980,6.734653
19,1995,6.6336884
19,2010,6.5299544
19,2025,6.4239135
19,2040,6.3159895
19,2055,6.2065635
19,2070,6.095989
19,2085,5.984584
19,2100,5.8726373
19,2115,5.7604156
19,2130,5.6481557
19,2145,5.536079
19,2160,5.4243746
19,2175,5.326798
19,2190,5.2728157
19,2205,5.2596025
19,2220,5.281661
19,2235,5.3350253
19,2250,5.4165006
19,2265,5.523233
19,2280,5.6525927
19,2295,5.802258
19,2310,5.9700193
19,2325,6.153825
19,2340,6.3517947
19,2355,6.5622187
19,2370,6.7835097
19,2385,6.9969606
19,2400,7.174881
19,2415,7.32042
19,2430,7.43791
19,2445,7.5302863
19,2460,7.5998096
19,2475,7.648572
19,2490,7.678462
19,2505,7.691175
19,2520,7.688299
19,2535,7.671328
19,2550,7.641639
19,2565,7.600496
19,2580,7.549062
19,2595,7.4884143
19,2610,7.4195495
19,2625,7.343383
19,2640,7.2607594
19,2655,7.1724467
19,2670,7.0791574
19,2685,6.9815416
19,2700,6.8801956
19,2715,6.7756715
19,2730,6.6684675
19,2745,6.5590453
19,2760,6.447824
19,2775,6.335185
19,2790,6.2214794
19,2805,6.1070213
19,2820,5.9921002
19,2835,5.8769774
19,2850,5.7618895
19,2865,5.6470566
19,2880,5.5326667
19,2895,5.4324713
19,2910,5.375937
19,2925,5.3602357
19,2940,5.379869
19,2955,5.43087
19,2970,5.5100417
19,2985,5.6145306
19,3000,5.741701
19,3015,5.8892336
19,3030,6.0549154
19,3045,6.236692
19,3060,6.432687
19,3075,6.6411886
19,3090,6.8606067
19,3105,7.072229
19,3120,7.2483664
19,3135,7.3921676
19,3150,7.507964
19,3165,7.598688
19,3180,7.6666017
19,3195,7.713793
19,3210,7.7421513
19,3225,7.753371
19,3240,7.749039
19,3255,7.7306476
19,3270,7.6995735
19,3285,7.6570787
19,3300,7.6043267
19,3315,7.5423937
19,3330,7.4722753
19,3345,7.3948855
19,3360,7.311069
19,3375,7.2215924
19,3390,7.127168
19,3405,7.0284443
19,3420,6.9260178
19,3435,6.82044
19,3450,6.712207
19,3465,6.6017814
19,3480,6.4895816
19,3495,6.375987
19,3510,6.261349
19,3525,6.145982
19,3540,6.030173
19,3555,5.9141846
19,3570,5.798251
19,3585,5.6825933
19,3600,5.567399
19,3615,5.4664183
19,3630,5.409117
19,3645,5.3926682
19,3660,5.411572
19,3675,5.461861
19,3690,5.540338
19,3705,5.6441493
19,3720,5.7706585
19,3735,5.9175453
19,3750,6.082597
19,3765,6.263758
19,3780,6.459153
19,3795,6.6670704
19,3810,6.885917
19,3825,7.0969825
19,3840,7.272576
19,3855,7.415846
19,3870,7.5311236
19,3885,7.6213417
19,3900,7.6887608
19,3915,7.73547
19,3930,7.763357
19,3945,7.7741165
19,3960,7.7693353
19,3975,7.7505054
19,3990,7.7190027
19,4005,7.6760893
19,4020,7.6229286
19,4035,7.5605965
19,4050,7.490088
19,4065,7.412317
19,4080,7.3281283
19,4095,7.238288
19,4110,7.143509
19,4125,7.0444384
19,4140,6.9416723
19,4155,6.835763
19,4170,6.7272067
19,4185,6.616465
19,4200,6.503956
19,4215,6.3900595
19,4230,6.2751265
19,4245,6.15947
19,4260,6.04338
19,4275,5.927116
19,4290,5.810913
19,4305,5.694992
19,4320,5.5795407
19,4335,5.478308
19,4350,5.420762
19,4365,5.4040728
19,4380,5.422742
19,4395,5.472801
19,4410,5.551054
19,4425,5.6546464
19,4440,5.780941
19,4455,5.9276185
19,4470,6.0924654
19,4485,6.2734265
19,4500,6.468626
19,4515,6.676352
19,4530,6.895013
19,4545,7.105895
19,4560,7.28131
19,4575,7.4244056
19,4590,7.5395126
19,4605,7.6295633
19,4620,7.6968193
19,4635,7.7433686
19,4650,7.7710996
19,4665,7.7817063
19,4680,7.776776
19,4695,7.757799
19,4710,7.7261534
19,4725,7.6831
19,4740,7.6298027
19,4755,7.567336
19,4770,7.4966965
19,4785,7.418797
19,4800,7.3344827
19,4815,7.2445197
19,4830,7.14962
19,4845,7.0504313
19,4860,6.9475503
19,4875,6.841528
19,4890,6.732861
19,4905,6.622011
19,4920,6.509396
19,4935,6.3953958
19,4950,6.2803617
19,4965,6.1646056
19,4980,6.048418
19,4995,5.9320583
19,5010,5.8157625
19,5025,5.69975
19,5040,5.584209
19,5055,5.4828887
19,5070,5.4252567
19,5085,5.408483
19,5100,5.42707
19,5115,5.477049
19,5130,5.5552225
19,5145,5.6587377
19,5160,5.7849565
19,5175,5.9315596
19,5190,6.096334
19,5205,6.277224
19,5220,6.472354
19,5235,6.6800117
19,5250,6.8986053
19,5265,7.1094227
19,5280,7.2847733
19,5295,7.427806
19,5310,7.5428514
19,5325,7.632842
19,5340,7.700039
19,5355,7.74653
19,5370,7.7742043
19,5385,7.7847557
19,5400,7.7797704
19,5415,7.7607403
19,5430,7.729042
19,5445,7.6859374
19,5460,7.6325893
19,5475,7.5700736
19,5490,7.4993854
19,5505,7.421438
19,5520,7.3370776
19,5535,7.2470684
19,5550,7.152124
19,5565,7.0528917
19,5580,6.9499674
19,5595,6.8439026
19,5610,6.735194
19,5625,6.624304
19,5640,6.5116487
19,5655,6.397609
19,5670,6.2825365
19,5685,6.166743
19,5700,6.0505185
19,5715,5.9341226
19,5730,5.817791
19,5745,5.7017436
19,5760,5.5861683
19,5775,5.4848146
19,5790,5.4271493
19,5805,5.410343
19,5820,5.4288983
19,5835,5.478846
19,5850,5.5569887
19,5865,5.660474
19,5880,5.7866635
19,5895,5.933238
19,5910,6.097984
19,5925,6.2788463
19,5940,6.4739485
19,5955,6.6815796
19,5970,6.900147
19,5985,7.1109385
19,6000,7.2862635
19,6015,7.429271
19,6030,7.5442924
19,6045,7.634259
19,6060,7.7014327
19,6075,7.7479005
19,6090,7.7755523
19,6105,7.7860813
19,6120,7.781074
19,6135,7.7620225
19,6150,7.7303033
19,6165,7.687178
19,6180,7.6338096
19,6195,7.571274
19,6210,7.500566
19,6225,7.4226
19,6240,7.3382196
19,6255,7.2481923
19,6270,7.153229
19,6285,7.053979
19,6300,6.951037
19,6315,6.844955
19,6330,6.7362294
19,6345,6.6253223
19,6360,6.5126505
19,6375,6.3985953
19,6390,6.2835064
19,6405,6.1676974
19,6420,6.0514574
19,6435,5.935046
19,6450,5.8187
19,6465,5.7026377
19,6480,5.587048
19,6495,5.4721003
19,6510,5.357962
19,6525,5.244758
19,6540,5.132609
19,6555,5.0216355
19,6570,4.9119234
19,6585,4.803558
19,6600,4.696618
19,6615,4.5911684
19,6630,4.4872637
19,6645,4.384953
19,6660,4.2842813
19,6675,4.185278
19,6690,4.087971
19,6705,3.9923842
19,6720,3.89853
19,6735,3.8064196
19,6750,3.7160587
19,6765,3.6274502
19,6780,3.5405917
19,6795,3.4554791
19,6810,3.3721046
19,6825,3.2904594
19,6840,3.2105315
19,6855,3.1323056
19,6870,3.0557673
19,6885,2.9808989
19,6900,2.9076803
19,6915,2.836092
19,6930,2.7661119
19,6945,2.6977174
19,6960,2.6308846
19,6975,2.56559
19,6990,2.501808
19,7005,2.4395137
19,7020,2.3786807
19,7035,2.3192835
19,7050,2.2612963
19,7065,2.2046936
19,7080,2.1494462
19,7095,2.0955293
19,7110,2.042917
19,7125,1.9915843
19,7140,1.9415033
19,7155,1.8926482
19,7170,1.8449934
19,7185,1.7985128
19,7200,1.7531807
20,0,0
20,3,0.00019426597
20,6,0.0014198546
20,9,0.004301171
20,12,0.009159815
20,15,0.016124913
20,18,0.025217775
20,21,0.036405075
20,24,0.049629636
20,27,0.06482628
20,30,0.08192949
20,33,0.100877
20,36,0.12161086
20,39,0.14407772
20,42,0.16822834
20,45,0.19401705
20,48,0.22140105
20,51,0.25033993
20,54,0.28079513
20,57,0.3127298
20,60,0.34610835
20,63,0.38089633
20,66,0.41706055
20,69,0.45456824
20,72,0.4933881
20,75,0.5334888
20,78,0.5748402
20,81,0.61741227
20,84,0.66117567
20,87,0.70610166
20,90,0.7521617
20,93,0.799328
20,96,0.84757334
20,99,0.8968708
20,102,0.94719386
20,105,0.99851674
20,108,1.0508132
20,111,1.1040585
20,114,1.1582282
20,117,1.213298
20,120,1.2692446
20,135,1.5613056
20,150,1.8719115
20,165,2.1985016
20,180,2.5387316
20,195,2.89046
20,210,3.251707
20,225,3.6002524
20,240,3.904507
20,255,4.167899
20,270,4.395127
20,285,4.5896034
20,300,4.75418
20,315,4.8914523
20,330,5.003811
20,345,5.093478
20,360,5.162515
20,375,5.2128286
20,390,5.2461805
20,405,5.264198
20,420,5.2683825
20,435,5.2601185
20,450,5.2406845
20,465,5.2112484
20,480,5.1728926
20,495,5.126598
20,510,5.0732737
20,525,5.0137663
20,540,4.9488344
20,555,4.8791547
20,570,4.805411
20,585,4.7281446
20,600,4.647879
20,615,4.56513
20,630,4.480308
20,645,4.3938212
20,660,4.3060427
20,675,4.2173076
20,690,4.1279078
20,705,4.0381284
20,720,3.9482224
20,735,3.874525
20,750,3.85083
20,765,3.873881
20,780,3.9375763
20,795,4.037349
20,810,4.1693225
20,825,4.330004
20,840,4.516179
20,855,4.7248898
20,870,4.9534183
20,885,5.199267
20,900,5.4601417
20,915,5.733945
20,930,6.0187306
20,945,6.2923164
20,960,6.5231147
20,975,6.7145686
20,990,6.8713837
20,1005,6.996979
20,1020,7.094203
20,1035,7.165651
20,1050,7.2137103
20,1065,7.24059
20,1080,7.248337
20,1095,7.2388473
20,1110,7.21387
20,1125,7.175016
20,1140,7.1237664
20,1155,7.061491
20,1170,6.989438
20,1185,6.9087625
20,1200,6.820512
20,1215,6.7256503
20,1230,6.625068
20,1245,6.519564
20,1260,6.4098825
20,1275,6.2966948
20,1290,6.1806135
20,1305,6.062201
20,1320,5.9419627
20,1335,5.820369
20,1350,5.697823
20,1365,5.5747123
20,1380,5.45138
20,1395,5.328103
20,1410,5.205182
20,1425,5.0828514
20,1440,4.9613175
20,1455,4.8569045
20,1470,4.8033905
20,1485,4.7974963
20,1500,4.8331227
20,1515,4.905668
20,1530,5.011243
20,1545,5.146305
20,1560,5.3076267
20,1575,5.492246
20,1590,5.6974216
20,1605,5.9206285
20,1620,6.1595545
20,1635,6.4120846
20,1650,6.676252
20,1665,6.929844
20,1680,7.14126
20,1695,7.3139253
20,1710,7.452527
20,1725,7.5604672
20,1740,7.640577
20,1755,7.695433
20,1770,7.727411
20,1785,7.738702
20,1800,7.731339
20,1815,7.707202
20,1830,7.6680264
20,1845,7.61541
20,1860,7.5508204
20,1875,7.475612
20,1890,7.391024
20,1905,7.2982016
20,1920,7.1981745
20,1935,7.091906
20,1950,6.980259
20,1965,6.864035
20,1980,6.743963
20,1995,6.620702
20,2010,6.494861
20,2025,6.366985
20,2040,6.237574
20,2055,6.107086
20,2070,5.9759297
20,2085,5.8444567
20,2100,5.7130313
20,2115,5.581927
20,2130,5.451394
20,2145,5.3217025
20,2160,5.1930423
20,2175,5.0817103
20,2190,5.021491
20,2205,5.0091004
20,2220,5.038431
20,2235,5.104876
20,2250,5.204537
20,2265,5.333872
20,2280,5.489649
20,2295,5.668896
20,2310,5.868864
20,2325,6.087024
20,2340,6.321061
20,2355,6.568854
20,2370,6.8284316
20,2385,7.0775766
20,2400,7.2846837
20,2415,7.4531717
20,2430,7.587726
20,2445,7.6917434
20,2460,7.76805
20,2475,7.8192205
20,2490,7.847624
20,2505,7.8554506
20,2520,7.8447294
20,2535,7.817336
20,2550,7.7750034
20,2565,7.719325
20,2580,7.651767
20,2595,7.573679
20,2610,7.4863005
20,2625,7.3907695
20,2640,7.288117
20,2655,7.1793027
20,2670,7.065186
20,2685,6.946568
20,2700,6.824172
20,2715,6.698657
20,2730,6.570631
20,2745,6.440634
20,2760,6.309167
20,2775,6.176681
20,2790,6.0435886
20,2805,5.9102397
20,2820,5.7769876
20,2835,5.6441164
20,2850,5.511868
20,2865,5.3805127
20,2880,5.2502394
20,2895,5.1373405
20,2910,5.075601
20,2925,5.061735
20,2940,5.089635
20,2955,5.1546917
20,2970,5.2530046
20,2985,5.381033
20,3000,5.5355387
20,3015,5.7135525
20,3030,5.912326
20,3045,6.1293283
20,3060,6.3622394
20,3075,6.608938
20,3090,6.867449
20,3105,7.1155686
20,3120,7.3216796
20,3135,7.489201
20,3150,7.622817
20,3165,7.7259226
20,3180,7.8013444
20,3195,7.851655
20,3210,7.8792233
20,3225,7.8862395
20,3240,7.87473
20,3255,7.846572
20,3270,7.8034954
20,3285,7.7470946
20,3300,7.678834
20,3315,7.6000643
20,3330,7.5120225
20,3345,7.4158473
20,3360,7.3125677
20,3375,7.203145
20,3390,7.0884366
20,3405,6.9692435
20,3420,6.8462877
20,3435,6.720229
20,3450,6.5916743
20,3465,6.461163
20,3480,6.3291955
20,3495,6.1962233
20,3510,6.0626574
20,3525,5.928849
20,3540,5.7951484
20,3555,5.661842
20,3570,5.5291696
20,3585,5.397403
20,3600,5.266729
20,3615,5.15344
20,3630,5.091321
20,3645,5.077086
20,3660,5.1046267
20,3675,5.1693335
20,3690,5.2673063
20,3705,5.395004
20,3720,5.549188
20,3735,5.7268887
20,3750,5.925357
20,3765,6.1420627
20,3780,6.3746853
20,3795,6.621103
20,3810,6.87934
20,3825,7.1271935
20,3840,7.3330455
20,3855,7.500314
20,3870,7.633684
20,3885,7.7365503
20,3900,7.8117385
20,3915,7.8618217
20,3930,7.8891687
20,3945,7.8959684
20,3960,7.884249
20,3975,7.8558855
20,3990,7.812609
20,4005,7.756013
20,4020,7.6875625
20,4035,7.6086073
20,4050,7.520385
20,4065,7.424033
20,4080,7.3205814
20,4095,7.210991
20,4110,7.0961185
20,4125,6.9767656
20,4140,6.8536544
20,4155,6.727443
20,4170,6.59874
20,4185,6.468084
20,4200,6.335975
20,4215,6.2028646
20,4230,6.069164
20,4245,5.935224
20,4260,5.801394
20,4275,5.6679626
20,4290,5.5351677
20,4305,5.4032807
20,4320,5.2724905
20,4335,5.159087
20,4350,5.0968566
20,4365,5.082513
20,4380,5.1099467
20,4395,5.17455
20,4410,5.2724214
20,4425,5.400019
20,4440,5.5541067
20,4455,5.7317123
20,4470,5.9300885
20,4485,6.1467037
20,4500,6.379238
20,4515,6.62557
20,4530,6.8837223
20,4545,7.1314936
20,4560,7.337265
20,4575,7.504455
20,4590,7.637748
20,4605,7.7405386
20,4620,7.8156533
20,4635,7.8656645
20,4650,7.892941
20,4665,7.899672
20,4680,7.887885
20,4695,7.859455
20,4710,7.816114
20,4725,7.7594547
20,4740,7.6909423
20,4755,7.611926
20,4770,7.5236444
20,4785,7.427234
20,4800,7.323726
20,4815,7.2140794
20,4830,7.0991526
20,4845,6.979746
20,4860,6.8565817
20,4875,6.7303195
20,4890,6.601566
20,4905,6.47086
20,4920,6.338703
20,4935,6.205545
20,4950,6.071798
20,4965,5.9378123
20,4980,5.8039374
20,4995,5.670462
20,5010,5.5376244
20,5025,5.405695
20,5040,5.2748632
20,5055,5.16142
20,5070,5.099149
20,5085,5.084767
20,5100,5.1121626
20,5115,5.1767282
20,5130,5.274563
20,5145,5.402125
20,5160,5.5561767
20,5175,5.733748
20,5190,5.9320903
20,5205,6.148672
20,5220,6.381174
20,5235,6.6274734
20,5250,6.885595
20,5265,7.1333356
20,5280,7.3390765
20,5295,7.506237
20,5310,7.6395006
20,5325,7.742263
20,5340,7.81735
20,5355,7.8673334
20,5370,7.8945827
20,5385,7.901287
20,5400,7.889474
20,5415,7.861019
20,5430,7.8176527
20,5445,7.7609687
20,5460,7.692432
20,5475,7.613392
20,5490,7.525087
20,5505,7.4286537
20,5520,7.325123
20,5535,7.215454
20,5550,7.1005054
20,5565,6.9810777
20,5580,6.857892
20,5595,6.7316093
20,5610,6.602835
20,5625,6.4721093
20,5640,6.3399324
20,5655,6.206755
20,5670,6.072989
20,5685,5.938985
20,5700,5.805092
20,5715,5.671598
20,5730,5.538743
20,5745,5.406796
20,5760,5.275947
20,5775,5.162487
20,5790,5.1001997
20,5805,5.0858006
20,5820,5.1131806
20,5835,5.1777306
20,5850,5.2755494
20,5865,5.403096
20,5880,5.557133
20,5895,5.73469
20,5910,5.9330177
20,5925,6.1495852
20,5940,6.3820734
20,5955,6.628359
20,5970,6.886467
20,5985,7.134194
20,6000,7.339922
20,6015,7.50707
20,6030,7.640321
20,6045,7.743071
20,6060,7.8181453
20,6075,7.868117
20,6090,7.8953547
20,6105,7.9020476
20,6120,7.890223
20,6135,7.8617563
20,6150,7.818379
20,6165,7.761684
20,6180,7.6931367
20,6195,7.614086
20,6210,7.5257707
20,6225,7.4293275
20,6240,7.325786
20,6255,7.216108
20,6270,7.101149
20,6285,6.9817114
20,6300,6.8585167
20,6315,6.7322245
20,6330,6.603441
20,6345,6.4727063
20,6360,6.340521
20,6375,6.2073345
20,6390,6.0735598
20,6405,5.939547
20,6420,5.8056455
20,6435,5.6721435
20,6450,5.5392804
20,6465,5.4073257
20,6480,5.2764688
20,6495,5.146889
20,6510,5.018765
20,6525,4.892239
20,6540,4.7674413
20,6555,4.6444774
20,6570,4.523453
20,6585,4.4044504
20,6600,4.287532
20,6615,4.1727595
20,6630,4.0601788
20,6645,3.949822
20,6660,3.8417168
20,6675,3.7358816
20,6690,3.632328
20,6705,3.5310612
20,6720,3.4320796
20,6735,3.3353794
20,6750,3.240952
20,6765,3.1487799
20,6780,3.0588484
20,6795,2.9711368
20,6810,2.8856187
20,6825,2.802269
20,6840,2.7210584
20,6855,2.6419547
20,6870,2.5649254
20,6885,2.4899364
20,6900,2.4169514
20,6915,2.3459346
20,6930,2.276848
20,6945,2.209654
20,6960,2.1443148
20,6975,2.0807903
20,6990,2.0190425
20,7005,1.9590323
20,7020,1.9007201
20,7035,1.844067
20,7050,1.789034
20,7065,1.7355821
20,7080,1.683673
20,7095,1.6332685
20,7110,1.5843306
20,7125,1.5368223
20,7140,1.4907069
20,7155,1.4459479
20,7170,1.4025098
20,7185,1.3603574
20,7200,1.3194563
21,0,0
21,3,0.00018613698
21,6,0.0013477827
21,9,0.0040621734
21,12,0.008615338
21,15,0.015114945
21,18,0.02357138
21,21,0.033947457
21,24,0.046185143
21,27,0.06022007
21,30,0.07598804
21,33,0.09342817
21,36,0.11248383
21,39,0.13310292
21,42,0.15523742
21,45,0.17884293
21,48,0.20387805
21,51,0.23030385
21,54,0.25808358
21,57,0.28718224
21,60,0.31756634
21,63,0.34920365
21,66,0.3820633
21,69,0.4161151
21,72,0.4513303
21,75,0.48768032
21,78,0.5251377
21,81,0.56367534
21,84,0.60326666
21,87,0.6438858
21,90,0.6855072
21,93,0.728106
21,96,0.7716578
21,99,0.81613857
21,102,0.8615249
21,105,0.90779334
21,108,0.95492095
21,111,1.0028857
21,114,1.0516659
21,117,1.1012406
21,120,1.1515884
21,135,1.4141988
21,150,1.6931589
21,165,1.9862081
21,180,2.291274
21,195,2.6064653
21,210,2.9300308
21,225,3.2412844
21,240,3.5115488
21,255,3.7446632
21,270,3.945327
21,285,4.1168294
21,300,4.261839
21,315,4.3826923
21,330,4.481533
21,345,4.560334
21,360,4.6209145
21,375,4.6649566
21,390,4.694017
21,405,4.7095337
21,420,4.7128325
21,435,4.705129
21,450,4.687547
21,465,4.661122
21,480,4.6268
21,495,4.585456
21,510,4.5378923
21,525,4.4848437
21,540,4.4269853
21,555,4.3649397
21,570,4.2992597
21,585,4.2304807
21,600,4.1590557
21,615,4.0854063
21,630,4.0099387
21,645,3.9329877
21,660,3.8548875
21,675,3.775929
21,690,3.6963794
21,705,3.616479
21,720,3.536454
21,735,3.4716108
21,750,3.4527926
21,765,3.476361
21,780,3.536353
21,795,3.628432
21,810,3.7490165
21,825,3.8949525
21,840,4.0633874
21,855,4.2516947
21,870,4.4574676
21,885,4.678502
21,900,4.9127755
21,915,5.158438
21,930,5.413769
21,945,5.6580834
21,960,5.8627696
21,975,6.0316315
21,990,6.1693935
21,1005,6.279354
21,1020,6.3641706
21,1035,6.4261827
21,1050,6.4675345
21,1065,6.490188
21,1080,6.4959526
21,1095,6.4864993
21,1110,6.463372
21,1125,6.4279933
21,1140,6.3816743
21,1155,6.3256154
21,1170,6.260925
21,1185,6.1886125
21,1200,6.109607
21,1215,6.024764
21,1230,5.93486
21,1245,5.8406096
21,1260,5.7426662
21,1275,5.641622
21,1290,5.538019
21,1305,5.4323587
21,1320,5.325082
21,1335,5.2165956
21,1350,5.107274
21,1365,4.9974337
21,1380,4.8873897
21,1395,4.777402
21,1410,4.667714
21,1425,4.5585475
21,1440,4.4501
21,1455,4.3576617
21,1470,4.3120556
21,1485,4.309619
21,1500,4.3443856
21,1515,4.411987
21,1530,4.5088186
21,1545,4.631714
21,1560,4.7778006
21,1575,4.9444337
21,1590,5.129185
21,1605,5.329834
21,1620,5.5443377
21,1635,5.7708287
21,1650,6.007568
21,1665,6.233868
21,1680,6.4210887
21,1695,6.5730147
21,1710,6.6943574
21,1725,6.788398
21,1740,6.8577795
21,1755,6.9048266
21,1770,6.931668
21,1785,6.9402575
21,1800,6.9323897
21,1815,6.909732
21,1830,6.8737946
21,1845,6.8259926
21,1860,6.7676277
21,1875,6.699887
21,1890,6.6238675
21,1905,6.540576
21,1920,6.450927
21,1935,6.355764
21,1950,6.2558594
21,1965,6.151914
21,1980,6.044572
21,1995,5.9344196
21,2010,5.821987
21,2025,5.707761
21,2040,5.5921807
21,2055,5.475644
21,2070,5.3585124
21,2085,5.2411118
21,2100,5.123735
21,2115,5.006651
21,2130,4.8900895
21,2145,4.77427
21,2160,4.6593757
21,2175,4.5606737
21,2190,4.5089965
21,2205,4.5006757
21,2220,4.5297403
21,2235,4.591817
21,2250,4.6832952
21,2265,4.801001
21,2280,4.942059
21,2295,5.1038203
21,2310,5.283852
21,2325,5.4799266
21,2340,5.6899986
21,2355,5.9121947
21,2370,6.1447706
21,2385,6.367037
21,2400,6.5503488
21,2415,6.6984863
21,2430,6.816157
21,2445,6.906637
21,2460,6.9725685
21,2475,7.0162706
21,2490,7.0398684
21,2505,7.045314
21,2520,7.034398
21,2535,7.008785
21,2550,6.9699817
21,2565,6.919403
21,2580,6.8583436
21,2595,6.7879896
21,2610,6.7094374
21,2625,6.623688
21,2640,6.531656
21,2655,6.4341836
21,2670,6.3320374
21,2685,6.225918
21,2700,6.1164684
21,2715,6.0042706
21,2730,5.889855
21,2745,5.7737055
21,2760,5.656259
21,2775,5.537912
21,2790,5.419025
21,2805,5.2999206
21,2820,5.1808906
21,2835,5.062203
21,2850,4.944088
21,2865,4.826757
21,2880,4.7104
21,2895,4.6102777
21,2910,4.557223
21,2925,4.5475655
21,2940,4.5753336
21,2955,4.6361523
21,2970,4.7264104
21,2985,4.842932
21,3000,4.9828415
21,3015,5.143489
21,3030,5.322439
21,3045,5.5174656
21,3060,5.72652
21,3075,5.9477286
21,3090,6.1793466
21,3105,6.4006834
21,3120,6.583093
21,3135,6.730355
21,3150,6.8471756
21,3165,6.936831
21,3180,7.001961
21,3195,7.044885
21,3210,7.067728
21,3225,7.0724397
21,3240,7.060812
21,3255,7.034507
21,3270,6.9950323
21,3285,6.9438014
21,3300,6.8821077
21,3315,6.811138
21,3330,6.731988
21,3345,6.6456575
21,3360,6.5530605
21,3375,6.45504
21,3390,6.3523602
21,3405,6.245723
21,3420,6.1357703
21,3435,6.0230827
21,3450,5.9081917
21,3465,5.79158
21,3480,5.673684
21,3495,5.5549
21,3510,5.435589
21,3525,5.3160715
21,3540,5.19664
21,3555,5.077562
21,3570,4.959068
21,3585,4.8413677
21,3600,4.7246523
21,3615,4.624181
21,3630,4.5707865
21,3645,4.5607996
21,3660,4.5882463
21,3675,4.6487536
21,3690,4.738708
21,3705,4.8549347
21,3720,4.9945574
21,3735,5.1549253
21,3750,5.333605
21,3765,5.5283666
21,3780,5.737164
21,3795,5.958123
21,3810,6.189498
21,3825,6.4105983
21,3840,6.592778
21,3855,6.7398157
21,3870,6.8564186
21,3885,6.9458613
21,3900,7.010785
21,3915,7.053508
21,3930,7.0761547
21,3945,7.0806756
21,3960,7.068862
21,3975,7.042376
21,3990,7.0027246
21,4005,6.9513226
21,4020,6.889461
21,4035,6.8183284
21,4050,6.7390194
21,4065,6.652534
21,4080,6.559786
21,4095,6.461618
21,4110,6.358795
21,4125,6.2520175
21,4140,6.1419287
21,4155,6.029108
21,4170,5.914087
21,4185,5.797349
21,4200,5.67933
21,4215,5.5604253
21,4230,5.4409966
21,4245,5.321365
21,4260,5.201822
21,4275,5.0826344
21,4290,4.964034
21,4305,4.84623
21,4320,4.7294135
21,4335,4.6288433
21,4350,4.5753527
21,4365,4.565271
21,4380,4.592626
21,4395,4.6530437
21,4410,4.742911
21,4425,4.859052
21,4440,4.9985914
21,4455,5.158878
21,4470,5.3374777
21,4485,5.532162
21,4500,5.7408843
21,4515,5.9617696
21,4530,6.1930723
21,4545,6.414102
21,4560,6.596213
21,4575,6.7431836
21,4590,6.8597207
21,4605,6.9490995
21,4620,7.01396
21,4635,7.056622
21,4650,7.079209
21,4665,7.083671
21,4680,7.0718
21,4695,7.045258
21,4710,7.005552
21,4725,6.9540963
21,4740,6.892183
21,4755,6.8209987
21,4770,6.7416396
21,4785,6.6551046
21,4800,6.562309
21,4815,6.464094
21,4830,6.361225
21,4845,6.2544026
21,4860,6.1442695
21,4875,6.031406
21,4890,5.9163427
21,4905,5.7995634
21,4920,5.681504
21,4935,5.5625596
21,4950,5.4430923
21,4965,5.3234224
21,4980,5.203842
21,4995,5.0846186
21,5010,4.9659824
21,5025,4.848143
21,5040,4.7312922
21,5055,4.6306887
21,5070,4.577165
21,5085,4.5670514
21,5100,4.594375
21,5115,4.654762
21,5130,4.744599
21,5145,4.8607106
21,5160,5.0002203
21,5175,5.1604786
21,5190,5.339051
21,5205,5.533708
21,5220,5.7424035
21,5235,5.9632626
21,5250,6.1945395
21,5265,6.415544
21,5280,6.59763
21,5295,6.7445765
21,5310,6.8610897
21,5325,6.9504457
21,5340,7.0152836
21,5355,7.057923
21,5370,7.0804877
21,5385,7.0849285
21,5400,7.0730367
21,5415,7.0464735
21,5430,7.0067472
21,5445,6.9552717
21,5460,6.893338
21,5475,6.822135
21,5490,6.7427573
21,5505,6.656204
21,5520,6.56339
21,5535,6.465157
21,5550,6.3622704
21,5565,6.255431
21,5580,6.145281
21,5595,6.032401
21,5610,5.917321
21,5625,5.800526
21,5640,5.6824503
21,5655,5.5634913
21,5670,5.4440084
21,5685,5.3243237
21,5700,5.204729
21,5715,5.0854907
21,5730,4.9668407
21,5745,4.8489876
21,5760,4.732123
21,5775,4.631506
21,5790,4.577969
21,5805,4.567843
21,5820,4.595154
21,5835,4.655528
21,5850,4.7453523
21,5865,4.861452
21,5880,5.0009503
21,5895,5.161197
21,5910,5.339758
21,5925,5.534404
21,5940,5.7430882
21,5955,5.9639363
21,5970,6.195203
21,5985,6.416197
21,6000,6.598273
21,6015,6.745209
21,6030,6.8617125
21,6045,6.9510584
21,6060,7.015887
21,6075,7.0585165
21,6090,7.0810723
21,6105,7.085504
21,6120,7.073603
21,6135,7.0470314
21,6150,7.0072966
21,6165,6.9558125
21,6180,6.893871
21,6195,6.8226595
21,6210,6.7432733
21,6225,6.656712
21,6240,6.56389
21,6255,6.4656496
21,6270,6.3627553
21,6285,6.2559085
21,6300,6.145751
21,6315,6.0328636
21,6330,5.917777
21,6345,5.800975
21,6360,5.6828923
21,6375,5.563926
21,6390,5.444437
21,6405,5.3247457
21,6420,5.2051444
21,6435,5.0859
21,6450,4.9672437
21,6465,4.849384
21,6480,4.7325134
21,6495,4.616785
21,6510,4.502356
21,6525,4.389347
21,6540,4.2778697
21,6555,4.1680245
21,6570,4.059897
21,6585,3.9535568
21,6600,3.8490684
21,6615,3.7464826
21,6630,3.6458387
21,6645,3.547171
21,6660,3.4505029
21,6675,3.355851
21,6690,3.2632265
21,6705,3.1726341
21,6720,3.0840745
21,6735,2.997542
21,6750,2.9130292
21,6765,2.8305233
21,6780,2.7500088
21,6795,2.6714683
21,6810,2.5948792
21,6825,2.5202186
21,6840,2.4474611
21,6855,2.376579
21,6870,2.3075438
21,6885,2.2403245
21,6900,2.1748908
21,6915,2.1112099
21,6930,2.049249
21,6945,1.9889749
21,6960,1.9303536
21,6975,1.873351
21,6990,1.8179324
21,7005,1.7640632
21,7020,1.7117089
21,7035,1.6608348
21,7050,1.6114063
21,7065,1.5633893
21,7080,1.5167495
21,7095,1.4714533
21,7110,1.4274672
21,7125,1.3847585
21,7140,1.3432943
21,7155,1.3030425
21,7170,1.2639718
21,7185,1.2260507
21,7200,1.1892488
22,0,0
22,3,0.00016273062
22,6,0.0011989654
22,9,0.0036625843
22,12,0.007846687
22,15,0.013875615
22,18,0.021778865
22,21,0.031538006
22,24,0.043112446
22,27,0.05645342
22,30,0.07151058
22,33,0.088235125
22,36,0.10658089
22,39,0.12650482
22,42,0.14796665
22,45,0.17092863
22,48,0.19535515
22,51,0.22121236
22,54,0.24846795
22,57,0.27709085
22,60,0.307051
22,63,0.33831957
22,66,0.37086815
22,69,0.40466955
22,72,0.43969682
22,75,0.4759239
22,78,0.51332486
22,81,0.5518745
22,84,0.591548
22,87,0.6323208
22,90,0.67416906
22,93,0.71706915
22,96,0.76099795
22,99,0.8059325
22,102,0.8518505
22,105,0.89872986
22,108,0.94654864
22,111,0.9952855
22,114,1.0449194
22,117,1.0954294
22,120,1.1467952
22,135,1.4157656
22,150,1.7032387
22,165,2.0069973
22,180,2.3249977
22,195,2.6553588
22,210,2.9963288
22,225,3.3287067
22,240,3.624107
22,255,3.8845704
22,270,4.1137977
22,285,4.314536
22,300,4.4891148
22,315,4.6396275
22,330,4.76802
22,345,4.876107
22,360,4.965577
22,375,5.0379987
22,390,5.094832
22,405,5.1374326
22,420,5.167056
22,435,5.1848693
22,450,5.191942
22,465,5.1892695
22,480,5.177774
22,495,5.1582994
22,510,5.1316314
22,525,5.098496
22,540,5.059556
22,555,5.015428
22,570,4.9666853
22,585,4.9138436
22,600,4.8573785
22,615,4.797746
22,630,4.7353277
22,645,4.6705017
22,660,4.6036105
22,675,4.5349517
22,690,4.464823
22,705,4.3934817
22,720,4.3211703
22,735,4.2619877
22,750,4.246047
22,765,4.2715015
22,780,4.333491
22,795,4.4282026
22,810,4.552392
22,825,4.7031236
22,840,4.877695
22,855,5.073613
22,870,5.288566
22,885,5.5204153
22,900,5.767186
22,915,6.027061
22,930,6.2983394
22,945,6.56186
22,960,6.7893257
22,975,6.9827476
22,990,7.1458845
22,1005,7.281504
22,1020,7.3919554
22,1035,7.4793468
22,1050,7.5456414
22,1065,7.5926666
22,1080,7.6221223
22,1095,7.6355796
22,1110,7.6345067
22,1125,7.620252
22,1140,7.5940714
22,1155,7.5571294
22,1170,7.5104914
22,1185,7.455152
22,1200,7.3920217
22,1215,7.321941
22,1230,7.2456894
22,1245,7.1639752
22,1260,7.0774584
22,1275,6.9867415
22,1290,6.8923764
22,1305,6.794876
22,1320,6.6947017
22,1335,6.592283
22,1350,6.48801
22,1365,6.3822393
22,1380,6.2753
22,1395,6.167487
22,1410,6.0590734
22,1425,5.9503093
22,1440,5.8414173
22,1455,5.746464
22,1470,5.695566
22,1485,5.6868496
22,1500,5.715456
22,1515,5.777553
22,1530,5.869882
22,1545,5.9894943
22,1560,6.1336703
22,1575,6.2999015
22,1590,6.485864
22,1605,6.689405
22,1620,6.9085364
22,1635,7.141425
22,1650,7.3863616
22,1665,7.6241593
22,1680,7.826514
22,1695,7.995416
22,1710,8.134617
22,1725,8.246865
22,1740,8.3345
22,1755,8.399615
22,1770,8.44416
22,1785,8.469952
22,1800,8.478674
22,1815,8.471893
22,1830,8.451063
22,1845,8.417519
22,1860,8.372515
22,1875,8.317186
22,1890,8.252605
22,1905,8.179746
22,1920,8.09951
22,1935,8.012734
22,1950,7.920179
22,1965,7.822554
22,1980,7.720501
22,1995,7.614619
22,2010,7.5054502
22,2025,7.3934956
22,2040,7.2792153
22,2055,7.1630235
22,2070,7.0453086
22,2085,6.926415
22,2100,6.806665
22,2115,6.686348
22,2130,6.565727
22,2145,6.445045
22,2160,6.3245163
22,2175,6.2182093
22,2190,6.1562304
22,2205,6.1366982
22,2220,6.15475
22,2235,6.2065463
22,2250,6.288823
22,2265,6.398626
22,2280,6.533229
22,2295,6.690119
22,2310,6.866966
22,2325,7.061612
22,2340,7.2720637
22,2355,7.496483
22,2370,7.733155
22,2385,7.9628873
22,2400,8.1573715
22,2415,8.318593
22,2430,8.450297
22,2445,8.555228
22,2460,8.63572
22,2475,8.693864
22,2490,8.731604
22,2505,8.750751
22,2520,8.752988
22,2535,8.739877
22,2550,8.712865
22,2565,8.673287
22,2580,8.622394
22,2595,8.561315
22,2610,8.49112
22,2625,8.412777
22,2640,8.327191
22,2655,8.2351885
22,2670,8.13753
22,2685,8.034923
22,2700,7.9280043
22,2715,7.817373
22,2730,7.7035646
22,2745,7.587083
22,2760,7.468378
22,2775,7.347869
22,2790,7.225936
22,2805,7.102924
22,2820,6.9791536
22,2835,6.854909
22,2850,6.730455
22,2865,6.6060266
22,2880,6.481841
22,2895,6.371963
22,2910,6.306497
22,2925,6.28356
22,2940,6.298287
22,2955,6.346837
22,2970,6.4259443
22,2985,6.5326524
22,3000,6.6642346
22,3015,6.8181753
22,3030,6.992142
22,3045,7.1839767
22,3060,7.3916836
22,3075,7.6134224
22,3090,7.8474774
22,3105,8.074656
22,3120,8.266645
22,3135,8.425429
22,3150,8.554755
22,3165,8.657362
22,3180,8.735585
22,3195,8.7915125
22,3210,8.827086
22,3225,8.844119
22,3240,8.84429
22,3255,8.829161
22,3270,8.800178
22,3285,8.758675
22,3300,8.705898
22,3315,8.642982
22,3330,8.5709915
22,3345,8.490893
22,3360,8.403593
22,3375,8.309915
22,3390,8.210621
22,3405,8.106413
22,3420,7.997931
22,3435,7.8857727
22,3450,7.7704716
22,3465,7.6525316
22,3480,7.532401
22,3495,7.4104996
22,3510,7.2872047
22,3525,7.162863
22,3540,7.037792
22,3555,6.9122767
22,3570,6.786581
22,3585,6.660939
22,3600,6.5355678
22,3615,6.42453
22,3630,6.357931
22,3645,6.3338866
22,3660,6.3475313
22,3675,6.3950243
22,3690,6.4730988
22,3705,6.578797
22,3720,6.7093925
22,3735,6.8623686
22,3750,7.0353937
22,3765,7.2263074
22,3780,7.4331145
22,3795,7.6539745
22,3810,7.8871703
22,3825,8.113508
22,3840,8.304678
22,3855,8.46266
22,3870,8.591201
22,3885,8.693042
22,3900,8.770515
22,3915,8.82571
22,3930,8.860569
22,3945,8.876901
22,3960,8.876387
22,3975,8.860588
22,3990,8.83095
22,4005,8.788807
22,4020,8.735405
22,4035,8.671875
22,4050,8.599286
22,4065,8.518602
22,4080,8.43073
22,4095,8.336491
22,4110,8.236649
22,4125,8.131905
22,4140,8.022898
22,4155,7.9102263
22,4170,7.7944236
22,4185,7.6759925
22,4200,7.555382
22,4215,7.4330106
22,4230,7.309256
22,4245,7.1844645
22,4260,7.058954
22,4275,6.9330072
22,4290,6.8068905
22,4305,6.680836
22,4320,6.555062
22,4335,6.4436293
22,4350,6.376644
22,4365,6.352222
22,4380,6.365497
22,4395,6.4126287
22,4410,6.490349
22,4425,6.595701
22,4440,6.7259583
22,4455,6.8786035
22,4470,7.0513043
22,4485,7.241901
22,4500,7.4483976
22,4515,7.6689544
22,4530,7.9018536
22,4545,8.127901
22,4560,8.318787
22,4575,8.476491
22,4590,8.604759
22,4605,8.706334
22,4620,8.783546
22,4635,8.838487
22,4650,8.873095
22,4665,8.889182
22,4680,8.888429
22,4695,8.872395
22,4710,8.842527
22,4725,8.800159
22,4740,8.746537
22,4755,8.682792
22,4770,8.609992
22,4785,8.529101
22,4800,8.441027
22,4815,8.346589
22,4830,8.246552
22,4845,8.141619
22,4860,8.032426
22,4875,7.919572
22,4890,7.8035903
22,4905,7.684984
22,4920,7.564202
22,4935,7.441663
22,4950,7.3177433
22,4965,7.1927905
22,4980,7.067122
22,4995,6.941021
22,5010,6.8147526
22,5025,6.6885495
22,5040,6.5626297
22,5055,6.4510546
22,5070,6.3839293
22,5085,6.35937
22,5100,6.3725114
22,5115,6.4195113
22,5130,6.497103
22,5145,6.6023293
22,5160,6.732463
22,5175,6.884987
22,5190,7.057569
22,5205,7.2480497
22,5220,7.454433
22,5235,7.674878
22,5250,7.9076676
22,5265,8.133609
22,5280,8.3243885
22,5295,8.48199
22,5310,8.610159
22,5325,8.711635
22,5340,8.788751
22,5355,8.843595
22,5370,8.87811
22,5385,8.894107
22,5400,8.893264
22,5415,8.877143
22,5430,8.847189
22,5445,8.804737
22,5460,8.751033
22,5475,8.687206
22,5490,8.6143265
22,5505,8.533359
22,5520,8.445207
22,5535,8.350695
22,5550,8.250585
22,5565,8.145578
22,5580,8.036315
22,5595,7.923392
22,5610,7.8073425
22,5625,7.688669
22,5640,7.5678215
22,5655,7.445218
22,5670,7.3212357
22,5685,7.1962214
22,5700,7.070492
22,5715,6.944331
22,5730,6.8180046
22,5745,6.6917443
22,5760,6.5657682
22,5775,6.454138
22,5790,6.3869586
22,5805,6.3623466
22,5820,6.375436
22,5835,6.4223843
22,5850,6.499926
22,5865,6.605103
22,5880,6.7351885
22,5895,6.887665
22,5910,7.0602007
22,5925,7.250636
22,5940,7.4569745
22,5955,7.6773753
22,5970,7.9101224
22,5985,8.136021
22,6000,8.326759
22,6015,8.484321
22,6030,8.612449
22,6045,8.713885
22,6060,8.790963
22,6075,8.84577
22,6090,8.880249
22,6105,8.896209
22,6120,8.89533
22,6135,8.879174
22,6150,8.849186
22,6165,8.806701
22,6180,8.752962
22,6195,8.689103
22,6210,8.616192
22,6225,8.5351925
22,6240,8.44701
22,6255,8.352468
22,6270,8.252328
22,6285,8.147292
22,6300,8.038
22,6315,7.925049
22,6330,7.8089714
22,6345,7.6902714
22,6360,7.569397
22,6375,7.446767
22,6390,7.322759
22,6405,7.197719
22,6420,7.0719647
22,6435,6.94578
22,6450,6.819429
22,6465,6.6931453
22,6480,6.567146
22,6495,6.441624
22,6510,6.3167586
22,6525,6.1926994
22,6540,6.0695934
22,6555,5.947567
22,6570,5.826721
22,6585,5.7071633
22,6600,5.5889792
22,6615,5.472241
22,6630,5.35702
22,6645,5.2433743
22,6660,5.1313567
22,6675,5.021006
22,6690,4.9123626
22,6705,4.805458
22,6720,4.700312
22,6735,4.596946
22,6750,4.495373
22,6765,4.3956003
22,6780,4.297633
22,6795,4.2014728
22,6810,4.107116
22,6825,4.0145583
22,6840,3.923792
22,6855,3.834806
22,6870,3.7475893
22,6885,3.6621273
22,6900,3.5784037
22,6915,3.4964025
22,6930,3.4161036
22,6945,3.337487
22,6960,3.2605324
22,6975,3.1852167
22,6990,3.111517
22,7005,3.0394099
22,7020,2.968871
22,7035,2.8998756
22,7050,2.832399
22,7065,2.7664149
22,7080,2.7018983
22,7095,2.638824
22,7110,2.5771651
22,7125,2.5168965
22,7140,2.457992
22,7155,2.4004257
22,7170,2.3441718
22,7185,2.2892046
22,7200,2.2354984
23,0,0
23,3,0.00017090175
23,6,0.0012854548
23,9,0.0039520604
23,12,0.008495251
23,15,0.015048829
23,18,0.023635922
23,21,0.034222223
23,24,0.04674789
23,27,0.06114438
23,30,0.077343024
23,33,0.09527901
23,36,0.11489265
23,39,0.13612978
23,42,0.15894112
23,45,0.18328173
23,48,0.20911016
23,51,0.2363878
23,54,0.26507837
23,57,0.2951475
23,60,0.32656246
23,63,0.35929176
23,66,0.3933053
23,69,0.4285736
23,72,0.4650687
23,75,0.50276256
23,78,0.5416283
23,81,0.58163935
23,84,0.62276953
23,87,0.6649934
23,90,0.7082858
23,93,0.7526221
23,96,0.79797816
23,99,0.84433025
23,102,0.8916551
23,105,0.93992937
23,108,0.98913026
23,111,1.039236
23,114,1.0902249
23,117,1.1420759
23,120,1.194767
23,135,1.4701096
23,150,1.7634802
23,165,2.0725958
23,180,2.3953571
23,195,2.7298396
23,210,3.074256
23,225,3.4078796
23,240,3.700355
23,255,3.9554756
23,270,4.1780434
23,285,4.3712187
23,300,4.537544
23,315,4.679251
23,330,4.7984
23,345,4.896907
23,360,4.9765477
23,375,5.038968
23,390,5.0856924
23,405,5.1181355
23,420,5.137605
23,435,5.145313
23,450,5.142374
23,465,5.129825
23,480,5.1086063
23,495,5.0795994
23,510,5.0436063
23,525,5.0013704
23,540,4.953579
23,555,4.9008565
23,570,4.8437834
23,585,4.7828903
23,600,4.7186623
23,615,4.651548
23,630,4.581956
23,645,4.510268
23,660,4.4368167
23,675,4.3619204
23,690,4.2858715
23,705,4.208906
23,720,4.131271
23,735,4.0681977
23,750,4.052139
23,765,4.079643
23,780,4.1445904
23,795,4.242707
23,810,4.370512
23,825,4.5249248
23,840,4.7031407
23,855,4.902564
23,870,5.120787
23,885,5.3555937
23,900,5.604954
23,915,5.8670034
23,930,6.140003
23,945,6.4032507
23,960,6.626454
23,975,6.8134136
23,990,6.9689326
23,1005,7.096222
23,1020,7.1978126
23,1035,7.2759695
23,1050,7.332758
23,1065,7.370084
23,1080,7.389726
23,1095,7.393336
23,1110,7.38244
23,1125,7.358447
23,1140,7.3226566
23,1155,7.2762694
23,1170,7.220396
23,1185,7.156054
23,1200,7.084185
23,1215,7.0056486
23,1230,6.9212365
23,1245,6.831678
23,1260,6.7376423
23,1275,6.6397424
23,1290,6.5385423
23,1305,6.4345555
23,1320,6.328252
23,1335,6.2200594
23,1350,6.1103687
23,1365,5.999536
23,1380,5.887885
23,1395,5.7757077
23,1410,5.663275
23,1425,5.5508275
23,1440,5.4385805
23,1455,5.3417892
23,1470,5.2928534
23,1485,5.2883034
23,1500,5.3220043
23,1515,5.389665
23,1530,5.4877906
23,1545,5.6132874
23,1560,5.7633247
23,1575,5.9352813
23,1590,6.126741
23,1605,6.3354783
23,1620,6.5594473
23,1635,6.796763
23,1650,7.0456715
23,1665,7.2854795
23,1680,7.4858093
23,1695,7.6504903
23,1710,7.7843375
23,1725,7.8905373
23,1740,7.9715314
23,1755,8.029646
23,1770,8.066926
23,1785,8.085243
23,1800,8.086363
23,1815,8.071934
23,1830,8.043473
23,1845,8.002372
23,1860,7.949917
23,1875,7.887301
23,1890,7.8156214
23,1905,7.7358894
23,1920,7.6490297
23,1935,7.5558987
23,1950,7.457272
23,1965,7.3538704
23,1980,7.2463555
23,1995,7.1353264
23,2010,7.02134
23,2025,6.9048996
23,2040,6.7864656
23,2055,6.666461
23,2070,6.5452676
23,2085,6.4232373
23,2100,6.3006797
23,2115,6.1778903
23,2130,6.055118
23,2145,5.932603
23,2160,5.810553
23,2175,5.7041845
23,2190,5.6459503
23,2205,5.6323404
23,2220,5.6571984
23,2235,5.7162786
23,2250,5.80604
23,2265,5.923398
23,2280,6.065499
23,2295,6.2297373
23,2310,6.4136896
23,2325,6.615115
23,2340,6.8319654
23,2355,7.062355
23,2370,7.304521
23,2385,7.5377603
23,2400,7.7316933
23,2415,7.890146
23,2430,8.017929
23,2445,8.118223
23,2460,8.193468
23,2475,8.24598
23,2490,8.277807
23,2505,8.290813
23,2520,8.28676
23,2535,8.267293
23,2550,8.233925
23,2565,8.188044
23,2580,8.130934
23,2595,8.063783
23,2610,7.9876866
23,2625,7.9036517
23,2640,7.8126006
23,2655,7.715387
23,2670,7.6127834
23,2685,7.5055084
23,2700,7.3942184
23,2715,7.279513
23,2730,7.1619444
23,2745,7.042014
23,2760,6.9201803
23,2775,6.7968636
23,2790,6.6724415
23,2805,6.547261
23,2820,6.4216385
23,2835,6.2958565
23,2850,6.17018
23,2865,6.044835
23,2880,5.9200335
23,2895,5.8109756
23,2910,5.7501206
23,2925,5.7339573
23,2940,5.756328
23,2955,5.8129854
23,2970,5.9003863
23,2985,6.015445
23,3000,6.1553054
23,3015,6.3173614
23,3030,6.499188
23,3045,6.6985426
23,3060,6.913375
23,3075,7.141799
23,3090,7.3820496
23,3105,7.6134233
23,3120,7.805538
23,3135,7.962219
23,3150,8.088276
23,3165,8.186888
23,3180,8.260493
23,3195,8.311407
23,3210,8.341676
23,3225,8.353164
23,3240,8.3476305
23,3255,8.326719
23,3270,8.291944
23,3285,8.244692
23,3300,8.186244
23,3315,8.117789
23,3330,8.0404215
23,3345,7.955147
23,3360,7.862887
23,3375,7.764495
23,3390,7.6607413
23,3405,7.5523458
23,3420,7.4399624
23,3435,7.3241906
23,3450,7.2055826
23,3465,7.0846386
23,3480,6.961816
23,3495,6.8375344
23,3510,6.7121716
23,3525,6.586074
23,3540,6.4595556
23,3555,6.3329005
23,3570,6.2063723
23,3585,6.080197
23,3600,5.954584
23,3615,5.8447356
23,3630,5.7831097
23,3645,5.7661943
23,3660,5.7878313
23,3675,5.8437724
23,3690,5.930475
23,3705,6.044853
23,3720,6.184049
23,3735,6.3454576
23,3750,6.526652
23,3765,6.7253904
23,3780,6.9396214
23,3795,7.167459
23,3810,7.4071374
23,3825,7.637953
23,3840,7.829523
23,3855,7.9856725
23,3870,8.111211
23,3885,8.209316
23,3900,8.282428
23,3915,8.332859
23,3930,8.362658
23,3945,8.373686
23,3960,8.367703
23,3975,8.3463545
23,3990,8.3111515
23,4005,8.263482
23,4020,8.204627
23,4035,8.135775
23,4050,8.058018
23,4065,7.9723635
23,4080,7.8797326
23,4095,7.780978
23,4110,7.6768713
23,4125,7.5681305
23,4140,7.45541
23,4155,7.3393087
23,4170,7.220379
23,4185,7.09912
23,4200,6.9759903
23,4215,6.8514085
23,4230,6.7257524
23,4245,6.5993686
23,4260,6.4725704
23,4275,6.3456416
23,4290,6.218846
23,4305,6.0924096
23,4320,5.966542
23,4335,5.856444
23,4350,5.794574
23,4365,5.7774205
23,4380,5.798825
23,4395,5.854539
23,4410,5.9410195
23,4425,6.0551805
23,4440,6.1941648
23,4455,6.3553658
23,4470,6.5363574
23,4485,6.734898
23,4500,6.948936
23,4515,7.1765842
23,4530,7.416078
23,4545,7.6467133
23,4560,7.838107
23,4575,7.994084
23,4590,8.119453
23,4605,8.217395
23,4620,8.290344
23,4635,8.340618
23,4650,8.370262
23,4665,8.38114
23,4680,8.3750105
23,4695,8.353517
23,4710,8.318173
23,4725,8.270366
23,4740,8.211375
23,4755,8.14239
23,4770,8.064505
23,4785,7.9787235
23,4800,7.885969
23,4815,7.7870936
23,4830,7.682868
23,4845,7.5740113
23,4860,7.461177
23,4875,7.3449645
23,4890,7.225926
23,4905,7.1045604
23,4920,6.981326
23,4935,6.8566427
23,4950,6.7308865
23,4965,6.6044044
23,4980,6.4775105
23,4995,6.350488
23,5010,6.223601
23,5025,6.0970745
23,5040,5.9711185
23,5055,5.8609343
23,5070,5.7989798
23,5085,5.7817435
23,5100,5.803067
23,5115,5.858702
23,5130,5.945105
23,5145,6.05919
23,5160,6.1980996
23,5175,6.359228
23,5190,6.5401483
23,5205,6.738619
23,5220,6.9525886
23,5235,7.18017
23,5250,7.419598
23,5265,7.650169
23,5280,7.8415
23,5295,7.9974155
23,5310,8.122725
23,5325,8.220606
23,5340,8.293498
23,5355,8.343715
23,5370,8.373303
23,5385,8.384127
23,5400,8.377944
23,5415,8.356398
23,5430,8.321002
23,5445,8.273144
23,5460,8.214105
23,5475,8.145071
23,5490,8.067138
23,5505,7.9813104
23,5520,7.88851
23,5535,7.78959
23,5550,7.6853204
23,5565,7.5764203
23,5580,7.463544
23,5595,7.34729
23,5610,7.2282104
23,5625,7.1068053
23,5640,6.983532
23,5655,6.85881
23,5670,6.733016
23,5685,6.6064973
23,5700,6.479567
23,5715,6.352509
23,5730,6.2255864
23,5745,6.099026
23,5760,5.9730363
23,5775,5.862819
23,5790,5.8008327
23,5805,5.7835646
23,5820,5.8048573
23,5835,5.860461
23,5850,5.9468346
23,5865,6.0608897
23,5880,6.1997705
23,5895,6.360871
23,5910,6.5417633
23,5925,6.7402067
23,5940,6.9541492
23,5955,7.1817045
23,5970,7.4211073
23,5985,7.651653
23,6000,7.842959
23,6015,7.99885
23,6030,8.124135
23,6045,8.221993
23,6060,8.294862
23,6075,8.345057
23,6090,8.374623
23,6105,8.385424
23,6120,8.37922
23,6135,8.357653
23,6150,8.322237
23,6165,8.274358
23,6180,8.215299
23,6195,8.146246
23,6210,8.068294
23,6225,7.9824467
23,6240,7.889628
23,6255,7.7906895
23,6270,7.6864023
23,6285,7.5774846
23,6300,7.4645905
23,6315,7.3483195
23,6330,7.2292237
23,6345,7.107802
23,6360,6.9845123
23,6375,6.8597746
23,6390,6.7339654
23,6405,6.607431
23,6420,6.480486
23,6435,6.3534126
23,6450,6.2264757
23,6465,6.099901
23,6480,5.9738975
23,6495,5.8486624
23,6510,5.724346
23,6525,5.601104
23,6540,5.4790735
23,6555,5.3583593
23,6570,5.239073
23,6585,5.1213055
23,6600,5.005139
23,6615,4.890638
23,6630,4.7778683
23,6645,4.666884
23,6660,4.5577207
23,6675,4.4504175
23,6690,4.3450027
23,6705,4.241494
23,6720,4.1399083
23,6735,4.0402536
23,6750,3.942536
23,6765,3.8467555
23,6780,3.7529087
23,6795,3.66099
23,6810,3.5709908
23,6825,3.4828954
23,6840,3.3966904
23,6855,3.3123608
23,6870,3.2298915
23,6885,3.1492581
23,6900,3.0704396
23,6915,2.993414
23,6930,2.9181552
23,6945,2.8446367
23,6960,2.7728305
23,6975,2.7027106
23,6990,2.6342473
23,7005,2.567412
23,7020,2.5021756
23,7035,2.4385095
23,7050,2.3763845
23,7065,2.3157704
23,7080,2.2566388
23,7095,2.1989598
23,7110,2.1427035
23,7125,2.0878408
23,7140,2.0343423
23,7155,1.9821786
23,7170,1.9313204
23,7185,1.8817395
23,7200,1.8334072
24,0,0
24,3,0.00015635333
24,6,0.0011201352
24,9,0.003347922
24,12,0.0070558633
24,15,0.012319967
24,18,0.019143214
24,21,0.027494127
24,24,0.037327573
24,27,0.048594955
24,30,0.061248574
24,33,0.075243674
24,36,0.09053885
24,39,0.10709607
24,42,0.12488026
24,45,0.1438589
24,48,0.1640015
24,51,0.18527925
24,54,0.20766477
24,57,0.23113187
24,60,0.25565535
24,63,0.2812108
24,66,0.30777484
24,69,0.33532432
24,72,0.3638372
24,75,0.39329156
24,78,0.4236662
24,81,0.45494014
24,84,0.48709285
24,87,0.52010417
24,90,0.55395424
24,93,0.5886237
24,96,0.6240935
24,99,0.66034466
24,102,0.697359
24,105,0.7351184
24,108,0.7736046
24,111,0.8128002
24,114,0.85268825
24,117,0.8932519
24,120,0.9344745
24,135,1.1499012
24,150,1.3794463
24,165,1.6213129
24,180,1.8738492
24,195,2.135541
24,210,2.4049785
24,225,2.6653326
24,240,2.8939705
24,255,3.0937445
24,270,3.2680056
24,285,3.4191496
24,300,3.54915
24,315,3.659784
24,330,3.7526784
24,345,3.8293412
24,360,3.8911748
24,375,3.9394798
24,390,3.97546
24,405,4.0002275
24,420,4.014812
24,435,4.020165
24,450,4.017166
24,465,4.0066276
24,480,3.9892974
24,495,3.9658675
24,510,3.9369721
24,525,3.9031992
24,540,3.8650792
24,555,3.8231144
24,570,3.7777495
24,585,3.729417
24,600,3.6784887
24,615,3.625312
24,630,3.570224
24,645,3.5134978
24,660,3.455406
24,675,3.3961997
24,690,3.336092
24,705,3.2752914
24,720,3.2139854
24,735,3.1646664
24,750,3.1517894
24,765,3.1725562
24,780,3.2226067
24,795,3.2987099
24,810,3.3981445
24,825,3.5184896
24,840,3.6575203
24,855,3.8131785
24,870,3.983574
24,885,4.1669693
24,900,4.361765
24,915,4.56649
24,930,4.7797723
24,945,4.9848175
24,960,5.1590075
24,975,5.305219
24,990,5.426821
24,1005,5.526225
24,1020,5.6054125
24,1035,5.666171
24,1050,5.7101355
24,1065,5.7388153
24,1080,5.75361
24,1095,5.7558208
24,1110,5.7466493
24,1125,5.727207
24,1140,5.6985183
24,1155,5.661526
24,1170,5.6171036
24,1185,5.5660543
24,1200,5.509119
24,1215,5.446976
24,1230,5.3802485
24,1245,5.3095098
24,1260,5.23528
24,1275,5.1580477
24,1290,5.078246
24,1305,4.9962854
24,1320,4.912531
24,1335,4.827322
24,1350,4.7409654
24,1365,4.6537395
24,1380,4.565906
24,1395,4.477692
24,1410,4.3893013
24,1425,4.3009367
24,1440,4.2127566
24,1455,4.137219
24,1470,4.098792
24,1485,4.094645
24,1500,4.1204267
24,1515,4.1728806
24,1530,4.2492886
24,1545,4.3471994
24,1560,4.464356
24,1575,4.5987086
24,1590,4.7483625
24,1605,4.911563
24,1620,5.0866923
24,1635,5.2722673
24,1650,5.4669027
24,1665,5.653791
24,1680,5.8103004
24,1695,5.939296
24,1710,6.0441356
24,1725,6.1272187
24,1740,6.190516
24,1755,6.2358017
24,1770,6.2647023
24,1785,6.2787175
24,1800,6.279237
24,1815,6.2675467
24,1830,6.244842
24,1845,6.212224
24,1860,6.170708
24,1875,6.1212296
24,1890,6.0646515
24,1905,6.001767
24,1920,5.93331
24,1935,5.8599505
24,1950,5.7823076
24,1965,5.7009387
24,1980,5.6163707
24,1995,5.5290656
24,2010,5.439467
24,2025,5.347964
24,2040,5.2549243
24,2055,5.160675
24,2070,5.0655193
24,2085,4.96973
24,2100,4.8735538
24,2115,4.7772226
24,2130,4.6809363
24,2145,4.584873
24,2160,4.4892116
24,2175,4.4063916
24,2190,4.3608775
24,2205,4.349833
24,2220,4.368902
24,2235,4.414824
24,2250,4.4848757
24,2265,4.576599
24,2280,4.6877284
24,2295,4.8162336
24,2310,4.9602065
24,2325,5.1178555
24,2340,5.2875757
24,2355,5.4679008
24,2370,5.6574283
24,2385,5.839342
24,2400,5.9910126
24,2415,6.115299
24,2430,6.215556
24,2445,6.2941794
24,2460,6.353136
24,2475,6.394196
24,2490,6.418984
24,2505,6.428997
24,2520,6.42562
24,2535,6.410137
24,2550,6.38374
24,2565,6.347528
24,2580,6.302513
24,2595,6.2496295
24,2610,6.1897354
24,2625,6.1236234
24,2640,6.052023
24,2655,5.975605
24,2670,5.894982
24,2685,5.8107157
24,2700,5.723323
24,2715,5.63327
24,2730,5.540996
24,2745,5.4468875
24,2760,5.351312
24,2775,5.254593
24,2790,5.1570334
24,2805,5.0589023
24,2820,4.960448
24,2835,4.8618946
24,2850,4.7634473
24,2865,4.6652803
24,2880,4.5675673
24,2895,4.482753
24,2910,4.4352965
24,2925,4.422361
24,2940,4.439589
24,2955,4.483718
24,2970,4.5520244
24,2985,4.6420503
24,3000,4.751525
24,3015,4.8784194
24,3030,5.020823
24,3045,5.1769457
24,3060,5.3451815
24,3075,5.52406
24,3090,5.7121778
24,3105,5.8927207
24,3120,6.043056
24,3135,6.166042
24,3150,6.2650323
24,3165,6.3424225
24,3180,6.4001775
24,3195,6.440068
24,3210,6.463716
24,3225,6.4726195
24,3240,6.4681616
24,3255,6.4516253
24,3270,6.4242024
24,3285,6.386991
24,3300,6.341003
24,3315,6.2871704
24,3330,6.2263527
24,3345,6.1593404
24,3360,6.086863
24,3375,6.00959
24,3390,5.9281344
24,3405,5.843057
24,3420,5.7548733
24,3435,5.664051
24,3450,5.571026
24,3465,5.4761863
24,3480,5.3798985
24,3495,5.2824845
24,3510,5.1842484
24,3525,5.0854573
24,3540,4.9863605
24,3555,4.8871803
24,3570,4.7881227
24,3585,4.6893606
24,3600,4.591067
24,3615,4.505687
24,3630,4.45768
24,3645,4.4442077
24,3660,4.4609127
24,3675,4.5045323
24,3690,4.572342
24,3705,4.661884
24,3720,4.770886
24,3735,4.8973207
24,3750,5.039275
24,3765,5.1949773
24,3780,5.3627954
24,3795,5.5412436
24,3810,5.7289476
24,3825,5.909098
24,3840,6.059049
24,3855,6.1816607
24,3870,6.2802863
24,3885,6.3573203
24,3900,6.414728
24,3915,6.4542804
24,3930,6.477598
24,3945,6.48618
24,3960,6.4814076
24,3975,6.4645658
24,3990,6.4368443
24,4005,6.3993416
24,4020,6.3530693
24,4035,6.2989597
24,4050,6.2378716
24,4065,6.1705956
24,4080,6.097861
24,4095,6.0203376
24,4110,5.9386363
24,4125,5.8533206
24,4140,5.764904
24,4155,5.6738544
24,4170,5.5806074
24,4185,5.4855514
24,4200,5.389052
24,4215,5.291432
24,4230,5.1929946
24,4245,5.0940075
24,4260,4.994719
24,4275,4.895352
24,4290,4.7961116
24,4305,4.6971717
24,4320,4.598704
24,4335,4.5131545
24,4350,4.4649816
24,4365,4.451348
24,4380,4.467895
24,4395,4.5113606
24,4410,4.57902
24,4425,4.6684155
24,4440,4.7772746
24,4455,4.9035697
24,4470,5.0453877
24,4485,5.2009563
24,4500,5.3686438
24,4515,5.546966
24,4530,5.7345467
24,4545,5.914576
24,4560,6.0644093
24,4575,6.186906
24,4590,6.285419
24,4605,6.362343
24,4620,6.4196434
24,4635,6.4590907
24,4650,6.4823065
24,4665,6.490788
24,4680,6.4859185
24,4695,6.468981
24,4710,6.4411664
24,4725,6.4035726
24,4740,6.357211
24,4755,6.3030148
24,4770,6.241842
24,4785,6.174483
24,4800,6.101667
24,4815,6.024064
24,4830,5.9422855
24,4845,5.8568945
24,4860,5.768403
24,4875,5.6772814
24,4890,5.583964
24,4905,5.4888387
24,4920,5.392272
24,4935,5.2945857
24,4950,5.196084
24,4965,5.097033
24,4980,4.997683
24,4995,4.898256
24,5010,4.7989564
24,5025,4.699959
24,5040,4.601434
24,5055,4.51583
24,5070,4.467603
24,5085,4.4539165
24,5100,4.4704123
24,5115,4.513827
24,5130,4.581437
24,5145,4.6707845
24,5160,4.7795963
24,5175,4.905845
24,5190,5.047618
24,5205,5.203142
24,5220,5.3707867
24,5235,5.5490665
24,5250,5.7366066
24,5265,5.9165955
24,5280,6.066389
24,5295,6.1888466
24,5310,6.287322
24,5325,6.364209
24,5340,6.4214735
24,5355,6.4608855
24,5370,6.4840665
24,5385,6.492514
24,5400,6.4876113
24,5415,6.470641
24,5430,6.442795
24,5445,6.40517
24,5460,6.358778
24,5475,6.304552
24,5490,6.2433496
24,5505,6.175962
24,5520,6.103118
24,5535,6.025488
24,5550,5.943682
24,5565,5.8582644
24,5580,5.7697477
24,5595,5.678601
24,5610,5.585258
24,5625,5.4901085
24,5640,5.3935184
24,5655,5.295809
24,5670,5.197284
24,5685,5.0982113
24,5700,4.9988394
24,5715,4.89939
24,5730,4.80007
24,5745,4.701052
24,5760,4.6025076
24,5775,4.5168834
24,5790,4.468637
24,5805,4.4549313
24,5820,4.4714084
24,5835,4.5148053
24,5850,4.5823975
24,5865,4.671727
24,5880,4.780522
24,5895,4.906754
24,5910,5.0485106
24,5925,5.2040186
24,5940,5.371647
24,5955,5.5499115
24,5970,5.7374363
24,5985,5.9174104
24,6000,6.0671897
24,6015,6.189633
24,6030,6.288094
24,6045,6.3649673
24,6060,6.422219
24,6075,6.461617
24,6090,6.484785
24,6105,6.4932203
24,6120,6.488305
24,6135,6.4713225
24,6150,6.4434643
24,6165,6.4058275
24,6180,6.359424
24,6195,6.3051867
24,6210,6.2439733
24,6225,6.1765747
24,6240,6.10372
24,6255,6.026079
24,6270,5.944264
24,6285,5.8588357
24,6300,5.770309
24,6315,5.6791525
24,6330,5.5858
24,6345,5.4906416
24,6360,5.394042
24,6375,5.2963233
24,6390,5.19779
24,6405,5.098708
24,6420,4.999328
24,6435,4.8998704
24,6450,4.800542
24,6465,4.701516
24,6480,4.6029634
24,6495,4.5050287
24,6510,4.407833
24,6525,4.311506
24,6540,4.216143
24,6555,4.121836
24,6570,4.0286694
24,6585,3.9367142
24,6600,3.846034
24,6615,3.7566803
24,6630,3.6687033
24,6645,3.582141
24,6660,3.497024
24,6675,3.4133806
24,6690,3.33123
24,6705,3.250588
24,6720,3.1714652
24,6735,3.0938687
24,6750,3.017802
24,6765,2.943265
24,6780,2.870253
24,6795,2.7987618
24,6810,2.7287855
24,6825,2.6603146
24,6840,2.5933342
24,6855,2.5278332
24,6870,2.4637964
24,6885,2.4012055
24,6900,2.340043
24,6915,2.2802894
24,6930,2.2219248
24,6945,2.1649275
24,6960,2.1092763
24,6975,2.0549493
24,6990,2.0019243
24,7005,1.9501779
24,7020,1.8996874
24,7035,1.85043
24,7050,1.802382
24,7065,1.7555197
24,7080,1.7098199
24,7095,1.6652589
24,7110,1.6218128
24,7125,1.5794582
24,7140,1.5381719
24,7155,1.4979306
24,7170,1.4587113
24,7185,1.4204911
24,7200,1.3832476
25,0,0
25,3,0.00015580498
25,6,0.0011402094
25,9,0.0034619062
25,12,0.007379719
25,15,0.012993397
25,18,0.020315683
25,21,0.02931679
25,24,0.039949473
25,27,0.052161485
25,30,0.06590124
25,33,0.081120394
25,36,0.0977744
25,39,0.11582258
25,42,0.13522767
25,45,0.15595527
25,48,0.17797332
25,51,0.20125158
25,54,0.22576143
25,57,0.25147545
25,60,0.27836734
25,63,0.30641168
25,66,0.33558398
25,69,0.3658602
25,72,0.3972172
25,75,0.42963225
25,78,0.46308306
25,81,0.4975478
25,84,0.5330049
25,87,0.5694333
25,90,0.6068121
25,93,0.645121
25,96,0.68433994
25,99,0.72444916
25,102,0.7654293
25,105,0.80726147
25,108,0.8499266
25,111,0.8934059
25,114,0.9376816
25,117,0.9827359
25,120,1.0285513
25,135,1.2684438
25,150,1.5248742
25,165,1.7959342
25,180,2.0798638
25,195,2.3750424
25,210,2.6799593
25,225,2.9767864
25,240,3.240227
25,255,3.4730854
25,270,3.6788993
25,285,3.8601086
25,300,4.01874
25,315,4.1565957
25,330,4.275339
25,345,4.376522
25,360,4.4615836
25,375,4.5318565
25,390,4.588579
25,405,4.6328998
25,420,4.6658835
25,435,4.6885176
25,450,4.7017174
25,465,4.706325
25,480,4.7031207
25,495,4.6928287
25,510,4.676109
25,525,4.6535826
25,540,4.6258154
25,555,4.593333
25,570,4.5566225
25,585,4.5161266
25,600,4.472261
25,615,4.425402
25,630,4.3758993
25,645,4.3240805
25,660,4.2702394
25,675,4.2146373
25,690,4.1575446
25,705,4.099177
25,720,4.0397263
25,735,3.992372
25,750,3.9842522
25,765,4.012738
25,780,4.073206
25,795,4.1622868
25,810,4.2771573
25,825,4.415291
25,840,4.5743637
25,855,4.7522254
25,870,4.9468884
25,885,5.156521
25,900,5.3794327
25,915,5.614065
25,930,5.858959
25,945,6.0963445
25,960,6.3009315
25,975,6.4755845
25,990,6.623873
25,1005,6.7482834
25,1020,6.850793
25,1035,6.9332933
25,1050,6.9974623
25,1065,7.0448294
25,1080,7.076862
25,1095,7.094914
25,1110,7.100225
25,1125,7.093949
25,1140,7.077157
25,1155,7.050839
25,1170,7.015907
25,1185,6.9732046
25,1200,6.9235067
25,1215,6.867534
25,1230,6.805949
25,1245,6.739366
25,1260,6.668349
25,1275,6.593417
25,1290,6.5150476
25,1305,6.43368
25,1320,6.349716
25,1335,6.263527
25,1350,6.1754513
25,1365,6.085802
25,1380,5.994864
25,1395,5.9029
25,1410,5.810148
25,1425,5.716828
25,1440,5.6231394
25,1455,5.542244
25,1470,5.501282
25,1485,5.49759
25,1500,5.5265265
25,1515,5.584743
25,1530,5.669382
25,1545,5.7779136
25,1560,5.9079957
25,1575,6.057479
25,1590,6.224365
25,1605,6.4068046
25,1620,6.6030955
25,1635,6.81167
25,1650,7.031058
25,1665,7.243486
25,1680,7.423639
25,1695,7.5743804
25,1710,7.699267
25,1725,7.8007517
25,1740,7.8808603
25,1755,7.941422
25,1770,7.9841094
25,1785,8.010472
25,1800,8.021945
25,1815,8.019864
25,1830,8.005473
25,1845,7.9799175
25,1860,7.944257
25,1875,7.8994694
25,1890,7.8464603
25,1905,7.786066
25,1920,7.7190604
25,1935,7.646153
25,1950,7.568001
25,1965,7.4852023
25,1980,7.398316
25,1995,7.3078494
25,2010,7.214276
25,2025,7.118027
25,2040,7.0195017
25,2055,6.9190636
25,2070,6.817047
25,2085,6.713757
25,2100,6.6094728
25,2115,6.504449
25,2130,6.398918
25,2145,6.2930923
25,2160,6.1871657
25,2175,6.094296
25,2190,6.041615
25,2205,6.0264583
25,2220,6.044186
25,2235,6.0914207
25,2250,6.1653233
25,2265,6.263352
25,2280,6.383165
25,2295,6.5225954
25,2310,6.679643
25,2325,6.8524613
25,2340,7.039344
25,2355,7.238716
25,2370,7.449099
25,2385,7.6527205
25,2400,7.8242555
25,2415,7.9665675
25,2430,8.083206
25,2445,8.176621
25,2460,8.248835
25,2475,8.301669
25,2490,8.336797
25,2505,8.355763
25,2520,8.359998
25,2535,8.350834
25,2550,8.329511
25,2565,8.297172
25,2580,8.254872
25,2595,8.203589
25,2610,8.144222
25,2625,8.077606
25,2640,8.004511
25,2655,7.9256434
25,2670,7.84166
25,2685,7.7531533
25,2700,7.6606817
25,2715,7.5647483
25,2730,7.4658237
25,2745,7.364338
25,2760,7.260686
25,2775,7.1552305
25,2790,7.048303
25,2805,6.940207
25,2820,6.8312187
25,2835,6.7215905
25,2850,6.611553
25,2865,6.501317
25,2880,6.3910737
25,2895,6.293978
25,2910,6.237161
25,2925,6.2179565
25,2940,6.231723
25,2955,6.2750807
25,2970,6.34519
25,2985,6.439506
25,3000,6.555686
25,3015,6.6915607
25,3030,6.8451295
25,3045,7.014543
25,3060,7.1980934
25,3075,7.394205
25,3090,7.601398
25,3105,7.801897
25,3120,7.970376
25,3135,8.109696
25,3150,8.223408
25,3165,8.313958
25,3180,8.383367
25,3195,8.433455
25,3210,8.465895
25,3225,8.482231
25,3240,8.48389
25,3255,8.472204
25,3270,8.448413
25,3285,8.413656
25,3300,8.368992
25,3315,8.315392
25,3330,8.2537565
25,3345,8.184918
25,3360,8.10965
25,3375,8.028653
25,3390,7.9425845
25,3405,7.852037
25,3420,7.757567
25,3435,7.6596766
25,3450,7.5588355
25,3465,7.4554734
25,3480,7.349983
25,3495,7.2427287
25,3510,7.1340394
25,3525,7.0242176
25,3540,6.9135394
25,3555,6.802256
25,3570,6.6905985
25,3585,6.5787754
25,3600,6.466978
25,3615,6.3683615
25,3630,6.3100533
25,3645,6.2893896
25,3660,6.3017273
25,3675,6.343686
25,3690,6.412425
25,3705,6.5053997
25,3720,6.6202664
25,3735,6.7548556
25,3750,6.907165
25,3765,7.075346
25,3780,7.2576895
25,3795,7.452619
25,3810,7.658654
25,3825,7.858021
25,3840,8.02539
25,3855,8.163624
25,3870,8.276271
25,3885,8.36578
25,3900,8.434167
25,3915,8.483256
25,3930,8.514716
25,3945,8.530092
25,3960,8.530811
25,3975,8.518207
25,3990,8.493513
25,4005,8.457873
25,4020,8.412343
25,4035,8.357895
25,4050,8.29543
25,4065,8.225779
25,4080,8.149713
25,4095,8.067935
25,4110,7.9811015
25,4125,7.889804
25,4140,7.794599
25,4155,7.695989
25,4170,7.5944433
25,4185,7.49039
25,4200,7.384223
25,4215,7.2763047
25,4230,7.166965
25,4245,7.056506
25,4260,6.945204
25,4275,6.833309
25,4290,6.721052
25,4305,6.6086416
25,4320,6.4962683
25,4335,6.3970876
25,4350,6.338227
25,4365,6.3170214
25,4380,6.3288283
25,4395,6.370267
25,4410,6.4384966
25,4425,6.530972
25,4440,6.6453495
25,4455,6.7794595
25,4470,6.9312997
25,4485,7.09902
25,4500,7.280913
25,4515,7.475401
25,4530,7.6810036
25,4545,7.8799458
25,4560,8.0469
25,4575,8.184727
25,4590,8.296974
25,4605,8.386091
25,4620,8.454096
25,4635,8.502809
25,4650,8.5339
25,4665,8.548916
25,4680,8.549281
25,4695,8.536329
25,4710,8.511295
25,4725,8.475323
25,4740,8.429465
25,4755,8.374697
25,4770,8.311917
25,4785,8.241958
25,4800,8.16559
25,4815,8.083516
25,4830,7.9963923
25,4845,7.90481
25,4860,7.809326
25,4875,7.7104425
25,4890,7.608628
25,4905,7.5043116
25,4920,7.3978863
25,4935,7.2897153
25,4950,7.180127
25,4965,7.0694246
25,4980,6.9578834
25,4995,6.8457546
25,5010,6.7332683
25,5025,6.6206326
25,5040,6.5080385
25,5055,6.408641
25,5070,6.349568
25,5085,6.328154
25,5100,6.339757
25,5115,6.3809953
25,5130,6.4490285
25,5145,6.5413113
25,5160,6.6555
25,5175,6.789425
25,5190,6.941083
25,5205,7.1086254
25,5220,7.2903438
25,5235,7.48466
25,5250,7.690095
25,5265,7.8888726
25,5280,8.055665
25,5295,8.193334
25,5310,8.305427
25,5325,8.394391
25,5340,8.462245
25,5355,8.510812
25,5370,8.5417595
25,5385,8.556635
25,5400,8.556861
25,5415,8.543773
25,5430,8.518606
25,5445,8.482503
25,5460,8.436518
25,5475,8.381623
25,5490,8.31872
25,5505,8.248639
25,5520,8.1721525
25,5535,8.089961
25,5550,8.002723
25,5565,7.911029
25,5580,7.8154345
25,5595,7.7164426
25,5610,7.6145215
25,5625,7.510101
25,5640,7.4035735
25,5655,7.295302
25,5670,7.185615
25,5685,7.0748158
25,5700,6.9631796
25,5715,6.8509574
25,5730,6.7383795
25,5745,6.6256537
25,5760,6.512972
25,5775,6.413488
25,5790,6.3543296
25,5805,6.332833
25,5820,6.344353
25,5835,6.3855114
25,5850,6.453466
25,5865,6.5456715
25,5880,6.659784
25,5895,6.7936344
25,5910,6.9452195
25,5925,7.11269
25,5940,7.2943377
25,5955,7.4885855
25,5970,7.693952
25,5985,7.8926635
25,6000,8.05939
25,6015,8.196995
25,6030,8.309024
25,6045,8.397927
25,6060,8.465721
25,6075,8.514228
25,6090,8.545117
25,6105,8.559935
25,6120,8.560104
25,6135,8.546961
25,6150,8.52174
25,6165,8.485583
25,6180,8.439545
25,6195,8.384599
25,6210,8.321645
25,6225,8.251514
25,6240,8.174979
25,6255,8.09274
25,6270,8.005455
25,6285,7.913714
25,6300,7.818074
25,6315,7.7190375
25,6330,7.617073
25,6345,7.512609
25,6360,7.406039
25,6375,7.297726
25,6390,7.1879983
25,6405,7.0771594
25,6420,6.9654837
25,6435,6.853223
25,6450,6.7406063
25,6465,6.627844
25,6480,6.515125
25,6495,6.402621
25,6510,6.290487
25,6525,6.178868
25,6540,6.0678926
25,6555,5.957666
25,6570,5.8483005
25,6585,5.739897
25,6600,5.6325207
25,6615,5.526253
25,6630,5.421167
25,6645,5.3173165
25,6660,5.214744
25,6675,5.1134996
25,6690,5.0136223
25,6705,4.915137
25,6720,4.818073
25,6735,4.722451
25,6750,4.6282887
25,6765,4.535598
25,6780,4.44439
25,6795,4.354671
25,6810,4.2664433
25,6825,4.1797094
25,6840,4.09447
25,6855,4.010719
25,6870,3.9284503
25,6885,3.8476596
25,6900,3.7683372
25,6915,3.690471
25,6930,3.6140501
25,6945,3.5390623
25,6960,3.465492
25,6975,3.3933246
25,6990,3.3225443
25,7005,3.2531343
25,7020,3.1850767
25,7035,3.1183543
25,7050,3.0529487
25,7065,2.988841
25,7080,2.9260123
25,7095,2.8644438
25,7110,2.8041155
25,7125,2.7450078
25,7140,2.6871014
25,7155,2.6303766
25,7170,2.5748127
25,7185,2.5203903
25,7200,2.4670897
26,0,0
26,3,0.00015124379
26,6,0.0010941384
26,9,0.003304199
26,12,0.007025151
26,15,0.01235509
26,18,0.019312479
26,21,0.027876196
26,24,0.038007997
26,27,0.04966379
26,30,0.062798895
26,33,0.07737052
26,36,0.09333847
26,39,0.1106654
26,42,0.12931654
26,45,0.14925934
26,48,0.17046309
26,51,0.19289859
26,54,0.21653791
26,57,0.24135417
26,60,0.26732138
26,63,0.29441434
26,66,0.32260862
26,69,0.35188022
26,72,0.3822059
26,75,0.41356283
26,78,0.44592854
26,81,0.47928107
26,84,0.5135987
26,87,0.54886
26,90,0.58504415
26,93,0.6221304
26,96,0.66009843
26,99,0.69892836
26,102,0.7386005
26,105,0.7790956
26,108,0.8203945
26,111,0.86247826
26,114,0.9053285
26,117,0.94892734
26,120,0.993257
26,135,1.2252578
26,150,1.4730031
26,165,1.7345592
26,180,2.0081453
26,195,2.292125
26,210,2.5849755
26,225,2.8696644
26,240,3.1219087
26,255,3.3437548
26,270,3.5384104
26,285,3.7082748
26,300,3.8553736
26,315,3.9815583
26,330,4.0885406
26,345,4.1779156
26,360,4.2511706
26,375,4.3096886
26,390,4.354752
26,405,4.387551
26,420,4.4091835
26,435,4.420669
26,450,4.4229484
26,465,4.416893
26,480,4.4033055
26,495,4.3829274
26,510,4.356443
26,525,4.3244843
26,540,4.2876296
26,555,4.246414
26,570,4.201326
26,585,4.152818
26,600,4.101303
26,615,4.047164
26,630,3.9907513
26,645,3.9323869
26,660,3.8723655
26,675,3.8109558
26,690,3.7484038
26,705,3.6849337
26,720,3.62075
26,735,3.5683913
26,750,3.5537894
26,765,3.574982
26,780,3.6277435
26,795,3.708762
26,810,3.815216
26,825,3.9445407
26,840,4.09437
26,855,4.2625117
26,870,4.4469457
26,885,4.6458063
26,900,4.8573723
26,915,5.080059
26,930,5.3123875
26,945,5.5373855
26,960,5.730739
26,975,5.8945656
26,990,6.0321045
26,1005,6.1457677
26,1020,6.2375636
26,1035,6.309384
26,1050,6.3629584
26,1065,6.3998747
26,1080,6.421619
26,1095,6.4295835
26,1110,6.425057
26,1125,6.409224
26,1140,6.383181
26,1155,6.347943
26,1170,6.3044477
26,1185,6.2535586
26,1200,6.196077
26,1215,6.132726
26,1230,6.0641856
26,1245,5.991069
26,1260,5.913947
26,1275,5.8333445
26,1290,5.7497377
26,1305,5.6635704
26,1320,5.5752425
26,1335,5.485124
26,1350,5.3935513
26,1365,5.3008304
26,1380,5.207243
26,1395,5.113042
26,1410,5.0184608
26,1425,4.923712
26,1440,4.828987
26,1455,4.7467985
26,1470,4.7030716
26,1485,4.6958447
26,1500,4.720864
26,1515,4.774811
26,1530,4.854855
26,1545,4.9584136
26,1560,5.0830927
26,1575,5.2267013
26,1590,5.387211
26,1605,5.5627403
26,1620,5.751551
26,1635,5.9520464
26,1650,6.162735
26,1665,6.3666306
26,1680,6.5394
26,1695,6.683155
26,1710,6.80112
26,1725,6.895698
26,1740,6.968882
26,1755,7.022547
26,1770,7.0584207
26,1785,7.0780764
26,1800,7.082986
26,1815,7.074541
26,1830,7.054012
26,1845,7.0225725
26,1860,6.981313
26,1875,6.93124
26,1890,6.873283
26,1905,6.8082914
26,1920,6.737055
26,1935,6.6602893
26,1950,6.578663
26,1965,6.492787
26,1980,6.4032254
26,1995,6.3104935
26,2010,6.2150655
26,2025,6.1173725
26,2040,6.01781
26,2055,5.916737
26,2070,5.814484
26,2085,5.7113504
26,2100,5.6076107
26,2115,5.503513
26,2130,5.3992825
26,2145,5.2951236
26,2160,5.1912217
26,2175,5.100096
26,2190,5.047657
26,2205,5.0319376
26,2220,5.0486784
26,2235,5.0945563
26,2250,5.1667337
26,2265,5.262622
26,2280,5.379828
26,2295,5.5161543
26,2310,5.6695657
26,2325,5.838176
26,2340,6.020242
26,2355,6.214162
26,2370,6.418441
26,2385,6.6160927
26,2400,6.782776
26,2415,6.9205985
26,2430,7.0327806
26,2445,7.1217217
26,2460,7.1894107
26,2475,7.2377167
26,2490,7.2683663
26,2505,7.2829294
26,2520,7.2828736
26,2535,7.269586
26,2550,7.244336
26,2565,7.208293
26,2580,7.1625443
26,2595,7.108094
26,2610,7.0458684
26,2625,6.9767146
26,2640,6.9014196
26,2655,6.820697
26,2670,6.735211
26,2685,6.6455708
26,2700,6.5523376
26,2715,6.456025
26,2730,6.357105
26,2745,6.2560062
26,2760,6.153122
26,2775,6.0488105
26,2790,5.943398
26,2805,5.837184
26,2820,5.7304387
26,2835,5.6234097
26,2850,5.516321
26,2865,5.409374
26,2880,5.302752
26,2895,5.2089744
26,2910,5.1539483
26,2925,5.1357064
26,2940,5.1499863
26,2955,5.1934648
26,2970,5.2633023
26,2985,5.356908
26,3000,5.471889
26,3015,5.6060457
26,3030,5.757341
26,3045,5.9238873
26,3060,6.103941
26,3075,6.2958984
26,3090,6.4982634
26,3105,6.6940484
26,3120,6.858911
26,3135,6.9949584
26,3150,7.105408
26,3165,7.1926594
26,3180,7.2587004
26,3195,7.3053985
26,3210,7.3344784
26,3225,7.3475113
26,3240,7.345962
26,3255,7.3312173
26,3270,7.3045454
26,3285,7.2671146
26,3300,7.2200117
26,3315,7.1642404
26,3330,7.1007247
26,3345,7.030313
26,3360,6.9537897
26,3375,6.871868
26,3390,6.785213
26,3405,6.694431
26,3420,6.600084
26,3435,6.502683
26,3450,6.4027014
26,3465,6.3005667
26,3480,6.196671
26,3495,6.091372
26,3510,5.984996
26,3525,5.877841
26,3540,5.7701774
26,3555,5.662252
26,3570,5.554288
26,3585,5.4464865
26,3600,5.3390307
26,3615,5.2444386
26,3630,5.188617
26,3645,5.1695995
26,3660,5.183122
26,3675,5.2258606
26,3690,5.294976
26,3705,5.387877
26,3720,5.5021706
26,3735,5.6356564
26,3750,5.786296
26,3765,5.9522023
26,3780,6.1316314
26,3795,6.322979
26,3810,6.5247493
26,3825,6.719953
26,3840,6.8842487
26,3855,7.0197415
26,3870,7.129651
26,3885,7.216374
26,3900,7.281899
26,3915,7.328093
26,3930,7.356681
26,3945,7.369233
26,3960,7.367214
26,3975,7.352011
26,3990,7.3248906
26,4005,7.2870226
26,4020,7.239492
26,4035,7.183303
26,4050,7.119379
26,4065,7.0485682
26,4080,6.9716554
26,4095,6.889353
26,4110,6.8023252
26,4125,6.7111797
26,4140,6.616477
26,4155,6.5187297
26,4170,6.4184084
26,4185,6.315942
26,4200,6.211722
26,4215,6.106106
26,4230,5.99942
26,4245,5.8919625
26,4260,5.784003
26,4275,5.6757884
26,4290,5.5675416
26,4305,5.459464
26,4320,5.3517375
26,4335,5.256881
26,4350,5.200802
26,4365,5.1815314
26,4380,5.1948075
26,4395,5.237305
26,4410,5.306185
26,4425,5.398855
26,4440,5.5129237
26,4455,5.646189
26,4470,5.796613
26,4485,5.9623094
26,4500,6.141533
26,4515,6.3326793
26,4530,6.5342526
26,4545,6.7292647
26,4560,6.893372
26,4575,7.0286818
26,4590,7.138411
26,4605,7.2249584
26,4620,7.290312
26,4635,7.3363376
26,4650,7.364761
26,4665,7.377152
26,4680,7.3749757
26,4695,7.3596187
26,4710,7.332348
26,4725,7.294332
26,4740,7.2466574
26,4755,7.190327
26,4770,7.126265
26,4785,7.0553193
26,4800,6.978274
26,4815,6.895842
26,4830,6.8086877
26,4845,6.717418
26,4860,6.622594
26,4875,6.524728
26,4890,6.42429
26,4905,6.3217096
26,4920,6.217378
26,4935,6.1116533
26,4950,6.004861
26,4965,5.8972983
26,4980,5.789236
26,4995,5.6809216
26,5010,5.5725765
26,5025,5.4644027
26,5040,5.356582
26,5055,5.261634
26,5070,5.205464
26,5085,5.1861053
26,5100,5.1992946
26,5115,5.2417073
26,5130,5.310504
26,5145,5.4030933
26,5160,5.5170817
26,5175,5.6502695
26,5190,5.8006177
26,5205,5.966239
26,5220,6.145389
26,5235,6.336464
26,5250,6.537967
26,5265,6.7329106
26,5280,6.8969507
26,5295,7.032194
26,5310,7.141859
26,5325,7.228343
26,5340,7.2936344
26,5355,7.3395996
26,5370,7.367964
26,5385,7.380296
26,5400,7.378063
26,5415,7.36265
26,5430,7.3353243
26,5445,7.2972546
26,5460,7.2495275
26,5475,7.1931453
26,5490,7.1290326
26,5505,7.058037
26,5520,6.9809427
26,5535,6.898463
26,5550,6.8112617
26,5565,6.7199464
26,5580,6.6250772
26,5595,6.5271664
26,5610,6.426686
26,5625,6.324063
26,5640,6.21969
26,5655,6.113924
26,5670,6.007091
26,5685,5.8994894
26,5700,5.791389
26,5715,5.6830363
26,5730,5.574654
26,5745,5.466444
26,5760,5.3585877
26,5775,5.263604
26,5790,5.2074003
26,5805,5.188008
26,5820,5.201164
26,5835,5.2435446
26,5850,5.3123093
26,5865,5.404867
26,5880,5.5188255
26,5895,5.651983
26,5910,5.8023014
26,5925,5.967894
26,5940,6.147016
26,5955,6.3380632
26,5970,6.539539
26,5985,6.7344556
26,6000,6.8984694
26,6015,7.033687
26,6030,7.1433268
26,6045,7.229786
26,6060,7.295053
26,6075,7.340994
26,6090,7.3693347
26,6105,7.3816447
26,6120,7.3793883
26,6135,7.363953
26,6150,7.3366055
26,6165,7.298515
26,6180,7.2507663
26,6195,7.1943636
26,6210,7.1302304
26,6225,7.059215
26,6240,6.9821014
26,6255,6.8996024
26,6270,6.8123827
26,6285,6.7210484
26,6300,6.626161
26,6315,6.5282326
26,6330,6.4277344
26,6345,6.3250937
26,6360,6.220704
26,6375,6.1149216
26,6390,6.0080724
26,6405,5.9004545
26,6420,5.7923384
26,6435,5.6839705
26,6450,5.575573
26,6465,5.4673476
26,6480,5.359477
26,6495,5.252125
26,6510,5.1454377
26,6525,5.0395503
26,6540,4.9345794
26,6555,4.83063
26,6570,4.727799
26,6585,4.6261644
26,6600,4.525802
26,6615,4.4267745
26,6630,4.3291354
26,6645,4.2329326
26,6660,4.138205
26,6675,4.044986
26,6690,3.953303
26,6705,3.8631775
26,6720,3.774627
26,6735,3.6876636
26,6750,3.6022956
26,6765,3.5185282
26,6780,3.4363618
26,6795,3.355795
26,6810,3.2768233
26,6825,3.199439
26,6840,3.1236334
26,6855,3.0493944
26,6870,2.9767091
26,6885,2.9055629
26,6900,2.835939
26,6915,2.7678201
26,6930,2.701188
26,6945,2.6360226
26,6960,2.5723038
26,6975,2.5100102
26,6990,2.4491203
26,7005,2.3896117
26,7020,2.3314617
26,7035,2.2746472
26,7050,2.219145
26,7065,2.1649315
26,7080,2.1119833
26,7095,2.0602763
26,7110,2.009787
26,7125,1.9604917
26,7140,1.9123664
26,7155,1.8653879
26,7170,1.8195325
26,7185,1.7747772
26,7200,1.7310987
27,0,0
27,3,0.00016798143
27,6,0.0012038541
27,9,0.003626384
27,12,0.0077033783
27,15,0.013542104
27,18,0.021160029
27,21,0.030529259
27,24,0.04160201
27,27,0.054323982
27,30,0.06864053
27,33,0.08449973
27,36,0.10185327
27,39,0.120656714
27,42,0.14086914
27,45,0.1624527
27,48,0.18537205
27,51,0.20959397
27,54,0.23508693
27,57,0.2618209
27,60,0.2897671
27,63,0.3188976
27,66,0.34918582
27,69,0.38060546
27,72,0.41313148
27,75,0.44673893
27,78,0.48140374
27,81,0.51710206
27,84,0.55381054
27,87,0.59150636
27,90,0.630167
27,93,0.66977036
27,96,0.71029484
27,99,0.75171906
27,102,0.7940221
27,105,0.83718324
27,108,0.88118225
27,111,0.92599916
27,114,0.9716142
27,117,1.0180081
27,120,1.0651618
27,135,1.3116812
27,150,1.5745072
27,165,1.8515825
27,180,2.1410148
27,195,2.4410655
27,210,2.7501163
27,225,3.0495508
27,240,3.3130329
27,255,3.5434349
27,270,3.7446475
27,285,3.9194171
27,300,4.0699754
27,315,4.198329
27,330,4.3063197
27,345,4.395661
27,360,4.4679503
27,375,4.5246735
27,390,4.5672064
27,405,4.5968237
27,420,4.6147046
27,435,4.6219416
27,450,4.619544
27,465,4.6084437
27,480,4.589501
27,495,4.5635114
27,510,4.531201
27,525,4.49325
27,540,4.4502654
27,555,4.4028244
27,570,4.3514433
27,585,4.2966156
27,600,4.238767
27,615,4.178308
27,630,4.115615
27,645,4.0510025
27,660,3.9847982
27,675,3.9172776
27,690,3.8486907
27,705,3.7792814
27,720,3.709263
27,735,3.652365
27,750,3.6368332
27,765,3.6599371
27,780,3.7166278
27,795,3.8032002
27,810,3.9165642
27,825,4.053964
27,840,4.2128663
27,855,4.390931
27,870,4.586001
27,885,4.7960844
27,900,5.0193477
27,915,5.2541003
27,930,5.4987683
27,945,5.7347994
27,960,5.9358206
27,975,6.104771
27,990,6.2455773
27,1005,6.3609667
27,1020,6.4532003
27,1035,6.5242953
27,1050,6.576096
27,1065,6.6103206
27,1080,6.628571
27,1095,6.6323323
27,1110,6.622978
27,1125,6.601779
27,1140,6.569916
27,1155,6.5284634
27,1170,6.478428
27,1185,6.4207273
27,1200,6.3562098
27,1215,6.2856607
27,1230,6.209793
27,1245,6.1292686
27,1260,6.0446935
27,1275,5.9566193
27,1290,5.865558
27,1305,5.7719717
27,1320,5.676286
27,1335,5.5788913
27,1350,5.480139
27,1365,5.3803525
27,1380,5.2798257
27,1395,5.178824
27,1410,5.0775914
27,1425,4.976346
27,1440,4.8752904
27,1455,4.788134
27,1470,4.74307
27,1485,4.7373896
27,1500,4.766042
27,1515,4.8252807
27,1530,4.912008
27,1545,5.0234504
27,1560,5.1570597
27,1575,5.3104873
27,1590,5.481561
27,1605,5.6682725
27,1620,5.868769
27,1635,6.0813484
27,1650,6.3044233
27,1665,6.519428
27,1680,6.6999645
27,1695,6.8489647
27,1710,6.9703407
27,1725,7.066836
27,1740,7.1406336
27,1755,7.193775
27,1770,7.228113
27,1785,7.2453294
27,1800,7.247004
27,1815,7.2346196
27,1830,7.2095456
27,1845,7.17304
27,1860,7.126264
27,1875,7.0702925
27,1890,7.0061183
27,1905,6.9346533
27,1920,6.856742
27,1935,6.773148
27,1950,6.684584
27,1965,6.591695
27,1980,6.4950767
27,1995,6.39528
27,2010,6.2927985
27,2025,6.1880956
27,2040,6.0815854
27,2055,5.9736495
27,2070,5.864636
27,2085,5.754857
27,2100,5.6446023
27,2115,5.5341287
27,2130,5.423673
27,2145,5.3134503
27,2160,5.203653
27,2175,5.1079774
27,2190,5.0546393
27,2205,5.040883
27,2220,5.061679
27,2235,5.1132717
27,2250,5.1925626
27,2265,5.2967687
27,2280,5.423337
27,2295,5.5699053
27,2310,5.7342954
27,2325,5.9145007
27,2340,6.1086674
27,2355,6.3150873
27,2370,6.5321665
27,2385,6.741336
27,2400,6.9161916
27,2415,7.059662
27,2430,7.1756544
27,2445,7.266908
27,2460,7.335604
27,2475,7.3837757
27,2490,7.413276
27,2505,7.4257836
27,2520,7.422872
27,2535,7.4060206
27,2550,7.3765965
27,2565,7.3358555
27,2580,7.2849555
27,2595,7.2249675
27,2610,7.1568813
27,2625,7.081607
27,2640,6.9999847
27,2655,6.9127774
27,2670,6.8206964
27,2685,6.7243795
27,2700,6.624426
27,2715,6.521377
27,2730,6.41573
27,2745,6.3079433
27,2760,6.1984286
27,2775,6.0875683
27,2790,5.9757037
27,2805,5.8631496
27,2820,5.7501907
27,2835,5.637083
27,2850,5.5240626
27,2865,5.411339
27,2880,5.299106
27,2895,5.2010593
27,2910,5.145411
27,2925,5.129405
27,2940,5.1480093
27,2955,5.1974683
27,2970,5.27468
27,2985,5.3768616
27,3000,5.501458
27,3015,5.6461053
27,3030,5.808625
27,3045,5.987008
27,3060,6.1794
27,3075,6.384092
27,3090,6.5994873
27,3105,6.8070173
27,3120,6.980275
27,3135,7.122189
27,3150,7.236665
27,3165,7.326442
27,3180,7.393698
27,3195,7.440467
27,3210,7.4686
27,3225,7.479776
27,3240,7.4755664
27,3255,7.457449
27,3270,7.4267917
27,3285,7.3848486
27,3300,7.3327775
27,3315,7.2716475
27,3330,7.202448
27,3345,7.1260886
27,3360,7.0434084
27,3375,6.9551697
27,3390,6.8620834
27,3405,6.7647867
27,3420,6.663879
27,3435,6.559898
27,3450,6.4533434
27,3465,6.3446712
27,3480,6.234293
27,3495,6.122591
27,3510,6.0099053
27,3525,5.896551
27,3540,5.7828116
27,3555,5.668943
27,3570,5.55518
27,3585,5.441732
27,3600,5.328793
27,3615,5.2300577
27,3630,5.173738
27,3645,5.157078
27,3660,5.1750436
27,3675,5.2238803
27,3690,5.300485
27,3705,5.4020743
27,3720,5.526094
27,3735,5.6701784
27,3750,5.832149
27,3765,6.009997
27,3780,6.2018666
27,3795,6.4060493
27,3810,6.6209483
27,3825,6.8279943
27,3840,7.0007796
27,3855,7.142233
27,3870,7.2562594
27,3885,7.3455973
27,3900,7.412426
27,3915,7.458777
27,3930,7.4865026
27,3945,7.497281
27,3960,7.492684
27,3975,7.474188
27,3990,7.4431605
27,4005,7.400857
27,4020,7.3484335
27,4035,7.2869596
27,4050,7.2174244
27,4065,7.1407375
27,4080,7.0577374
27,4095,6.9691863
27,4110,6.8757954
27,4125,6.7782006
27,4140,6.677002
27,4155,6.572737
27,4170,6.4659057
27,4185,6.3569627
27,4200,6.2463202
27,4215,6.13436
27,4230,6.021422
27,4245,5.9078217
27,4260,5.7938414
27,4275,5.6797376
27,4290,5.5657454
27,4305,5.4520726
27,4320,5.338915
27,4335,5.2399654
27,4350,5.183437
27,4365,5.166572
27,4380,5.184339
27,4395,5.2329803
27,4410,5.3093953
27,4425,5.4107985
27,4440,5.5346365
27,4455,5.6785436
27,4470,5.840341
27,4485,6.0180197
27,4500,6.209724
27,4515,6.413745
27,4530,6.628486
27,4545,6.8353777
27,4560,7.0080123
27,4575,7.149318
27,4590,7.2632008
27,4605,7.3523984
27,4620,7.4190893
27,4635,7.465306
27,4650,7.4929004
27,4665,7.50355
27,4680,7.498827
27,4695,7.480208
27,4710,7.4490604
27,4725,7.4066396
27,4740,7.3541007
27,4755,7.292515
27,4770,7.2228694
27,4785,7.1460752
27,4800,7.062969
27,4815,6.974315
27,4830,6.8808236
27,4845,6.7831306
27,4860,6.6818357
27,4875,6.5774765
27,4890,6.4705524
27,4905,6.3615193
27,4920,6.250788
27,4935,6.1387415
27,4950,6.0257187
27,4965,5.9120355
27,4980,5.797974
27,4995,5.683791
27,5010,5.569721
27,5025,5.455972
27,5040,5.34274
27,5055,5.243718
27,5070,5.1871176
27,5085,5.170183
27,5100,5.1878815
27,5115,5.2364564
27,5130,5.312805
27,5145,5.414145
27,5160,5.5379195
27,5175,5.681765
27,5190,5.8435025
27,5205,6.0211225
27,5220,6.212769
27,5235,6.4167337
27,5250,6.6314197
27,5265,6.8382573
27,5280,7.010839
27,5295,7.152093
27,5310,7.2659245
27,5325,7.355072
27,5340,7.4217143
27,5355,7.467883
27,5370,7.4954305
27,5385,7.506035
27,5400,7.5012665
27,5415,7.4826035
27,5430,7.4514127
27,5445,7.4089494
27,5460,7.3563695
27,5475,7.2947426
27,5490,7.225057
27,5505,7.148224
27,5520,7.0650797
27,5535,6.9763885
27,5550,6.8828597
27,5565,6.7851305
27,5580,6.6838
27,5595,6.5794063
27,5610,6.4724483
27,5625,6.3633814
27,5640,6.252618
27,5655,6.140539
27,5670,6.027485
27,5685,5.9137707
27,5700,5.799679
27,5715,5.6854663
27,5730,5.5713673
27,5745,5.4575896
27,5760,5.3443294
27,5775,5.24528
27,5790,5.1886525
27,5805,5.1716914
27,5820,5.189364
27,5835,5.237913
27,5850,5.314237
27,5865,5.415552
27,5880,5.539303
27,5895,5.683125
27,5910,5.844839
27,5925,6.022436
27,5940,6.2140603
27,5955,6.418003
27,5970,6.632668
27,5985,6.839484
27,6000,7.012045
27,6015,7.153279
27,6030,7.267091
27,6045,7.356219
27,6060,7.422842
27,6075,7.4689918
27,6090,7.496521
27,6105,7.507107
27,6120,7.502321
27,6135,7.48364
27,6150,7.4524326
27,6165,7.409952
27,6180,7.3573556
27,6195,7.2957125
27,6210,7.2260113
27,6225,7.1491623
27,6240,7.066003
27,6255,6.977296
27,6270,6.883753
27,6285,6.786009
27,6300,6.6846642
27,6315,6.580256
27,6330,6.4732842
27,6345,6.364204
27,6360,6.253427
27,6375,6.141335
27,6390,6.028268
27,6405,5.9145412
27,6420,5.800437
27,6435,5.6862116
27,6450,5.5721006
27,6465,5.4583116
27,6480,5.3450394
27,6495,5.232449
27,6510,5.1206913
27,6525,5.009912
27,6540,4.9002175
27,6555,4.7917166
27,6570,4.6845093
27,6585,4.57867
27,6600,4.4742713
27,6615,4.371379
27,6630,4.2700467
27,6645,4.1703186
27,6660,4.072234
27,6675,3.9758294
27,6690,3.8811235
27,6705,3.788139
27,6720,3.6968904
27,6735,3.607385
27,6750,3.5196276
27,6765,3.4336183
27,6780,3.349355
27,6795,3.2668312
27,6810,3.186038
27,6825,3.106964
27,6840,3.0295973
27,6855,2.9539218
27,6870,2.87992
27,6885,2.8075743
27,6900,2.7368646
27,6915,2.6677687
27,6930,2.6002648
27,6945,2.5343294
27,6960,2.4699378
27,6975,2.4070654
27,6990,2.3456867
27,7005,2.2857757
27,7020,2.227306
27,7035,2.1702507
27,7050,2.1145835
27,7065,2.0602777
27,7080,2.0073075
27,7095,1.9556434
27,7110,1.9052603
27,7125,1.856132
27,7140,1.8082331
27,7155,1.7615355
27,7170,1.7160139
27,7185,1.6716422
27,7200,1.6283946
28,0,0
28,3,0.00016595723
28,6,0.0012285924
28,9,0.0037339153
28,12,0.007940322
28,15,0.0139310565
28,18,0.021699898
28,21,0.031201141
28,24,0.042376127
28,27,0.055165052
28,30,0.06951183
28,33,0.08536584
28,36,0.10268187
28,39,0.12141955
28,42,0.14154257
28,45,0.1630179
28,48,0.18581502
28,51,0.2099053
28,54,0.2352617
28,57,0.26185837
28,60,0.28967068
28,63,0.31867456
28,66,0.348847
28,69,0.38016528
28,72,0.41260755
28,75,0.4461522
28,78,0.48077804
28,81,0.5164643
28,84,0.5531903
28,87,0.5909358
28,90,0.629681
28,93,0.6694061
28,96,0.7100919
28,99,0.7517193
28,102,0.7942696
28,105,0.8377244
28,108,0.8820654
28,111,0.9272743
28,114,0.97333366
28,117,1.0202262
28,120,1.067935
28,135,1.3181329
28,150,1.586293
28,165,1.8705343
28,180,2.1691132
28,195,2.4804184
28,210,2.802938
28,225,3.117678
28,240,3.3988855
28,255,3.6502075
28,270,3.8750951
28,285,4.075796
28,300,4.2541513
28,315,4.411824
28,330,4.550378
28,345,4.6712723
28,360,4.7758718
28,375,4.8654475
28,390,4.941188
28,405,5.0041995
28,420,5.0555096
28,435,5.0960703
28,450,5.1267695
28,465,5.1484256
28,480,5.1618013
28,495,5.167604
28,510,5.1664877
28,525,5.1590576
28,540,5.145878
28,555,5.12747
28,570,5.1043177
28,585,5.0768547
28,600,5.0455146
28,615,5.010659
28,630,4.97263
28,645,4.9317713
28,660,4.888364
28,675,4.8426843
28,690,4.7949953
28,705,4.74553
28,720,4.6945043
28,735,4.65606
28,750,4.6581163
28,765,4.6970887
28,780,4.7683864
28,795,4.8688307
28,810,4.995776
28,825,5.146792
28,840,5.3196487
28,855,5.512282
28,870,5.7227554
28,885,5.9492702
28,900,6.1901617
28,915,6.44389
28,930,6.7090054
28,945,6.9665856
28,960,7.1908736
28,975,7.3856106
28,990,7.554294
28,1005,7.699186
28,1020,7.8221583
28,1035,7.9249225
28,1050,8.00906
28,1065,8.076052
28,1080,8.127282
28,1095,8.164042
28,1110,8.187543
28,1125,8.1989
28,1140,8.199155
28,1155,8.189268
28,1170,8.1701355
28,1185,8.142586
28,1200,8.1073885
28,1215,8.065256
28,1230,8.016844
28,1245,7.962764
28,1260,7.9035807
28,1275,7.8398104
28,1290,7.7719398
28,1305,7.700401
28,1320,7.625613
28,1335,7.5479436
28,1350,7.467749
28,1365,7.385343
28,1380,7.3010287
28,1395,7.215072
28,1410,7.12773
28,1425,7.0392275
28,1440,6.949782
28,1455,6.8735075
28,1470,6.8383265
28,1485,6.8406715
28,1500,6.8759217
28,1515,6.940901
28,1530,7.0329494
28,1545,7.149651
28,1560,7.2887607
28,1575,7.4482036
28,1590,7.6260457
28,1605,7.820475
28,1620,8.029811
28,1635,8.252508
28,1650,8.487118
28,1665,8.714714
28,1680,8.909511
28,1695,9.075259
28,1710,9.215441
28,1725,9.332315
28,1740,9.427738
28,1755,9.503413
28,1770,9.56092
28,1785,9.601728
28,1800,9.627219
28,1815,9.638678
28,1830,9.637302
28,1845,9.624206
28,1860,9.600418
28,1875,9.5668955
28,1890,9.52453
28,1905,9.474138
28,1920,9.416485
28,1935,9.352275
28,1950,9.282159
28,1965,9.206739
28,1980,9.126575
28,1995,9.042179
28,2010,8.954031
28,2025,8.862559
28,2040,8.768181
28,2055,8.671256
28,2070,8.572126
28,2085,8.471112
28,2100,8.368498
28,2115,8.264553
28,2130,8.159525
28,2145,8.0536375
28,2160,7.9470987
28,2175,7.854033
28,2190,7.8023477
28,2205,7.78847
28,2220,7.8077755
28,2235,7.8570843
28,2250,7.933732
28,2265,8.035297
28,2280,8.15953
28,2295,8.304352
28,2310,8.467828
28,2325,8.648141
28,2340,8.843605
28,2355,9.0526705
28,2370,9.27388
28,2385,9.488312
28,2400,9.670168
28,2415,9.8232
28,2430,9.950883
28,2445,10.055474
28,2460,10.138821
28,2475,10.202626
28,2490,10.248466
28,2505,10.277807
28,2520,10.292026
28,2535,10.292402
28,2550,10.280133
28,2565,10.256328
28,2580,10.2220125
28,2595,10.178145
28,2610,10.125605
28,2625,10.065212
28,2640,9.997728
28,2655,9.923851
28,2670,9.844233
28,2685,9.759471
28,2700,9.67012
28,2715,9.576694
28,2730,9.479663
28,2745,9.379466
28,2760,9.276499
28,2775,9.171138
28,2790,9.063715
28,2805,8.954545
28,2820,8.843915
28,2835,8.732088
28,2850,8.619309
28,2865,8.505802
28,2880,8.39177
28,2895,8.291337
28,2910,8.232409
28,2925,8.2114105
28,2940,8.223717
28,2955,8.266145
28,2970,8.336028
28,2985,8.430944
28,3000,8.548641
28,3015,8.687052
28,3030,8.844218
28,3045,9.018315
28,3060,9.20767
28,3075,9.410734
28,3090,9.626047
28,3105,9.834694
28,3120,10.010856
28,3135,10.158289
28,3150,10.280468
28,3165,10.379647
28,3180,10.457674
28,3195,10.516249
28,3210,10.556946
28,3225,10.581231
28,3240,10.590478
28,3255,10.585966
28,3270,10.568891
28,3285,10.540358
28,3300,10.501395
28,3315,10.452959
28,3330,10.395925
28,3345,10.331115
28,3360,10.259284
28,3375,10.181133
28,3390,10.097313
28,3405,10.008419
28,3420,9.915005
28,3435,9.817582
28,3450,9.7166195
28,3465,9.612557
28,3480,9.505788
28,3495,9.3966875
28,3510,9.28559
28,3525,9.172803
28,3540,9.058619
28,3555,8.9432955
28,3570,8.827078
28,3585,8.710189
28,3600,8.592832
28,3615,8.489126
28,3630,8.426981
28,3645,8.402819
28,3660,8.412014
28,3675,8.451383
28,3690,8.518258
28,3705,8.610217
28,3720,8.725005
28,3735,8.860557
28,3750,9.014913
28,3765,9.186246
28,3780,9.372883
28,3795,9.573274
28,3810,9.785961
28,3825,9.992024
28,3840,10.165646
28,3855,10.310581
28,3870,10.430305
28,3885,10.527069
28,3900,10.60272
28,3915,10.658958
28,3930,10.697358
28,3945,10.719384
28,3960,10.726408
28,3975,10.71971
28,3990,10.700484
28,4005,10.669837
28,4020,10.628796
28,4035,10.578312
28,4050,10.519266
28,4065,10.4524765
28,4080,10.378699
28,4095,10.298634
28,4110,10.212929
28,4125,10.122181
28,4140,10.026944
28,4155,9.927727
28,4170,9.825
28,4185,9.719202
28,4200,9.610726
28,4215,9.499945
28,4230,9.387196
28,4245,9.272782
28,4260,9.157
28,4275,9.040104
28,4290,8.922339
28,4305,8.803927
28,4320,8.685073
28,4335,8.579894
28,4350,8.516299
28,4365,8.490711
28,4380,8.498504
28,4395,8.536493
28,4410,8.602013
28,4425,8.6926365
28,4440,8.806113
28,4455,8.940372
28,4470,9.093459
28,4485,9.263544
28,4500,9.448953
28,4515,9.648136
28,4530,9.859636
28,4545,10.064531
28,4560,10.237003
28,4575,10.380809
28,4590,10.499419
28,4605,10.595091
28,4620,10.669666
28,4635,10.724846
28,4650,10.762204
28,4665,10.783205
28,4680,10.789222
28,4695,10.781532
28,4710,10.761332
28,4725,10.729724
28,4740,10.687737
28,4755,10.636326
28,4770,10.5763645
28,4785,10.508677
28,4800,10.434013
28,4815,10.353077
28,4830,10.266516
28,4845,10.174924
28,4860,10.078857
28,4875,9.978824
28,4890,9.875293
28,4905,9.7687
28,4920,9.659442
28,4935,9.547888
28,4950,9.434382
28,4965,9.319235
28,4980,9.2027235
28,4995,9.085132
28,5010,8.966684
28,5025,8.84759
28,5040,8.728077
28,5055,8.622219
28,5070,8.557957
28,5085,8.5317135
28,5100,8.53886
28,5115,8.576215
28,5130,8.641109
28,5145,8.731119
28,5160,8.843991
28,5175,8.977656
28,5190,9.130159
28,5205,9.299669
28,5220,9.484512
28,5235,9.68314
28,5250,9.894093
28,5265,10.09845
28,5280,10.270393
28,5295,10.413677
28,5310,10.531776
28,5325,10.626944
28,5340,10.701023
28,5355,10.755715
28,5370,10.792594
28,5385,10.813123
28,5400,10.818674
28,5415,10.810528
28,5430,10.789877
28,5445,10.757827
28,5460,10.7154045
28,5475,10.663564
28,5490,10.603181
28,5505,10.535077
28,5520,10.460006
28,5535,10.378667
28,5550,10.29171
28,5565,10.199728
28,5580,10.103278
28,5595,10.002867
28,5610,9.898964
28,5625,9.792006
28,5640,9.682387
28,5655,9.570479
28,5670,9.456625
28,5685,9.341134
28,5700,9.224284
28,5715,9.1063595
28,5730,8.987585
28,5745,8.868169
28,5760,8.748338
28,5775,8.642168
28,5790,8.577599
28,5805,8.551052
28,5820,8.557901
28,5835,8.594963
28,5850,8.659569
28,5865,8.749295
28,5880,8.861888
28,5895,8.995279
28,5910,9.147511
28,5925,9.316755
28,5940,9.501336
28,5955,9.699706
28,5970,9.910405
28,5985,10.114512
28,6000,10.28621
28,6015,10.429254
28,6030,10.547114
28,6045,10.642047
28,6060,10.715897
28,6075,10.770362
28,6090,10.807016
28,6105,10.827326
28,6120,10.832661
28,6135,10.824302
28,6150,10.80344
28,6165,10.771184
28,6180,10.728559
28,6195,10.6765175
28,6210,10.615937
28,6225,10.54764
28,6240,10.472378
28,6255,10.39085
28,6270,10.303708
28,6285,10.211544
28,6300,10.114915
28,6315,10.014327
28,6330,9.910251
28,6345,9.803121
28,6360,9.693334
28,6375,9.58126
28,6390,9.467241
28,6405,9.351589
28,6420,9.234581
28,6435,9.1165
28,6450,8.997572
28,6465,8.878004
28,6480,8.758024
28,6495,8.6378
28,6510,8.517495
28,6525,8.397275
28,6540,8.277277
28,6555,8.157633
28,6570,8.038456
28,6585,7.91986
28,6600,7.801943
28,6615,7.684786
28,6630,7.568473
28,6645,7.453075
28,6660,7.338652
28,6675,7.2252607
28,6690,7.112951
28,6705,7.0017667
28,6720,6.891746
28,6735,6.7829227
28,6750,6.6753273
28,6765,6.5689855
28,6780,6.4639187
28,6795,6.360146
28,6810,6.2576833
28,6825,6.156542
28,6840,6.0567317
28,6855,5.9582605
28,6870,5.8611317
28,6885,5.765348
28,6900,5.670911
28,6915,5.577818
28,6930,5.486067
28,6945,5.3956537
28,6960,5.3065724
28,6975,5.2188168
28,6990,5.1323795
28,7005,5.0472527
28,7020,4.9634237
28,7035,4.8808846
28,7050,4.7996254
28,7065,4.719635
28,7080,4.6408997
28,7095,4.5634074
28,7110,4.4871454
28,7125,4.4120994
28,7140,4.3382554
28,7155,4.265599
28,7170,4.1941156
28,7185,4.1237907
28,7200,4.0546103
29,0,0
29,3,0.0001954016
29,6,0.001413349
29,9,0.004250468
29,12,0.008999242
29,15,0.01576976
29,18,0.024576142
29,21,0.03538656
29,24,0.048150398
29,27,0.062811315
29,30,0.079313226
29,33,0.09760302
29,36,0.11763124
29,39,0.13935219
29,42,0.16272356
29,45,0.18770595
29,48,0.21426232
29,51,0.24235763
29,54,0.2719584
29,57,0.30303258
29,60,0.33554924
29,63,0.36947846
29,66,0.4047912
29,69,0.4414592
29,72,0.47945496
29,75,0.5187515
29,78,0.55932236
29,81,0.6011417
29,84,0.6441838
29,87,0.68842363
29,90,0.7338365
29,93,0.780398
29,96,0.82808435
29,99,0.876872
29,102,0.9267379
29,105,0.9776593
29,108,1.0296136
29,111,1.0825784
29,114,1.1365323
29,117,1.191454
29,120,1.2473228
29,135,1.5401508
29,150,1.8536685
29,165,2.185584
29,180,2.5337796
29,195,2.8963015
29,210,3.2713232
29,225,3.6372364
29,240,3.9640317
29,255,4.2545614
29,270,4.512733
29,285,4.7413754
29,300,4.942833
29,315,5.119232
29,330,5.272531
29,345,5.404553
29,360,5.5169992
29,375,5.611455
29,390,5.6893907
29,405,5.7521706
29,420,5.801061
29,435,5.837238
29,450,5.8617897
29,465,5.8757257
29,480,5.879981
29,495,5.8754196
29,510,5.862842
29,525,5.8429904
29,540,5.8165483
29,555,5.7841477
29,570,5.7463727
29,585,5.703756
29,600,5.6567993
29,615,5.605955
29,630,5.5516505
29,645,5.494276
29,660,5.434191
29,675,5.3717313
29,690,5.3071985
29,705,5.2408757
29,720,5.1730194
29,735,5.1196322
29,750,5.112965
29,765,5.1502533
29,780,5.226326
29,795,5.3372455
29,810,5.4796963
29,825,5.6506724
29,840,5.847391
29,855,6.067303
29,870,6.308042
29,885,6.567411
29,900,6.8433776
29,915,7.134068
29,930,7.437724
29,945,7.732825
29,960,7.9893312
29,975,8.210207
29,990,8.399408
29,1005,8.559799
29,1020,8.693711
29,1035,8.8033285
29,1050,8.890657
29,1065,8.957519
29,1080,9.005626
29,1095,9.036596
29,1110,9.051911
29,1125,9.0529375
29,1140,9.040948
29,1155,9.017133
29,1170,8.98259
29,1185,8.938319
29,1200,8.885233
29,1215,8.8242445
29,1230,8.75611
29,1245,8.681651
29,1260,8.601496
29,1275,8.516313
29,1290,8.426659
29,1305,8.333054
29,1320,8.235999
29,1335,8.135916
29,1350,8.03324
29,1365,7.9283323
29,1380,7.821558
29,1395,7.713232
29,1410,7.603655
29,1425,7.493097
29,1440,7.3818073
29,1455,7.285773
29,1470,7.2372427
29,1485,7.23345
29,1500,7.269207
29,1515,7.340569
29,1530,7.4442124
29,1545,7.5771213
29,1560,7.7365007
29,1575,7.9197793
29,1590,8.124589
29,1605,8.348726
29,1620,8.590143
29,1635,8.846955
29,1650,9.117394
29,1665,9.379929
29,1680,9.604496
29,1695,9.794056
29,1710,9.95255
29,1725,10.082813
29,1740,10.187209
29,1755,10.267884
29,1770,10.326821
29,1785,10.365851
29,1800,10.386676
29,1815,10.390887
29,1830,10.379959
29,1845,10.35526
29,1860,10.318058
29,1875,10.2695265
29,1890,10.210746
29,1905,10.142721
29,1920,10.06638
29,1935,9.982577
29,1950,9.892106
29,1965,9.795693
29,1980,9.694013
29,1995,9.587685
29,2010,9.47728
29,2025,9.363329
29,2040,9.246307
29,2055,9.12667
29,2070,9.0048065
29,2085,8.881111
29,2100,8.755905
29,2115,8.629518
29,2130,8.502229
29,2145,8.374304
29,2160,8.245988
29,2175,8.133279
29,2190,8.068351
29,2205,8.048519
29,2220,8.068547
29,2235,8.124489
29,2250,8.213005
29,2265,8.331098
29,2280,8.475965
29,2295,8.645025
29,2310,8.8358965
29,2325,9.046365
29,2340,9.274383
29,2355,9.518051
29,2370,9.775617
29,2385,10.025544
29,2400,10.237754
29,2415,10.4152
29,2430,10.561821
29,2445,10.680445
29,2460,10.773429
29,2475,10.8429165
29,2490,10.890885
29,2505,10.919162
29,2520,10.929444
29,2535,10.923322
29,2550,10.902258
29,2565,10.867621
29,2580,10.820675
29,2595,10.7625885
29,2610,10.694439
29,2625,10.617227
29,2640,10.531877
29,2655,10.439242
29,2670,10.340112
29,2685,10.235209
29,2700,10.125208
29,2715,10.010713
29,2730,9.892299
29,2745,9.77048
29,2760,9.6457405
29,2775,9.518523
29,2790,9.389232
29,2805,9.258244
29,2820,9.1258955
29,2835,8.992504
29,2850,8.858352
29,2865,8.723701
29,2880,8.588786
29,2895,8.469621
29,2910,8.398355
29,2925,8.372311
29,2940,8.386247
29,2955,8.436216
29,2970,8.518875
29,2985,8.631223
29,3000,8.770458
29,3015,8.933998
29,3030,9.119454
29,3045,9.3246155
29,3060,9.547434
29,3075,9.786014
29,3090,10.03858
29,3105,10.283597
29,3120,10.4909935
29,3135,10.663722
29,3150,10.805715
29,3165,10.919802
29,3180,11.008335
29,3195,11.073458
29,3210,11.117146
29,3225,11.141221
29,3240,11.147386
29,3255,11.137223
29,3270,11.112197
29,3285,11.073672
29,3300,11.022913
29,3315,10.961084
29,3330,10.889265
29,3345,10.808453
29,3360,10.719571
29,3375,10.62347
29,3390,10.520942
29,3405,10.412704
29,3420,10.299432
29,3435,10.181726
29,3450,10.0601635
29,3465,9.935256
29,3480,9.807486
29,3495,9.677294
29,3510,9.545083
29,3525,9.41123
29,3540,9.276073
29,3555,9.139923
29,3570,9.003066
29,3585,8.865761
29,3600,8.728243
29,3615,8.606525
29,3630,8.532749
29,3645,8.504245
29,3660,8.515769
29,3675,8.563373
29,3690,8.643709
29,3705,8.7537775
29,3720,8.8907795
29,3735,9.052129
29,3750,9.235435
29,3765,9.438485
29,3780,9.659232
29,3795,9.895782
29,3810,10.1463585
29,3825,10.389423
29,3840,10.594905
29,3855,10.765755
29,3870,10.905904
29,3885,11.018182
29,3900,11.104941
29,3915,11.168323
29,3930,11.2103
29,3945,11.232699
29,3960,11.237218
29,3975,11.225441
29,3990,11.198829
29,4005,11.15875
29,4020,11.106463
29,4035,11.043137
29,4050,10.969846
29,4065,10.887589
29,4080,10.797291
29,4095,10.6998
29,4110,10.595906
29,4125,10.486328
29,4140,10.37174
29,4155,10.252745
29,4170,10.129915
29,4185,10.003763
29,4200,9.874771
29,4215,9.743381
29,4230,9.609993
29,4245,9.474984
29,4260,9.338693
29,4275,9.201429
29,4290,9.063478
29,4305,8.925099
29,4320,8.786529
29,4335,8.663777
29,4350,8.5889845
29,4365,8.559484
29,4380,8.570029
29,4395,8.616673
29,4410,8.696066
29,4425,8.805198
29,4440,8.941292
29,4455,9.101758
29,4470,9.284195
29,4485,9.486389
29,4500,9.706292
29,4515,9.942011
29,4530,10.191767
29,4545,10.434038
29,4560,10.63874
29,4575,10.808822
29,4590,10.948219
29,4605,11.059758
29,4620,11.145792
29,4635,11.208461
29,4650,11.24974
29,4665,11.271452
29,4680,11.275296
29,4695,11.2628565
29,4710,11.235595
29,4725,11.194877
29,4740,11.141963
29,4755,11.078021
29,4770,11.004126
29,4785,10.921275
29,4800,10.830394
29,4815,10.732329
29,4830,10.627873
29,4845,10.517742
29,4860,10.402612
29,4875,10.283083
29,4890,10.15973
29,4905,10.033064
29,4920,9.903567
29,4935,9.77168
29,4950,9.637806
29,4965,9.502317
29,4980,9.365556
29,4995,9.22783
29,5010,9.089426
29,5025,8.950602
29,5040,8.811592
29,5055,8.688411
29,5070,8.613196
29,5085,8.583281
29,5100,8.593418
29,5115,8.639663
29,5130,8.718661
29,5145,8.827407
29,5160,8.963122
29,5175,9.123217
29,5190,9.305287
29,5205,9.507124
29,5220,9.726673
29,5235,9.962046
29,5250,10.211462
29,5265,10.4534
29,5280,10.657773
29,5295,10.827534
29,5310,10.966615
29,5325,11.077843
29,5340,11.163571
29,5355,11.22594
29,5370,11.266924
29,5385,11.288347
29,5400,11.291907
29,5415,11.279189
29,5430,11.251652
29,5445,11.210664
29,5460,11.157486
29,5475,11.093283
29,5490,11.019132
29,5505,10.93603
29,5520,10.844901
29,5535,10.746594
29,5550,10.641899
29,5565,10.531534
29,5580,10.416174
29,5595,10.296418
29,5610,10.172842
29,5625,10.045958
29,5640,9.916246
29,5655,9.784147
29,5670,9.650065
29,5685,9.514373
29,5700,9.377411
29,5715,9.239488
29,5730,9.10089
29,5745,8.961875
29,5760,8.822679
29,5775,8.699312
29,5790,8.623918
29,5805,8.593823
29,5820,8.603787
29,5835,8.649859
29,5850,8.72869
29,5865,8.83727
29,5880,8.972823
29,5895,9.132756
29,5910,9.314671
29,5925,9.516352
29,5940,9.735749
29,5955,9.970973
29,5970,10.2202425
29,5985,10.462036
29,6000,10.666268
29,6015,10.83589
29,6030,10.9748335
29,6045,11.085928
29,6060,11.171525
29,6075,11.233764
29,6090,11.27462
29,6105,11.2959175
29,6120,11.299355
29,6135,11.286514
29,6150,11.258859
29,6165,11.217753
29,6180,11.16446
29,6195,11.100144
29,6210,11.025882
29,6225,10.942671
29,6240,10.851434
29,6255,10.753021
29,6270,10.648222
29,6285,10.537754
29,6300,10.422293
29,6315,10.302439
29,6330,10.178765
29,6345,10.051785
29,6360,9.921979
29,6375,9.789788
29,6390,9.655616
29,6405,9.519834
29,6420,9.382783
29,6435,9.244774
29,6450,9.106091
29,6465,8.966991
29,6480,8.827712
29,6495,8.688469
29,6510,8.549457
29,6525,8.410852
29,6540,8.27282
29,6555,8.135501
29,6570,7.9990287
29,6585,7.8635254
29,6600,7.7290964
29,6615,7.59583
29,6630,7.4638214
29,6645,7.333153
29,6660,7.203873
29,6675,7.076053
29,6690,6.9497495
29,6705,6.8250027
29,6720,6.701847
29,6735,6.5803204
29,6750,6.4604506
29,6765,6.342256
29,6780,6.225756
29,6795,6.110965
29,6810,5.9978914
29,6825,5.886543
29,6840,5.7769227
29,6855,5.6690326
29,6870,5.562869
29,6885,5.45843
29,6900,5.35571
29,6915,5.2546997
29,6930,5.1553893
29,6945,5.0577693
29,6960,4.961827
29,6975,4.8675466
29,6990,4.774914
29,7005,4.683913
29,7020,4.5945263
29,7035,4.5067363
29,7050,4.420524
29,7065,4.3358707
29,7080,4.252756
29,7095,4.17116
29,7110,4.091063
29,7125,4.0124426
29,7140,3.9352791
29,7155,3.859551
29,7170,3.7852368
29,7185,3.7123148
29,7200,3.6407638
30,0,0
30,3,0.00018153254
30,6,0.001310508
30,9,0.003932778
30,12,0.008305914
30,15,0.014515239
30,18,0.022556683
30,21,0.03238528
30,24,0.043941434
30,27,0.057163235
30,30,0.07199158
30,33,0.088372305
30,36,0.10625635
30,39,0.12559937
30,42,0.14636104
30,45,0.16850439
30,48,0.19199494
30,51,0.21680023
30,54,0.2428894
30,57,0.27023298
30,60,0.29880258
30,63,0.32857063
30,66,0.35951063
30,69,0.3915964
30,72,0.4248028
30,75,0.45910484
30,78,0.4944782
30,81,0.53089887
30,84,0.5683432
30,87,0.606788
30,90,0.6462103
30,93,0.6865877
30,96,0.72789806
30,99,0.7701196
30,102,0.81323105
30,105,0.85721135
30,108,0.9020395
30,111,0.94769496
30,114,0.99415785
30,117,1.0414087
30,120,1.0894281
30,135,1.3403884
30,150,1.6078138
30,165,1.8896033
30,180,2.1838253
30,195,2.4887087
30,210,2.8026059
30,225,3.1057076
30,240,3.3715549
30,255,3.6039782
30,270,3.80686
30,285,3.9828546
30,300,4.1342044
30,315,4.2629313
30,330,4.3709235
30,345,4.4599442
30,360,4.5316305
30,375,4.5875006
30,390,4.6289625
30,405,4.6573215
30,420,4.6737847
30,435,4.679469
30,450,4.6754074
30,465,4.6625495
30,480,4.64177
30,495,4.613879
30,510,4.5796137
30,525,4.539665
30,540,4.494657
30,555,4.4451723
30,570,4.3917427
30,585,4.3348546
30,600,4.274959
30,615,4.2124634
30,630,4.147745
30,645,4.081152
30,660,4.012999
30,675,3.943562
30,690,3.873122
30,705,3.8019052
30,720,3.7301097
30,735,3.6724381
30,750,3.6575716
30,765,3.6817136
30,780,3.7397773
30,795,3.828117
30,810,3.9436448
30,825,4.083567
30,840,4.245297
30,855,4.4264436
30,870,4.624802
30,885,4.838339
30,900,5.06518
30,915,5.303603
30,930,5.551999
30,945,5.790617
30,960,5.9929852
30,975,6.1629834
30,990,6.3045173
30,1005,6.4202704
30,1020,6.5124187
30,1035,6.583082
30,1050,6.6341305
30,1065,6.6673117
30,1080,6.6842575
30,1095,6.686502
30,1110,6.675456
30,1125,6.6524134
30,1140,6.6185713
30,1155,6.5750394
30,1170,6.5228415
30,1185,6.462917
30,1200,6.396132
30,1215,6.3232803
30,1230,6.2450876
30,1245,6.1622295
30,1260,6.075314
30,1275,5.9849105
30,1290,5.8915334
30,1305,5.7956543
30,1320,5.697708
30,1335,5.5980854
30,1350,5.497146
30,1365,5.3952174
30,1380,5.2925944
30,1395,5.189549
30,1410,5.086325
30,1425,4.983149
30,1440,4.880213
30,1455,4.7922015
30,1470,4.7477584
30,1485,4.7430763
30,1500,4.773067
30,1515,4.8340597
30,1530,4.922961
30,1545,5.036935
30,1560,5.1733856
30,1575,5.3299246
30,1590,5.504327
30,1605,5.694538
30,1620,5.8986707
30,1635,6.1149893
30,1650,6.341872
30,1665,6.5595403
30,1680,6.741511
30,1695,6.8916545
30,1710,7.0138617
30,1725,7.110778
30,1740,7.1846337
30,1755,7.237466
30,1770,7.2711525
30,1785,7.2874384
30,1800,7.2879496
30,1815,7.274194
30,1830,7.247568
30,1845,7.2093606
30,1860,7.160759
30,1875,7.10286
30,1890,7.036674
30,1905,6.963132
30,1920,6.8830886
30,1935,6.7973304
30,1950,6.7065783
30,1965,6.6115003
30,1980,6.5126944
30,1995,6.4107275
30,2010,6.306092
30,2025,6.1992636
30,2040,6.090651
30,2055,5.980653
30,2070,5.8696084
30,2085,5.757848
30,2100,5.6456532
30,2115,5.5332937
30,2130,5.421002
30,2145,5.308997
30,2160,5.197468
30,2175,5.1010985
30,2190,5.048522
30,2205,5.035927
30,2220,5.058217
30,2235,5.1117177
30,2250,5.1933255
30,2265,5.300205
30,2280,5.4297566
30,2295,5.5795813
30,2310,5.747452
30,2325,5.931309
30,2340,6.129258
30,2355,6.339558
30,2370,6.560585
30,2385,6.772561
30,2400,6.9489923
30,2415,7.0937467
30,2430,7.210709
30,2445,7.3025217
30,2460,7.3714104
30,2475,7.4194083
30,2490,7.44839
30,2505,7.4600973
30,2520,7.456153
30,2535,7.4380593
30,2550,7.4072113
30,2565,7.364894
30,2580,7.3122916
30,2595,7.250499
30,2610,7.180522
30,2625,7.103289
30,2640,7.0196533
30,2655,6.930398
30,2670,6.8362417
30,2685,6.737848
30,2700,6.635816
30,2715,6.5307064
30,2730,6.423013
30,2745,6.313206
30,2760,6.201696
30,2775,6.0888743
30,2790,5.975083
30,2805,5.8606462
30,2820,5.7458463
30,2835,5.6309505
30,2850,5.516188
30,2865,5.4017787
30,2880,5.287907
30,2895,5.1892576
30,2910,5.1344604
30,2925,5.119704
30,2940,5.1398892
30,2955,5.1913404
30,2970,5.2709527
30,2985,5.3758903
30,3000,5.503551
30,3015,5.651535
30,3030,5.8176136
30,3045,5.9997263
30,3060,6.1959763
30,3075,6.4046226
30,3090,6.624039
30,3105,6.8344474
30,3120,7.0093517
30,3135,7.1526194
30,3150,7.2681336
30,3165,7.3585367
30,3180,7.4260516
30,3195,7.4727116
30,3210,7.5003896
30,3225,7.5108275
30,3240,7.5056467
30,3255,7.486348
30,3270,7.4543266
30,3285,7.4108653
30,3300,7.357149
30,3315,7.2942705
30,3330,7.223236
30,3345,7.1449723
30,3360,7.060332
30,3375,6.9700975
30,3390,6.8749876
30,3405,6.775664
30,3420,6.6727266
30,3435,6.5667334
30,3450,6.4581804
30,3465,6.347534
30,3480,6.235207
30,3495,6.1215887
30,3510,6.007021
30,3525,5.891827
30,3540,5.7762895
30,3555,5.6606736
30,3570,5.5452104
30,3585,5.430117
30,3600,5.3155794
30,3615,5.21628
30,3630,5.1608496
30,3645,5.145475
30,3660,5.1650586
30,3675,5.2159233
30,3690,5.2949634
30,3705,5.3993435
30,3720,5.526461
30,3735,5.6739154
30,3750,5.8394775
30,3765,6.0210867
30,3780,6.216846
30,3795,6.4250135
30,3810,6.643964
30,3825,6.8539176
30,3840,7.0283785
30,3855,7.1712136
30,3870,7.2863064
30,3885,7.376298
30,3900,7.443412
30,3915,7.4896803
30,3930,7.516977
30,3945,7.5270424
30,3960,7.521498
30,3975,7.501845
30,3990,7.469477
30,4005,7.4256787
30,4020,7.371633
30,4035,7.308433
30,4050,7.237085
30,4065,7.158515
30,4080,7.073576
30,4095,6.98305
30,4110,6.8876553
30,4125,6.7880535
30,4140,6.6848454
30,4155,6.578587
30,4170,6.469776
30,4185,6.358877
30,4200,6.246304
30,4215,6.132445
30,4230,6.0176425
30,4245,5.902219
30,4260,5.7864575
30,4275,5.6706233
30,4290,5.5549464
30,4305,5.4396443
30,4320,5.324903
30,4335,5.2254047
30,4350,5.16978
30,4365,5.154216
30,4380,5.1736145
30,4395,5.224298
30,4410,5.303161
30,4425,5.407369
30,4440,5.534318
30,4455,5.6816077
30,4470,5.8470097
30,4485,6.0284615
30,4500,6.224067
30,4515,6.4320855
30,4530,6.6508894
30,4545,6.8607006
30,4560,7.035022
30,4575,7.17772
30,4590,7.29268
30,4605,7.382541
30,4620,7.4495277
30,4635,7.4956717
30,4650,7.5228467
30,4665,7.5327935
30,4680,7.527133
30,4695,7.5073667
30,4710,7.474888
30,4725,7.4309807
30,4740,7.3768287
30,4755,7.313525
30,4770,7.242075
30,4785,7.163406
30,4800,7.0783696
30,4815,6.9877486
30,4830,6.892261
30,4845,6.7925687
30,4860,6.6892715
30,4875,6.5829263
30,4890,6.47403
30,4905,6.363048
30,4920,6.2503934
30,4935,6.1364546
30,4950,6.021574
30,4965,5.9060745
30,4980,5.790238
30,4995,5.6743307
30,5010,5.5585823
30,5025,5.4432106
30,5040,5.3284006
30,5055,5.228835
30,5070,5.173145
30,5085,5.1575165
30,5100,5.1768517
30,5115,5.2274737
30,5130,5.3062773
30,5145,5.4104257
30,5160,5.5373173
30,5175,5.6845503
30,5190,5.849897
30,5205,6.031295
30,5220,6.2268476
30,5235,6.434814
30,5250,6.6535673
30,5265,6.8633285
30,5280,7.037601
30,5295,7.180252
30,5310,7.295165
30,5325,7.3849807
30,5340,7.4519224
30,5355,7.498023
30,5370,7.5251546
30,5385,7.5350595
30,5400,7.5293574
30,5415,7.5095506
30,5430,7.477032
30,5445,7.4330864
30,5460,7.378896
30,5475,7.3155556
30,5490,7.244069
30,5505,7.1653643
30,5520,7.0802927
30,5535,6.9896374
30,5550,6.8941164
30,5565,6.7943907
30,5580,6.691061
30,5595,6.584684
30,5610,6.4757566
30,5625,6.364744
30,5640,6.2520595
30,5655,6.138091
30,5670,6.023182
30,5685,5.907654
30,5700,5.79179
30,5715,5.675855
30,5730,5.56008
30,5745,5.444682
30,5760,5.3298464
30,5775,5.2302556
30,5790,5.174541
30,5805,5.1588883
30,5820,5.1782002
30,5835,5.228799
30,5850,5.307579
30,5865,5.4117055
30,5880,5.5385747
30,5895,5.6857867
30,5910,5.8511114
30,5925,6.032489
30,5940,6.228021
30,5955,6.4359674
30,5970,6.654701
30,5985,6.8644433
30,6000,7.0386972
30,6015,7.1813297
30,6030,7.2962246
30,6045,7.386022
30,6060,7.4529467
30,6075,7.4990296
30,6090,7.5261445
30,6105,7.5360327
30,6120,7.530315
30,6135,7.510492
30,6150,7.477958
30,6165,7.4339967
30,6180,7.3797917
30,6195,7.316436
30,6210,7.244935
30,6225,7.1662154
30,6240,7.0811305
30,6255,6.9904613
30,6270,6.894926
30,6285,6.7951875
30,6300,6.6918445
30,6315,6.585455
30,6330,6.476515
30,6345,6.3654895
30,6360,6.252793
30,6375,6.1388125
30,6390,6.0238914
30,6405,5.908352
30,6420,5.7924767
30,6435,5.676531
30,6450,5.560745
30,6465,5.445336
30,6480,5.3304896
30,6495,5.216382
30,6510,5.1031613
30,6525,4.990968
30,6540,4.87992
30,6555,4.770128
30,6570,4.6616817
30,6585,4.5546684
30,6600,4.4491563
30,6615,4.3452096
30,6630,4.242879
30,6645,4.1422114
30,6660,4.0432405
30,6675,3.9459996
30,6690,3.8505094
30,6705,3.7567897
30,6720,3.6648514
30,6735,3.5747044
30,6750,3.4863503
30,6765,3.3997903
30,6780,3.3150196
30,6795,3.2320318
30,6810,3.1508164
30,6825,3.0713618
30,6840,2.9936526
30,6855,2.9176729
30,6870,2.8434033
30,6885,2.7708244
30,6900,2.6999145
30,6915,2.630651
30,6930,2.56301
30,6945,2.496967
30,6960,2.4324965
30,6975,2.369573
30,6990,2.3081694
30,7005,2.2482586
30,7020,2.1898139
30,7035,2.132807
30,7050,2.0772097
30,7065,2.0229952
30,7080,1.9701349
30,7095,1.9186008
30,7110,1.8683655
30,7125,1.8194016
30,7140,1.7716814
30,7155,1.7251778
30,7170,1.6798639
30,7185,1.6357132
30,7200,1.5926989
31,0,0
31,3,0.00016811246
31,6,0.0012350337
31,9,0.0037451207
31,12,0.007966302
31,15,0.013996697
31,18,0.021844933
31,21,0.031477522
31,24,0.04284458
31,27,0.055891905
31,30,0.070566624
31,33,0.08681944
31,36,0.1046051
31,39,0.12388229
31,42,0.14461315
31,45,0.16676274
31,48,0.1902984
31,51,0.21518928
31,54,0.24140608
31,57,0.26892072
31,60,0.29770625
31,63,0.32773644
31,66,0.35898605
31,69,0.3914303
31,72,0.42504525
31,75,0.4598073
31,78,0.49569333
31,81,0.53268063
31,84,0.57074684
31,87,0.6098699
31,90,0.6500281
31,93,0.6912002
31,96,0.73336524
31,99,0.7765026
31,102,0.820592
31,105,0.86561346
31,108,0.9115471
31,111,0.9583734
31,114,1.0060735
31,117,1.0546285
31,120,1.1040205
31,135,1.3628958
31,150,1.640061
31,165,1.9334974
31,180,2.2413385
31,195,2.5618625
31,210,2.8934596
31,225,3.2169425
31,240,3.5055485
31,255,3.7621758
31,270,3.9903567
31,285,4.1925645
31,300,4.3708386
31,315,4.5270367
31,330,4.6628733
31,345,4.779947
31,360,4.879752
31,375,4.9636836
31,390,5.0330353
31,405,5.089009
31,420,5.132723
31,435,5.1652102
31,450,5.1874323
31,465,5.2002773
31,480,5.204566
31,495,5.201063
31,510,5.1904716
31,525,5.173444
31,540,5.150585
31,555,5.122451
31,570,5.089556
31,585,5.052378
31,600,5.011356
31,615,4.9668975
31,630,4.9193687
31,645,4.8691273
31,660,4.8164773
31,675,4.7617087
31,690,4.705098
31,705,4.6468816
31,720,4.587293
31,735,4.54052
31,750,4.535397
31,765,4.569099
31,780,4.6369205
31,795,4.7354574
31,810,4.8617716
31,825,5.0132475
31,840,5.187451
31,855,5.382141
31,870,5.5952263
31,885,5.824768
31,900,6.068982
31,915,6.326215
31,930,6.5949163
31,945,6.855959
31,960,7.0826187
31,975,7.2778373
31,990,7.445187
31,1005,7.587176
31,1020,7.705869
31,1035,7.803151
31,1050,7.880763
31,1065,7.9403243
31,1080,7.9833446
31,1095,8.0112295
31,1110,8.025288
31,1125,8.026732
31,1140,8.016688
31,1155,7.996196
31,1170,7.96622
31,1185,7.9276543
31,1200,7.881324
31,1215,7.827995
31,1230,7.7683654
31,1245,7.7030897
31,1260,7.632763
31,1275,7.5579414
31,1290,7.4791355
31,1305,7.396817
31,1320,7.31142
31,1335,7.22334
31,1350,7.1329484
31,1365,7.0405803
31,1380,6.9465427
31,1395,6.851128
31,1410,6.75459
31,1425,6.6571693
31,1440,6.559092
31,1455,6.4745584
31,1470,6.432322
31,1485,6.429613
31,1500,6.461719
31,1515,6.525174
31,1530,6.6170797
31,1545,6.734799
31,1560,6.875885
31,1575,7.038081
31,1590,7.2192917
31,1605,7.4175715
31,1620,7.63112
31,1635,7.8582773
31,1650,8.097485
31,1665,8.329612
31,1680,8.527911
31,1695,8.695315
31,1710,8.835388
31,1725,8.950625
31,1740,9.043083
31,1755,9.1146345
31,1770,9.167012
31,1785,9.201829
31,1800,9.220581
31,1815,9.224666
31,1830,9.215384
31,1845,9.193938
31,1860,9.161447
31,1875,9.11894
31,1890,9.067375
31,1905,9.007637
31,1920,8.940546
31,1935,8.866855
31,1950,8.787265
31,1965,8.702409
31,1980,8.612887
31,1995,8.519238
31,2010,8.42197
31,2025,8.321545
31,2040,8.2183895
31,2055,8.112901
31,2070,8.005436
31,2085,7.8963294
31,2100,7.785882
31,2115,7.674372
31,2130,7.562054
31,2145,7.4491596
31,2160,7.3359017
31,2175,7.2364697
31,2190,7.1796455
31,2205,7.1626167
31,2220,7.180685
31,2235,7.230387
31,2250,7.308808
31,2265,7.413298
31,2280,7.5414214
31,2295,7.6909137
31,2310,7.8596706
31,2325,8.045741
31,2340,8.247322
31,2355,8.462748
31,2370,8.690457
31,2385,8.911313
31,2400,9.098561
31,2415,9.255132
31,2430,9.3845825
31,2445,9.489406
31,2460,9.571652
31,2475,9.633191
31,2490,9.675752
31,2505,9.70094
31,2520,9.710253
31,2535,9.70508
31,2550,9.686721
31,2565,9.656373
31,2580,9.615151
31,2595,9.564083
31,2610,9.504124
31,2625,9.436156
31,2640,9.360993
31,2655,9.279388
31,2670,9.19203
31,2685,9.09956
31,2700,9.002567
31,2715,8.901593
31,2730,8.797144
31,2745,8.689673
31,2760,8.579613
31,2775,8.467346
31,2790,8.353236
31,2805,8.237608
31,2820,8.120773
31,2835,8.002999
31,2850,7.8845305
31,2865,7.7656207
31,2880,7.6464605
31,2895,7.5412087
31,2910,7.4786763
31,2925,7.456052
31,2940,7.468631
31,2955,7.5129514
31,2970,7.586094
31,2985,7.685409
31,3000,7.8084583
31,3015,7.952975
31,3030,8.116853
31,3045,8.29814
31,3060,8.495029
31,3075,8.705855
31,3090,8.929055
31,3105,9.145489
31,3120,9.3284
31,3135,9.480717
31,3150,9.605996
31,3165,9.706728
31,3180,9.784963
31,3195,9.842565
31,3210,9.881264
31,3225,9.902666
31,3240,9.908262
31,3255,9.8994465
31,3270,9.877511
31,3285,9.843657
31,3300,9.798993
31,3315,9.744549
31,3330,9.681276
31,3345,9.61006
31,3360,9.531708
31,3375,9.446975
31,3390,9.356547
31,3405,9.261066
31,3420,9.1611185
31,3435,9.057246
31,3450,8.949951
31,3465,8.839689
31,3480,8.72689
31,3495,8.611935
31,3510,8.495188
31,3525,8.37697
31,3540,8.257595
31,3555,8.137328
31,3570,8.016413
31,3585,7.8951025
31,3600,7.773587
31,3615,7.6660247
31,3630,7.6012244
31,3645,7.5763755
31,3660,7.586772
31,3675,7.62895
31,3690,7.6999917
31,3705,7.7972455
31,3720,7.918272
31,3735,8.060804
31,3750,8.222735
31,3765,8.402111
31,3780,8.597127
31,3795,8.806116
31,3810,9.0275135
31,3825,9.242178
31,3840,9.423352
31,3855,9.573967
31,3870,9.697575
31,3885,9.796667
31,3900,9.873292
31,3915,9.929315
31,3930,9.966464
31,3945,9.986344
31,3960,9.990447
31,3975,9.9801655
31,3990,9.956792
31,4005,9.921525
31,4020,9.875476
31,4035,9.819671
31,4050,9.755063
31,4065,9.682535
31,4080,9.602897
31,4095,9.5169
31,4110,9.425232
31,4125,9.328534
31,4140,9.227391
31,4155,9.122345
31,4170,9.013898
31,4185,8.902505
31,4200,8.788595
31,4215,8.67255
31,4230,8.554732
31,4245,8.435464
31,4260,8.315057
31,4275,8.193777
31,4290,8.071866
31,4305,7.949579
31,4320,7.827105
31,4335,7.7186007
31,4350,7.6528764
31,4365,7.62712
31,4380,7.636626
31,4395,7.67793
31,4410,7.7481127
31,4425,7.844524
31,4440,7.9647236
31,4455,8.106444
31,4470,8.267578
31,4485,8.446172
31,4500,8.64042
31,4515,8.848655
31,4530,9.069313
31,4545,9.283251
31,4560,9.463713
31,4575,9.613627
31,4590,9.736548
31,4605,9.834965
31,4620,9.910928
31,4635,9.9663
31,4650,10.0028105
31,4665,10.022063
31,4680,10.025551
31,4695,10.014664
31,4710,9.990695
31,4725,9.954845
31,4740,9.908222
31,4755,9.851855
31,4770,9.786694
31,4785,9.713623
31,4800,9.633451
31,4815,9.546931
31,4830,9.454748
31,4845,9.357545
31,4860,9.255905
31,4875,9.1503725
31,4890,9.041445
31,4905,8.929583
31,4920,8.815209
31,4935,8.6987095
31,4950,8.580446
31,4965,8.460739
31,4980,8.339901
31,4995,8.218199
31,5010,8.095872
31,5025,7.9731755
31,5040,7.850301
31,5055,7.7414026
31,5070,7.675291
31,5085,7.6491547
31,5100,7.6582866
31,5115,7.6992235
31,5130,7.7690463
31,5145,7.8651037
31,5160,7.984956
31,5175,8.126335
31,5190,8.287133
31,5205,8.465398
31,5220,8.659323
31,5235,8.86724
31,5250,9.087585
31,5265,9.301217
31,5280,9.481378
31,5295,9.630996
31,5310,9.753627
31,5325,9.851758
31,5340,9.92744
31,5355,9.982537
31,5370,10.018776
31,5385,10.037764
31,5400,10.040989
31,5415,10.029845
31,5430,10.005625
31,5445,9.969526
31,5460,9.92266
31,5475,9.866053
31,5490,9.800656
31,5505,9.727355
31,5520,9.646955
31,5535,9.560211
31,5550,9.467809
31,5565,9.37039
31,5580,9.2685375
31,5595,9.162796
31,5610,9.053663
31,5625,8.941599
31,5640,8.827028
31,5655,8.710334
31,5670,8.591879
31,5685,8.471984
31,5700,8.350961
31,5715,8.229075
31,5730,8.10657
31,5745,7.9836984
31,5760,7.8606505
31,5775,7.7515826
31,5790,7.685304
31,5805,7.6590037
31,5820,7.6679745
31,5835,7.708753
31,5850,7.77842
31,5865,7.8743243
31,5880,7.9940257
31,5895,8.135258
31,5910,8.295911
31,5925,8.474032
31,5940,8.667816
31,5955,8.875596
31,5970,9.095806
31,5985,9.309304
31,6000,9.489334
31,6015,9.6388235
31,6030,9.761328
31,6045,9.859335
31,6060,9.934895
31,6075,9.989871
31,6090,10.025992
31,6105,10.044864
31,6120,10.047975
31,6135,10.036719
31,6150,10.012388
31,6165,9.976181
31,6180,9.929208
31,6195,9.872496
31,6210,9.806995
31,6225,9.733592
31,6240,9.653092
31,6255,9.566251
31,6270,9.473752
31,6285,9.376238
31,6300,9.274292
31,6315,9.168458
31,6330,9.059236
31,6345,8.9470825
31,6360,8.832424
31,6375,8.715644
31,6390,8.597104
31,6405,8.477126
31,6420,8.356021
31,6435,8.2340555
31,6450,8.111471
31,6465,7.988521
31,6480,7.865397
31,6495,7.7422748
31,6510,7.6193504
31,6525,7.4967694
31,6540,7.374668
31,6555,7.253182
31,6570,7.132428
31,6585,7.0125155
31,6600,6.893535
31,6615,6.775574
31,6630,6.6587152
31,6645,6.5430217
31,6660,6.4285536
31,6675,6.3153653
31,6690,6.2035027
31,6705,6.0930033
31,6720,5.983902
31,6735,5.8762274
31,6750,5.7700033
31,6765,5.66525
31,6780,5.5619836
31,6795,5.460216
31,6810,5.3599586
31,6825,5.261218
31,6840,5.163996
31,6855,5.0682964
31,6870,4.974118
31,6885,4.881457
31,6900,4.7903085
31,6915,4.700666
31,6930,4.6125207
31,6945,4.5258627
31,6960,4.440681
31,6975,4.3569636
31,6990,4.274698
31,7005,4.1938686
31,7020,4.1144614
31,7035,4.0364614
31,7050,3.9598527
31,7065,3.8846173
31,7080,3.8107395
31,7095,3.7382014
31,7110,3.666985
31,7125,3.5970724
31,7140,3.528445
31,7155,3.4610841
31,7170,3.3949716
31,7185,3.330088
31,7200,3.2664146
32,0,0
32,3,0.00014969791
32,6,0.0010974645
32,9,0.003318998
32,12,0.00704776
32,15,0.012369525
32,18,0.01929239
32,21,0.027788153
32,24,0.037814636
32,27,0.049326006
32,30,0.062277623
32,33,0.07662789
32,36,0.092338644
32,39,0.10937503
32,42,0.12770504
32,45,0.14729905
32,48,0.16812932
32,51,0.19016965
32,54,0.21339506
32,57,0.23778158
32,60,0.2633063
32,63,0.28994676
32,66,0.31768155
32,69,0.34648946
32,72,0.37634975
32,75,0.40724224
32,78,0.43914694
32,81,0.4720443
32,84,0.50591505
32,87,0.54074025
32,90,0.57650137
32,93,0.6131799
32,96,0.6507579
32,99,0.68921757
32,102,0.72854125
32,105,0.76871175
32,108,0.809712
32,111,0.851525
32,114,0.89413434
32,117,0.9375237
32,120,0.981677
32,135,1.2133547
32,150,1.4618492
32,165,1.725401
32,180,2.0023801
32,195,2.291279
32,210,2.5906835
32,225,2.8836575
32,240,3.146602
32,255,3.3819003
32,270,3.592506
32,285,3.78047
32,300,3.9475257
32,315,4.095236
32,330,4.225057
32,345,4.3383594
32,360,4.436421
32,375,4.5204325
32,390,4.591504
32,405,4.650669
32,420,4.6988883
32,435,4.737055
32,450,4.7659993
32,465,4.786489
32,480,4.7992406
32,495,4.8049083
32,510,4.8041077
32,525,4.797402
32,540,4.785317
32,555,4.7683406
32,570,4.7469196
32,585,4.7214737
32,600,4.692384
32,615,4.6600084
32,630,4.6246753
32,645,4.586687
32,660,4.5463314
32,675,4.503864
32,690,4.4595137
32,705,4.4135227
32,720,4.3660784
32,735,4.329698
32,750,4.329797
32,765,4.3640666
32,780,4.4285426
32,795,4.5203075
32,810,4.636876
32,825,4.7759933
32,840,4.9355664
32,855,5.113646
32,870,5.3084235
32,885,5.5182204
32,900,5.74148
32,915,5.9767585
32,930,6.222702
32,945,6.462445
32,960,6.6723933
32,975,6.8550053
32,990,7.013268
32,1005,7.149285
32,1020,7.264761
32,1035,7.361332
32,1050,7.440489
32,1065,7.503598
32,1080,7.551963
32,1095,7.5867977
32,1110,7.6092277
32,1125,7.620298
32,1140,7.62098
32,1155,7.612177
32,1170,7.5947266
32,1185,7.569404
32,1200,7.5369277
32,1215,7.4979625
32,1230,7.453123
32,1245,7.4029794
32,1260,7.3480577
32,1275,7.2888455
32,1290,7.2257915
32,1305,7.159312
32,1320,7.0897884
32,1335,7.0175753
32,1350,6.942997
32,1365,6.866353
32,1380,6.7879186
32,1395,6.7079496
32,1410,6.6266823
32,1425,6.5443287
32,1440,6.4610915
32,1455,6.389519
32,1470,6.3549695
32,1485,6.355141
32,1500,6.3860807
32,1515,6.444849
32,1530,6.5289655
32,1545,6.63616
32,1560,6.764327
32,1575,6.9115214
32,1590,7.0759306
32,1605,7.2558694
32,1620,7.44977
32,1635,7.6561837
32,1650,7.8737493
32,1665,8.085596
32,1680,8.26811
32,1695,8.423756
32,1710,8.555506
32,1725,8.6654415
32,1740,8.755302
32,1755,8.826686
32,1770,8.881071
32,1785,8.919836
32,1800,8.944267
32,1815,8.955569
32,1830,8.954863
32,1845,8.94319
32,1860,8.921514
32,1875,8.890732
32,1890,8.851673
32,1905,8.805108
32,1920,8.751749
32,1935,8.692258
32,1950,8.627241
32,1965,8.557267
32,1980,8.482847
32,1995,8.404469
32,2010,8.322568
32,2025,8.237558
32,2040,8.149817
32,2055,8.059693
32,2070,7.9675097
32,2085,7.8735604
32,2100,7.7781186
32,2115,7.6814327
32,2130,7.583732
32,2145,7.485227
32,2160,7.3861103
32,2175,7.298926
32,2190,7.2490287
32,2205,7.234121
32,2220,7.250236
32,2235,7.294437
32,2250,7.364233
32,2265,7.457352
32,2280,7.571696
32,2295,7.7053094
32,2310,7.8563714
32,2325,8.023189
32,2340,8.204194
32,2355,8.397935
32,2370,8.603049
32,2385,8.802663
32,2400,8.973154
32,2415,9.116982
32,2430,9.23712
32,2445,9.335643
32,2460,9.414286
32,2475,9.474642
32,2490,9.518188
32,2505,9.5463
32,2520,9.56026
32,2535,9.561269
32,2550,9.550446
32,2565,9.528826
32,2580,9.497374
32,2595,9.45698
32,2610,9.408473
32,2625,9.35262
32,2640,9.29013
32,2655,9.221663
32,2670,9.147822
32,2685,9.069174
32,2700,8.986226
32,2715,8.899464
32,2730,8.80932
32,2745,8.7162075
32,2760,8.6205
32,2775,8.522543
32,2790,8.42266
32,2805,8.32114
32,2820,8.218255
32,2835,8.114252
32,2850,8.009357
32,2865,7.9037795
32,2880,7.797709
32,2895,7.7036877
32,2910,7.6470695
32,2925,7.6255555
32,2940,7.6351757
32,2955,7.672992
32,2970,7.7365127
32,2985,7.8234634
32,3000,7.931744
32,3015,8.059398
32,3030,8.204602
32,3045,8.365663
32,3060,8.541008
32,3075,8.729187
32,3090,8.928834
32,3105,9.123075
32,3120,9.288283
32,3135,9.42692
32,3150,9.541953
32,3165,9.635458
32,3180,9.7091675
32,3195,9.764673
32,3210,9.803452
32,3225,9.826875
32,3240,9.8362255
32,3255,9.832703
32,3270,9.817423
32,3285,9.791422
32,3300,9.75566
32,3315,9.71103
32,3330,9.658359
32,3345,9.598409
32,3360,9.531891
32,3375,9.459463
32,3390,9.381728
32,3405,9.29925
32,3420,9.212536
32,3435,9.122069
32,3450,9.028284
32,3465,8.93159
32,3480,8.83236
32,3495,8.73094
32,3510,8.62765
32,3525,8.522781
32,3540,8.416602
32,3555,8.30936
32,3570,8.20128
32,3585,8.092568
32,3600,7.9834166
32,3615,7.8863654
32,3630,7.826767
32,3645,7.8023233
32,3660,7.8090625
32,3675,7.844046
32,3690,7.9047813
32,3705,7.988993
32,3720,8.094582
32,3735,8.219588
32,3750,8.362189
32,3765,8.520689
32,3780,8.693519
32,3795,8.879224
32,3810,9.076438
32,3825,9.268287
32,3840,9.431145
32,3855,9.56747
32,3870,9.680229
32,3885,9.7715
32,3900,9.843011
32,3915,9.896355
32,3930,9.933007
32,3945,9.954339
32,3960,9.961634
32,3975,9.956088
32,3990,9.93882
32,4005,9.910862
32,4020,9.873177
32,4035,9.826654
32,4050,9.77212
32,4065,9.71034
32,4080,9.642021
32,4095,9.5678215
32,4110,9.488344
32,4125,9.404152
32,4140,9.315752
32,4155,9.223627
32,4170,9.12821
32,4185,9.029911
32,4200,8.929103
32,4215,8.82613
32,4230,8.7213125
32,4245,8.61494
32,4260,8.507283
32,4275,8.398586
32,4290,8.289076
32,4305,8.178957
32,4320,8.068421
32,4335,7.970008
32,4350,7.90907
32,4365,7.8833094
32,4380,7.8887525
32,4395,7.9224615
32,4410,7.9819427
32,4425,8.064921
32,4440,8.169297
32,4455,8.293112
32,4470,8.43454
32,4485,8.5918865
32,4500,8.763581
32,4515,8.948171
32,4530,9.144287
32,4545,9.335057
32,4560,9.496854
32,4575,9.632134
32,4590,9.743868
32,4605,9.834128
32,4620,9.904646
32,4635,9.957013
32,4650,9.992703
32,4665,10.013089
32,4680,10.019453
32,4695,10.012993
32,4710,9.994823
32,4725,9.96598
32,4740,9.927423
32,4755,9.880042
32,4770,9.824664
32,4785,9.7620535
32,4800,9.692918
32,4815,9.617915
32,4830,9.537646
32,4845,9.452676
32,4860,9.36351
32,4875,9.270632
32,4890,9.174474
32,4905,9.075445
32,4920,8.973919
32,4935,8.870239
32,4950,8.764728
32,4965,8.657671
32,4980,8.549341
32,4995,8.439982
32,5010,8.32982
32,5025,8.21906
32,5040,8.107893
32,5055,8.00886
32,5070,7.9473104
32,5085,7.9209485
32,5100,7.9258003
32,5115,7.9589276
32,5130,8.017837
32,5145,8.100252
32,5160,8.204074
32,5175,8.327343
32,5190,8.468235
32,5205,8.625054
32,5220,8.79623
32,5235,8.980309
32,5250,9.175923
32,5265,9.3661995
32,5280,9.52751
32,5295,9.6623125
32,5310,9.773575
32,5325,9.863373
32,5340,9.933435
32,5355,9.985353
32,5370,10.020603
32,5385,10.040555
32,5400,10.046492
32,5415,10.039611
32,5430,10.021028
32,5445,9.991777
32,5460,9.952819
32,5475,9.905045
32,5490,9.849278
32,5505,9.786285
32,5520,9.716774
32,5535,9.641401
32,5550,9.560769
32,5565,9.475439
32,5580,9.3859215
32,5595,9.292695
32,5610,9.196196
32,5625,9.09683
32,5640,8.994973
32,5655,8.890968
32,5670,8.785135
32,5685,8.677763
32,5700,8.569122
32,5715,8.459457
32,5730,8.348994
32,5745,8.237938
32,5760,8.126479
32,5775,8.027159
32,5790,7.965327
32,5805,7.938687
32,5820,7.9432645
32,5835,7.9761224
32,5850,8.034766
32,5865,8.116921
32,5880,8.220486
32,5895,8.343502
32,5910,8.484145
32,5925,8.64072
32,5940,8.811655
32,5955,8.995498
32,5970,9.190879
32,5985,9.380925
32,6000,9.542009
32,6015,9.67659
32,6030,9.787634
32,6045,9.877216
32,6060,9.947067
32,6075,9.998777
32,6090,10.033821
32,6105,10.053571
32,6120,10.059309
32,6135,10.052233
32,6150,10.033457
32,6165,10.004016
32,6180,9.964871
32,6195,9.916913
32,6210,9.860966
32,6225,9.797794
32,6240,9.728107
32,6255,9.652562
32,6270,9.571759
32,6285,9.486262
32,6300,9.39658
32,6315,9.303191
32,6330,9.206532
32,6345,9.107009
32,6360,9.004997
32,6375,8.90084
32,6390,8.794856
32,6405,8.687337
32,6420,8.57855
32,6435,8.468742
32,6450,8.358137
32,6465,8.2469425
32,6480,8.135347
32,6495,8.023523
32,6510,7.911632
32,6525,7.7998123
32,6540,7.688198
32,6555,7.5769124
32,6570,7.466066
32,6585,7.3557444
32,6600,7.2460485
32,6615,7.1370664
32,6630,7.0288725
32,6645,6.9215255
32,6660,6.8150897
32,6675,6.7096167
32,6690,6.6051517
32,6705,6.501732
32,6720,6.3993974
32,6735,6.2981763
32,6750,6.1980963
32,6765,6.099181
32,6780,6.001453
32,6795,5.9049296
32,6810,5.8096232
32,6825,5.7155485
32,6840,5.622714
32,6855,5.531125
32,6870,5.4407873
32,6885,5.3517027
32,6900,5.2638717
32,6915,5.177293
32,6930,5.0919633
32,6945,5.0078797
32,6960,4.925037
32,6975,4.843428
32,6990,4.763047
32,7005,4.683886
32,7020,4.6059356
32,7035,4.5291867
32,7050,4.453629
32,7065,4.3792515
32,7080,4.306043
32,7095,4.233992
32,7110,4.1630855
32,7125,4.0933113
32,7140,4.0246563
32,7155,3.957107
32,7170,3.8906507
32,7185,3.8252733
32,7200,3.7609613
33,0,0
33,3,0.00015346604
33,6,0.0011266753
33,9,0.0034324776
33,12,0.0073388387
33,15,0.012954129
33,18,0.020297013
33,21,0.02934064
33,24,0.04003811
33,27,0.052335758
33,30,0.06617945
33,33,0.081517614
33,36,0.09830224
33,39,0.11648917
33,42,0.13603775
33,45,0.15691043
33,48,0.17907223
33,51,0.20249031
33,54,0.22713362
33,57,0.25297263
33,60,0.2799791
33,63,0.30812582
33,66,0.33738673
33,69,0.36773634
33,72,0.39915034
33,75,0.43160453
33,78,0.46507576
33,81,0.49954095
33,84,0.5349776
33,87,0.5713638
33,90,0.6086778
33,93,0.6468985
33,96,0.686005
33,99,0.7259768
33,102,0.7667941
33,105,0.8084369
33,108,0.85088545
33,111,0.894121
33,114,0.93812495
33,117,0.9828792
33,120,1.0283648
33,135,1.2661517
33,150,1.5196704
33,165,1.7869589
33,180,2.0662127
33,195,2.355775
33,210,2.6541054
33,225,2.9433713
33,240,3.1978583
33,255,3.4204175
33,270,3.6149447
33,285,3.7841632
33,300,3.9302492
33,315,4.0551376
33,330,4.1605883
33,345,4.248232
33,360,4.3195868
33,375,4.376062
33,390,4.4189625
33,405,4.4494953
33,420,4.468779
33,435,4.477849
33,450,4.4776626
33,465,4.469104
33,480,4.452989
33,495,4.4300737
33,510,4.401048
33,525,4.366559
33,540,4.3271823
33,555,4.2834697
33,570,4.2359095
33,585,4.1849756
33,600,4.131074
33,615,4.074591
33,630,4.015895
33,645,3.955284
33,660,3.8930643
33,675,3.8295095
33,690,3.7648554
33,705,3.6993346
33,720,3.6331537
33,735,3.5794477
33,750,3.5657547
33,765,3.589421
33,780,3.6454349
33,795,3.730151
33,810,3.8405674
33,825,3.974033
33,840,4.1281238
33,855,4.3006063
33,870,4.4894266
33,885,4.692691
33,900,4.9086523
33,915,5.1357017
33,930,5.3723435
33,945,5.600791
33,960,5.7953463
33,975,5.9588866
33,990,6.095332
33,1005,6.207425
33,1020,6.297353
33,1035,6.367064
33,1050,6.4183307
33,1065,6.452784
33,1080,6.4719424
33,1095,6.477217
33,1110,6.469917
33,1125,6.451247
33,1140,6.4223228
33,1155,6.3841767
33,1170,6.337755
33,1185,6.2839394
33,1200,6.2235293
33,1215,6.1572695
33,1230,6.085845
33,1245,6.0098786
33,1260,5.929952
33,1275,5.8465905
33,1290,5.7602806
33,1305,5.6714687
33,1320,5.5805593
33,1335,5.487934
33,1350,5.3939247
33,1365,5.2988367
33,1380,5.202972
33,1395,5.106563
33,1410,5.0098367
33,1425,4.9130263
33,1440,4.8163004
33,1455,4.7327704
33,1470,4.689968
33,1485,4.6852183
33,1500,4.713535
33,1515,4.77123
33,1530,4.8553
33,1545,4.9630733
33,1560,5.092111
33,1575,5.240164
33,1590,5.405165
33,1605,5.585209
33,1620,5.778537
33,1635,5.983528
33,1650,6.198672
33,1665,6.406185
33,1680,6.5802956
33,1695,6.723915
33,1710,6.8409643
33,1725,6.934165
33,1740,7.005649
33,1755,7.057383
33,1770,7.0911446
33,1785,7.108535
33,1800,7.111056
33,1815,7.100116
33,1830,7.077015
33,1845,7.042948
33,1860,6.9990163
33,1875,6.9462404
33,1890,6.885564
33,1905,6.817853
33,1920,6.74391
33,1935,6.664462
33,1950,6.580186
33,1965,6.491698
33,1980,6.3995643
33,1995,6.304311
33,2010,6.2064104
33,2025,6.1063027
33,2040,6.0043864
33,2055,5.9010243
33,2070,5.796552
33,2085,5.6912684
33,2100,5.585451
33,2115,5.479348
33,2130,5.3731866
33,2145,5.267176
33,2160,5.161499
33,2175,5.069261
33,2190,5.017973
33,2205,5.004958
33,2220,5.0252204
33,2235,5.0750704
33,2250,5.1515
33,2265,5.2518277
33,2280,5.373602
33,2295,5.514583
33,2310,5.672701
33,2325,5.846042
33,2340,6.0328393
33,2355,6.2314672
33,2370,6.4404116
33,2385,6.6418867
33,2400,6.8101125
33,2415,6.948
33,2430,7.059464
33,2445,7.147223
33,2460,7.2134056
33,2475,7.259971
33,2490,7.2886972
33,2505,7.301183
33,2520,7.2989235
33,2535,7.2833233
33,2550,7.255681
33,2565,7.217189
33,2580,7.168945
33,2595,7.111966
33,2610,7.047193
33,2625,6.9754896
33,2640,6.897655
33,2655,6.814414
33,2670,6.7264433
33,2685,6.634352
33,2700,6.5387087
33,2715,6.4400325
33,2730,6.338796
33,2745,6.235438
33,2760,6.130351
33,2775,6.023901
33,2790,5.916417
33,2805,5.808198
33,2820,5.69952
33,2835,5.5906277
33,2850,5.481748
33,2865,5.373085
33,2880,5.264825
33,2895,5.1700683
33,2910,5.116325
33,2925,5.1009183
33,2940,5.1188483
33,2955,5.1664257
33,2970,5.240641
33,2985,5.3388114
33,3000,5.458481
33,3015,5.597409
33,3030,5.753527
33,3045,5.9249206
33,3060,6.1098194
33,3075,6.3065968
33,3090,6.513737
33,3105,6.713454
33,3120,6.879966
33,3135,7.0161824
33,3150,7.126017
33,3165,7.2121882
33,3180,7.2768226
33,3195,7.3218784
33,3210,7.349132
33,3225,7.360183
33,3240,7.3565235
33,3255,7.339558
33,3270,7.310584
33,3285,7.2707934
33,3300,7.2212834
33,3315,7.16307
33,3330,7.097092
33,3345,7.0242143
33,3360,6.9452333
33,3375,6.8608747
33,3390,6.771814
33,3405,6.678659
33,3420,6.5819793
33,3435,6.4822907
33,3450,6.3800673
33,3465,6.2757463
33,3480,6.16972
33,3495,6.062354
33,3510,5.9539757
33,3525,5.8448844
33,3540,5.7353554
33,3555,5.625633
33,3570,5.515943
33,3585,5.4064894
33,3600,5.2974577
33,3615,5.201949
33,3630,5.147472
33,3645,5.1313486
33,3660,5.1485806
33,3675,5.195476
33,3690,5.2690263
33,3705,5.3665485
33,3720,5.485585
33,3735,5.623895
33,3750,5.7794113
33,3765,5.950217
33,3780,6.1345425
33,3795,6.3307605
33,3810,6.537355
33,3825,6.7365394
33,3840,6.9025316
33,3855,7.038241
33,3870,7.1475806
33,3885,7.233269
33,3900,7.297432
33,3915,7.342027
33,3930,7.3688316
33,3945,7.379444
33,3960,7.3753567
33,3975,7.357973
33,3990,7.3285913
33,4005,7.288402
33,4020,7.2385035
33,4035,7.1799097
33,4050,7.113561
33,4065,7.040321
33,4080,6.960986
33,4095,6.876282
33,4110,6.786884
33,4125,6.6934
33,4140,6.596398
33,4155,6.4963956
33,4170,6.3938646
33,4185,6.2892437
33,4200,6.182925
33,4215,6.0752726
33,4230,5.9666147
33,4245,5.8572507
33,4260,5.747455
33,4275,5.6374717
33,4290,5.527528
33,4305,5.417825
33,4320,5.308551
33,4335,5.212805
33,4350,5.1580954
33,4365,5.141746
33,4380,5.1587563
33,4395,5.2054353
33,4410,5.2787747
33,4425,5.376091
33,4440,5.494926
33,4455,5.633039
33,4470,5.788362
33,4485,5.95898
33,4500,6.1431217
33,4515,6.3391604
33,4530,6.54558
33,4545,6.7445927
33,4560,6.9104176
33,4575,7.0459633
33,4590,7.1551433
33,4605,7.2406754
33,4620,7.304685
33,4635,7.3491316
33,4650,7.37579
33,4665,7.3862596
33,4680,7.382033
33,4695,7.3645124
33,4710,7.334997
33,4725,7.2946777
33,4740,7.244651
33,4755,7.185933
33,4770,7.119462
33,4785,7.0461025
33,4800,6.966651
33,4815,6.8818326
33,4830,6.7923226
33,4845,6.698729
33,4860,6.6016207
33,4875,6.5015135
33,4890,6.3988805
33,4905,6.2941594
33,4920,6.1877427
33,4935,6.0799947
33,4950,5.971243
33,4965,5.861787
33,4980,5.7519016
33,4995,5.6418304
33,5010,5.5318003
33,5025,5.4220138
33,5040,5.312657
33,5055,5.2168303
33,5070,5.162042
33,5085,5.1456156
33,5100,5.16255
33,5115,5.2091556
33,5130,5.2824225
33,5145,5.379668
33,5160,5.498434
33,5175,5.636479
33,5190,5.791736
33,5205,5.962289
33,5220,6.146367
33,5235,6.342344
33,5250,6.5487022
33,5265,6.7476554
33,5280,6.913422
33,5295,7.0489106
33,5310,7.158035
33,5325,7.243512
33,5340,7.3074684
33,5355,7.3518624
33,5370,7.3784695
33,5385,7.3888884
33,5400,7.3846126
33,5415,7.367044
33,5430,7.3374815
33,5445,7.2971153
33,5460,7.247043
33,5475,7.1882806
33,5490,7.121766
33,5505,7.0483637
33,5520,6.9688706
33,5535,6.8840113
33,5550,6.7944613
33,5565,6.700828
33,5580,6.603681
33,5595,6.503536
33,5610,6.400866
33,5625,6.2961087
33,5640,6.1896563
33,5655,6.0818734
33,5670,5.9730873
33,5685,5.863598
33,5700,5.7536798
33,5715,5.643576
33,5730,5.5335145
33,5745,5.423697
33,5760,5.3143096
33,5775,5.2184534
33,5790,5.1636357
33,5805,5.1471806
33,5820,5.1640873
33,5835,5.210665
33,5850,5.283905
33,5865,5.3811245
33,5880,5.499864
33,5895,5.6378837
33,5910,5.7931156
33,5925,5.9636445
33,5940,6.147699
33,5955,6.343652
33,5970,6.549987
33,5985,6.748918
33,6000,6.9146624
33,6015,7.0501294
33,6030,7.159232
33,6045,7.2446885
33,6060,7.3086243
33,6075,7.352998
33,6090,7.3795853
33,6105,7.389985
33,6120,7.38569
33,6135,7.368103
33,6150,7.338522
33,6165,7.298138
33,6180,7.248049
33,6195,7.1892686
33,6210,7.122737
33,6225,7.0493183
33,6240,6.9698086
33,6255,6.884933
33,6270,6.7953672
33,6285,6.701719
33,6300,6.6045566
33,6315,6.504397
33,6330,6.401712
33,6345,6.2969403
33,6360,6.190474
33,6375,6.082677
33,6390,5.9738774
33,6405,5.8643746
33,6420,5.754443
33,6435,5.644327
33,6450,5.5342526
33,6465,5.4244227
33,6480,5.315023
33,6495,5.206212
33,6510,5.0981426
33,6525,4.990948
33,6540,4.8847322
33,6555,4.779611
33,6570,4.6756725
33,6585,4.572991
33,6600,4.4716444
33,6615,4.371693
33,6630,4.273193
33,6645,4.176186
33,6660,4.080716
33,6675,3.9868166
33,6690,3.8945098
33,6705,3.8038192
33,6720,3.7147603
33,6735,3.6273425
33,6750,3.541572
33,6765,3.4574516
33,6780,3.3749804
33,6795,3.294155
33,6810,3.214968
33,6825,3.137411
33,6840,3.061474
33,6855,2.9871435
33,6870,2.9144044
33,6885,2.843242
33,6900,2.773637
33,6915,2.7055714
33,6930,2.6390252
33,6945,2.5739768
33,6960,2.5104046
33,6975,2.4482858
33,6990,2.3875976
33,7005,2.3283157
33,7020,2.270417
33,7035,2.213876
33,7050,2.1586688
33,7065,2.1047711
33,7080,2.0521586
33,7095,2.0008042
33,7110,1.9506851
33,7125,1.901777
33,7140,1.8540558
33,7155,1.8074956
33,7170,1.7620729
33,7185,1.7177632
33,7200,1.6745427
34,0,0
34,3,0.00017844098
34,6,0.0013955659
34,9,0.0043495013
34,12,0.0093908515
34,15,0.016647525
34,18,0.026127858
34,21,0.03778443
34,24,0.05154889
34,27,0.0673492
34,30,0.08511666
34,33,0.10478894
34,36,0.12631045
34,39,0.14963195
34,42,0.17470951
34,45,0.20150371
34,48,0.22997843
34,51,0.26010022
34,54,0.2918377
34,57,0.32516125
34,60,0.36004263
34,63,0.39645457
34,66,0.4343711
34,69,0.47376654
34,72,0.5146166
34,75,0.55689675
34,78,0.60058355
34,81,0.6456536
34,84,0.69208384
34,87,0.7398517
34,90,0.78893477
34,93,0.8393113
34,96,0.8909596
34,99,0.9438585
34,102,0.99798703
34,105,1.0533247
34,108,1.1098503
34,111,1.1675442
34,114,1.2263869
34,117,1.2863588
34,120,1.3474412
34,135,1.6688404
34,150,2.0152438
34,165,2.3845239
34,180,2.774699
34,195,3.1839297
34,210,3.6104832
34,225,4.0316205
34,240,4.414467
34,255,4.7630696
34,270,5.0816073
34,285,5.3726344
34,300,5.6381583
34,315,5.879963
34,330,6.099724
34,345,6.2990065
34,360,6.479271
34,375,6.641884
34,390,6.788122
34,405,6.919181
34,420,7.036169
34,435,7.14012
34,450,7.231996
34,465,7.3126874
34,480,7.3830276
34,495,7.4437885
34,510,7.495687
34,525,7.539393
34,540,7.575524
34,555,7.604656
34,570,7.627332
34,585,7.644043
34,600,7.6552444
34,615,7.661383
34,630,7.662832
34,645,7.659957
34,660,7.653116
34,675,7.642605
34,690,7.6287208
34,705,7.611743
34,720,7.5919228
34,735,7.5861435
34,750,7.6298203
34,765,7.7192316
34,780,7.848809
34,795,8.0149145
34,810,8.214545
34,825,8.44503
34,840,8.703901
34,855,8.988835
34,870,9.29766
34,885,9.628364
34,900,9.979072
34,915,10.348037
34,930,10.733621
34,945,11.113147
34,960,11.453852
34,975,11.7598095
34,990,12.03528
34,1005,12.282873
34,1020,12.504645
34,1035,12.702424
34,1050,12.877936
34,1065,13.032794
34,1080,13.168497
34,1095,13.286444
34,1110,13.387946
34,1125,13.474225
34,1140,13.546425
34,1155,13.605603
34,1170,13.652747
34,1185,13.688769
34,1200,13.714519
34,1215,13.730789
34,1230,13.738311
34,1245,13.737773
34,1260,13.729802
34,1275,13.7149935
34,1290,13.69389
34,1305,13.667
34,1320,13.634798
34,1335,13.597726
34,1350,13.556176
34,1365,13.510533
34,1380,13.461152
34,1395,13.408334
34,1410,13.352383
34,1425,13.293587
34,1440,13.232188
34,1455,13.185063
34,1470,13.187649
34,1485,13.236229
34,1500,13.325249
34,1515,13.451048
34,1530,13.61065
34,1545,13.801391
34,1560,14.020787
34,1575,14.266519
34,1590,14.536422
34,1605,14.828485
34,1620,15.140836
34,1635,15.47173
34,1650,15.819521
34,1665,16.161531
34,1680,16.465002
34,1695,16.734001
34,1710,16.972792
34,1725,17.183971
34,1740,17.36961
34,1755,17.531523
34,1770,17.671427
34,1785,17.79094
34,1800,17.891567
34,1815,17.974703
34,1830,18.041655
34,1845,18.093641
34,1860,18.1318
34,1875,18.157192
34,1890,18.170801
34,1905,18.173546
34,1920,18.166271
34,1935,18.149765
34,1950,18.124763
34,1965,18.091934
34,1980,18.051924
34,1995,18.005304
34,2010,17.952635
34,2025,17.89441
34,2040,17.831104
34,2055,17.763151
34,2070,17.690958
34,2085,17.614891
34,2100,17.535315
34,2115,17.452538
34,2130,17.366852
34,2145,17.278553
34,2160,17.18788
34,2175,17.111687
34,2190,17.085438
34,2205,17.1054
34,2220,17.166021
34,2235,17.263636
34,2250,17.395287
34,2265,17.558317
34,2280,17.75023
34,2295,17.968695
34,2310,18.211546
34,2325,18.476765
34,2340,18.762476
34,2355,19.066933
34,2370,19.38849
34,2385,19.704428
34,2400,19.982029
34,2415,20.225357
34,2430,20.438679
34,2445,20.624584
34,2460,20.785145
34,2475,20.922174
34,2490,21.03738
34,2505,21.132383
34,2520,21.208687
34,2535,21.267687
34,2550,21.310688
34,2565,21.338903
34,2580,21.353468
34,2595,21.35544
34,2610,21.34581
34,2625,21.325483
34,2640,21.295317
34,2655,21.25609
34,2670,21.208534
34,2685,21.153332
34,2700,21.0911
34,2715,21.022438
34,2730,20.947874
34,2745,20.86793
34,2760,20.783054
34,2775,20.693699
34,2790,20.600252
34,2805,20.5031
34,2820,20.402575
34,2835,20.299007
34,2850,20.192688
34,2865,20.083895
34,2880,19.972881
34,2895,19.876513
34,2910,19.830244
34,2925,19.830334
34,2940,19.871227
34,2955,19.949268
34,2970,20.06149
34,2985,20.205233
34,3000,20.37801
34,3015,20.577496
34,3030,20.801525
34,3045,21.048063
34,3060,21.315231
34,3075,21.601284
34,3090,21.90457
34,3105,22.202372
34,3120,22.46198
34,3135,22.68745
34,3150,22.883049
34,3165,23.051365
34,3180,23.194466
34,3195,23.314169
34,3210,23.412178
34,3225,23.490108
34,3240,23.549465
34,3255,23.591644
34,3270,23.61795
34,3285,23.629595
34,3300,23.62771
34,3315,23.613354
34,3330,23.58751
34,3345,23.551092
34,3360,23.504946
34,3375,23.449865
34,3390,23.386562
34,3405,23.315737
34,3420,23.23799
34,3435,23.153929
34,3450,23.06408
34,3465,22.96895
34,3480,22.86901
34,3495,22.76469
34,3510,22.656395
34,3525,22.54449
34,3540,22.42933
34,3555,22.311226
34,3570,22.190481
34,3585,22.06736
34,3600,21.942125
34,3615,21.831636
34,3630,21.77135
34,3645,21.757524
34,3660,21.784607
34,3675,21.848938
34,3690,21.94755
34,3705,22.077785
34,3720,22.237156
34,3735,22.423342
34,3750,22.63417
34,3765,22.867603
34,3780,23.121765
34,3795,23.394909
34,3810,23.685385
34,3825,23.97047
34,3840,24.217459
34,3855,24.4304
34,3870,24.613565
34,3885,24.769537
34,3900,24.900389
34,3915,25.00793
34,3930,25.093866
34,3945,25.159811
34,3960,25.207268
34,3975,25.237637
34,3990,25.252216
34,4005,25.25222
34,4020,25.238781
34,4035,25.21295
34,4050,25.175713
34,4065,25.127987
34,4080,25.070608
34,4095,25.004381
34,4110,24.930012
34,4125,24.848194
34,4140,24.759542
34,4155,24.664644
34,4170,24.564043
34,4185,24.458235
34,4200,24.347694
34,4215,24.232845
34,4230,24.1141
34,4245,23.991816
34,4260,23.866352
34,4275,23.738016
34,4290,23.60711
34,4305,23.473904
34,4320,23.338654
34,4335,23.21822
34,4350,23.148062
34,4365,23.124434
34,4380,23.141787
34,4395,23.196457
34,4410,23.28548
34,4425,23.406195
34,4440,23.556118
34,4455,23.732933
34,4470,23.934452
34,4485,24.158646
34,4500,24.403635
34,4515,24.667677
34,4530,24.949127
34,4545,25.225245
34,4560,25.46333
34,4575,25.667435
34,4590,25.841827
34,4605,25.989092
34,4620,26.111298
34,4635,26.210257
34,4650,26.287672
34,4665,26.345156
34,4680,26.384214
34,4695,26.406244
34,4710,26.412548
34,4725,26.404331
34,4740,26.382732
34,4755,26.348799
34,4770,26.303516
34,4785,26.2478
34,4800,26.182491
34,4815,26.108389
34,4830,26.026201
34,4845,25.936617
34,4860,25.84026
34,4875,25.737703
34,4890,25.629503
34,4905,25.516148
34,4920,25.398113
34,4935,25.275824
34,4950,25.149689
34,4965,25.02007
34,4980,24.887318
34,4995,24.751749
34,5010,24.613659
34,5025,24.473322
34,5040,24.330986
34,5055,24.203518
34,5070,24.126379
34,5085,24.095818
34,5100,24.106287
34,5115,24.154123
34,5130,24.236362
34,5145,24.350342
34,5160,24.493578
34,5175,24.663761
34,5190,24.858692
34,5205,25.076345
34,5220,25.314846
34,5235,25.572445
34,5250,25.847504
34,5265,26.117271
34,5280,26.349054
34,5295,26.546902
34,5310,26.715082
34,5325,26.85618
34,5340,26.972265
34,5355,27.065145
34,5370,27.136526
34,5385,27.188019
34,5400,27.221127
34,5415,27.237251
34,5430,27.237688
34,5445,27.22365
34,5460,27.196268
34,5475,27.156595
34,5490,27.10561
34,5505,27.044235
34,5520,26.973305
34,5535,26.89362
34,5550,26.805891
34,5565,26.710802
34,5580,26.608982
34,5595,26.501
34,5610,26.387411
34,5625,26.268703
34,5640,26.145357
34,5655,26.01779
34,5670,25.886415
34,5685,25.751595
34,5700,25.613678
34,5715,25.472979
34,5730,25.329794
34,5745,25.184399
34,5760,25.037039
34,5775,24.904583
34,5790,24.822489
34,5805,24.78701
34,5820,24.792597
34,5835,24.835585
34,5850,24.91301
34,5865,25.022211
34,5880,25.160704
34,5895,25.326181
34,5910,25.516438
34,5925,25.72945
34,5940,25.963343
34,5955,26.21637
34,5970,26.486893
34,5985,26.752153
34,6000,26.979464
34,6015,27.172869
34,6030,27.336641
34,6045,27.473362
34,6060,27.5851
34,6075,27.673666
34,6090,27.74076
34,6105,27.788
34,6120,27.816883
34,6135,27.828814
34,6150,27.825089
34,6165,27.806915
34,6180,27.775427
34,6195,27.731676
34,6210,27.676643
34,6225,27.611248
34,6240,27.536327
34,6255,27.452675
34,6270,27.361012
34,6285,27.262012
34,6300,27.156311
34,6315,27.044474
34,6330,26.927057
34,6345,26.804548
34,6360,26.677427
34,6375,26.546112
34,6390,26.411016
34,6405,26.2725
34,6420,26.13091
34,6435,25.986567
34,6450,25.839762
34,6465,25.690771
34,6480,25.53984
34,6495,25.387215
34,6510,25.2331
34,6525,25.077705
34,6540,24.921207
34,6555,24.763784
34,6570,24.60559
34,6585,24.446775
34,6600,24.287472
34,6615,24.127806
34,6630,23.967892
34,6645,23.807837
34,6660,23.64774
34,6675,23.487688
34,6690,23.327768
34,6705,23.168053
34,6720,23.008617
34,6735,22.849524
34,6750,22.69083
34,6765,22.532595
34,6780,22.374863
34,6795,22.217686
34,6810,22.0611
34,6825,21.905148
34,6840,21.749863
34,6855,21.595274
34,6870,21.441416
34,6885,21.28831
34,6900,21.13598
34,6915,20.98445
34,6930,20.833736
34,6945,20.68386
34,6960,20.534834
34,6975,20.386671
34,6990,20.239386
34,7005,20.092987
34,7020,19.947485
34,7035,19.802887
34,7050,19.659203
34,7065,19.516434
34,7080,19.374588
34,7095,19.23367
34,7110,19.09368
34,7125,18.954622
34,7140,18.8165
34,7155,18.67931
34,7170,18.543056
34,7185,18.40774
34,7200,18.273355
35,0,0
35,3,0.00012973505
35,6,0.00102965
35,9,0.0032368014
35,12,0.0070474455
35,15,0.01259514
35,18,0.01991846
35,21,0.029005714
35,24,0.03982151
35,27,0.0523208
35,30,0.066456236
35,33,0.0821816
35,36,0.099453166
35,39,0.11823025
35,42,0.13847496
35,45,0.16015199
35,48,0.1832282
35,51,0.20767218
35,54,0.23345406
35,57,0.26054513
35,60,0.28891778
35,63,0.3185452
35,66,0.34940153
35,69,0.38146138
35,72,0.4147003
35,75,0.449094
35,78,0.48461893
35,81,0.52125174
35,84,0.55896944
35,87,0.5977497
35,90,0.6375702
35,93,0.6784093
35,96,0.7202455
35,99,0.7630577
35,102,0.8068253
35,105,0.85152763
35,108,0.8971448
35,111,0.94365686
35,114,0.99104416
35,117,1.0392877
35,120,1.0883683
35,135,1.3456852
35,150,1.621249
35,165,1.9129978
35,180,2.219028
35,195,2.537583
35,210,2.8670282
35,225,3.1898086
35,240,3.478503
35,255,3.7347078
35,270,3.961886
35,285,4.162544
35,300,4.3387957
35,315,4.4925423
35,330,4.6255474
35,345,4.739463
35,360,4.835828
35,375,4.9160733
35,390,4.98153
35,405,5.033436
35,420,5.072939
35,435,5.1011047
35,450,5.118924
35,465,5.1273074
35,480,5.1271057
35,495,5.1190944
35,510,5.1039996
35,525,5.0824895
35,540,5.0551786
35,555,5.022644
35,570,4.985407
35,585,4.943957
35,600,4.8987417
35,615,4.850174
35,630,4.798637
35,645,4.744478
35,660,4.68803
35,675,4.6295815
35,690,4.569402
35,705,4.50776
35,720,4.444865
35,735,4.393498
35,750,4.3825793
35,765,4.410811
35,780,4.4736376
35,795,4.5675335
35,810,4.689532
35,825,4.836926
35,840,5.0072265
35,855,5.198138
35,870,5.407528
35,885,5.6334143
35,900,5.8739653
35,915,6.127492
35,930,6.392421
35,945,6.651264
35,960,6.8766074
35,975,7.070114
35,990,7.235281
35,1005,7.374663
35,1020,7.4903455
35,1035,7.5842905
35,1050,7.658302
35,1065,7.7140226
35,1080,7.7529955
35,1095,7.7766743
35,1110,7.78641
35,1125,7.7834463
35,1140,7.768934
35,1155,7.7439404
35,1170,7.7094574
35,1185,7.666402
35,1200,7.615619
35,1215,7.5578904
35,1230,7.493936
35,1245,7.424415
35,1260,7.3499465
35,1275,7.271088
35,1290,7.1883664
35,1305,7.1022573
35,1320,7.0132027
35,1335,6.92161
35,1350,6.8278475
35,1365,6.7322607
35,1380,6.635159
35,1395,6.536832
35,1410,6.4375405
35,1425,6.337525
35,1440,6.23701
35,1455,6.1487746
35,1470,6.101712
35,1485,6.094518
35,1500,6.1226234
35,1515,6.182493
35,1530,6.271151
35,1545,6.3858867
35,1560,6.524185
35,1575,6.6837444
35,1590,6.8624244
35,1605,7.0582323
35,1620,7.2693253
35,1635,7.494003
35,1650,7.730681
35,1665,7.9618587
35,1680,8.160103
35,1695,8.327074
35,1710,8.466253
35,1725,8.580172
35,1740,8.670939
35,1755,8.740484
35,1770,8.790586
35,1785,8.822898
35,1800,8.838956
35,1815,8.840196
35,1830,8.827952
35,1845,8.803464
35,1860,8.767874
35,1875,8.72224
35,1890,8.667544
35,1905,8.6046915
35,1920,8.534522
35,1935,8.457808
35,1950,8.375262
35,1965,8.28754
35,1980,8.195247
35,1995,8.098935
35,2010,7.999119
35,2025,7.8962708
35,2040,7.7908244
35,2055,7.68318
35,2070,7.573703
35,2085,7.462728
35,2100,7.350562
35,2115,7.2374845
35,2130,7.1237507
35,2145,7.0095944
35,2160,6.8952284
35,2175,6.7934494
35,2190,6.7331
35,2205,6.712923
35,2220,6.728311
35,2235,6.775749
35,2250,6.852209
35,2265,6.954985
35,2280,7.081609
35,2295,7.2297454
35,2310,7.397234
35,2325,7.5820856
35,2340,7.7824574
35,2355,7.9966407
35,2370,8.223043
35,2385,8.444164
35,2400,8.632564
35,2415,8.789897
35,2430,8.919642
35,2445,9.024323
35,2460,9.106048
35,2475,9.166738
35,2490,9.208169
35,2505,9.231991
35,2520,9.239737
35,2535,9.232838
35,2550,9.2126255
35,2565,9.180332
35,2580,9.137098
35,2595,9.083981
35,2610,9.0219555
35,2625,8.951926
35,2640,8.874727
35,2655,8.79113
35,2670,8.701843
35,2685,8.607521
35,2700,8.508761
35,2715,8.406119
35,2730,8.300101
35,2745,8.19118
35,2760,8.079785
35,2775,7.966315
35,2790,7.851132
35,2805,7.734568
35,2820,7.6169286
35,2835,7.4984903
35,2850,7.3795066
35,2865,7.260208
35,2880,7.1408057
35,2895,7.0340934
35,2910,6.9689126
35,2925,6.9440045
35,2940,6.954759
35,2955,6.9976587
35,2970,7.0696735
35,2985,7.168101
35,3000,7.290465
35,3015,7.4344296
35,3030,7.5978327
35,3045,7.7786846
35,3060,7.975139
35,3075,8.185487
35,3090,8.408134
35,3105,8.625578
35,3120,8.810375
35,3135,8.964181
35,3150,9.090472
35,3165,9.191771
35,3180,9.270181
35,3195,9.327623
35,3210,9.365876
35,3225,9.386582
35,3240,9.391276
35,3255,9.381389
35,3270,9.358249
35,3285,9.323087
35,3300,9.277043
35,3315,9.221171
35,3330,9.156448
35,3345,9.083776
35,3360,9.003988
35,3375,8.917853
35,3390,8.826081
35,3405,8.729323
35,3420,8.628177
35,3435,8.523197
35,3450,8.414888
35,3465,8.303722
35,3480,8.190127
35,3495,8.074501
35,3510,7.957206
35,3525,7.838572
35,3540,7.718904
35,3555,7.5984783
35,3570,7.477546
35,3585,7.3563395
35,3600,7.235067
35,3615,7.126521
35,3630,7.0595446
35,3645,7.032877
35,3660,7.041907
35,3675,7.0830984
35,3690,7.1534605
35,3705,7.250297
35,3720,7.3710794
35,3735,7.5134664
35,3750,7.6753383
35,3765,7.854704
35,3780,8.049695
35,3795,8.258605
35,3810,8.479844
35,3825,8.6959095
35,3840,8.879357
35,3855,9.031842
35,3870,9.156837
35,3885,9.256866
35,3900,9.334033
35,3915,9.390257
35,3930,9.427315
35,3945,9.44685
35,3960,9.450397
35,3975,9.4393835
35,3990,9.41514
35,4005,9.378897
35,4020,9.331794
35,4035,9.274883
35,4050,9.209142
35,4065,9.13547
35,4080,9.054704
35,4095,8.967609
35,4110,8.874897
35,4125,8.777216
35,4140,8.675165
35,4155,8.569299
35,4170,8.460121
35,4185,8.348103
35,4200,8.233672
35,4215,8.117226
35,4230,7.999127
35,4245,7.879705
35,4260,7.759265
35,4275,7.638081
35,4290,7.5164065
35,4305,7.394471
35,4320,7.2724843
35,4335,7.1632385
35,4350,7.0955753
35,4365,7.068234
35,4380,7.0766044
35,4395,7.1171484
35,4410,7.186876
35,4425,7.2830915
35,4440,7.403263
35,4455,7.545051
35,4470,7.706338
35,4485,7.8851285
35,4500,8.079556
35,4515,8.287914
35,4530,8.508611
35,4545,8.724146
35,4560,8.907074
35,4575,9.059048
35,4590,9.183542
35,4605,9.283081
35,4620,9.359766
35,4635,9.415518
35,4650,9.452112
35,4665,9.471193
35,4680,9.474295
35,4695,9.462845
35,4710,9.438173
35,4725,9.401509
35,4740,9.353993
35,4755,9.296679
35,4770,9.23054
35,4785,9.15648
35,4800,9.075331
35,4815,8.987862
35,4830,8.894781
35,4845,8.796741
35,4860,8.694336
35,4875,8.588122
35,4890,8.478603
35,4905,8.36625
35,4920,8.2514925
35,4935,8.134724
35,4950,8.016309
35,4965,7.896578
35,4980,7.775833
35,4995,7.654351
35,5010,7.532384
35,5025,7.4101615
35,5040,7.287893
35,5055,7.17837
35,5070,7.1104355
35,5085,7.082828
35,5100,7.0909367
35,5115,7.131224
35,5130,7.2007008
35,5145,7.2966695
35,5160,7.416599
35,5175,7.558149
35,5190,7.7192025
35,5205,7.8977647
35,5220,8.091969
35,5235,8.300106
35,5250,8.520587
35,5265,8.73591
35,5280,8.91863
35,5295,9.070399
35,5310,9.1946945
35,5325,9.294037
35,5340,9.370529
35,5355,9.426091
35,5370,9.4625
35,5385,9.481399
35,5400,9.484321
35,5415,9.472695
35,5430,9.447851
35,5445,9.411018
35,5460,9.363337
35,5475,9.305859
35,5490,9.23956
35,5505,9.165342
35,5520,9.084039
35,5535,8.996418
35,5550,8.903189
35,5565,8.805002
35,5580,8.702454
35,5595,8.596099
35,5610,8.486442
35,5625,8.373953
35,5640,8.259062
35,5655,8.142162
35,5670,8.023619
35,5685,7.9037614
35,5700,7.7828927
35,5715,7.661289
35,5730,7.539202
35,5745,7.416862
35,5760,7.294478
35,5775,7.184842
35,5790,7.116796
35,5805,7.0890794
35,5820,7.0970807
35,5835,7.137263
35,5850,7.206636
35,5865,7.3025036
35,5880,7.422333
35,5895,7.563785
35,5910,7.724743
35,5925,7.90321
35,5940,8.0973215
35,5955,8.305367
35,5970,8.52576
35,5985,8.740994
35,6000,8.923629
35,6015,9.075314
35,6030,9.199526
35,6045,9.298786
35,6060,9.375198
35,6075,9.430682
35,6090,9.467013
35,6105,9.485836
35,6120,9.488684
35,6135,9.476985
35,6150,9.452069
35,6165,9.415165
35,6180,9.3674135
35,6195,9.309868
35,6210,9.243502
35,6225,9.169218
35,6240,9.08785
35,6255,9.000166
35,6270,8.906874
35,6285,8.808625
35,6300,8.706017
35,6315,8.599603
35,6330,8.489887
35,6345,8.377341
35,6360,8.262394
35,6375,8.145439
35,6390,8.026841
35,6405,7.90693
35,6420,7.786009
35,6435,7.6643534
35,6450,7.542216
35,6465,7.419826
35,6480,7.297393
35,6495,7.1751065
35,6510,7.05314
35,6525,6.9316463
35,6540,6.8107696
35,6555,6.6906424
35,6570,6.57137
35,6585,6.4530544
35,6600,6.3357987
35,6615,6.2196956
35,6630,6.104788
35,6645,5.991159
35,6660,5.878873
35,6675,5.767984
35,6690,5.658523
35,6705,5.55053
35,6720,5.4440355
35,6735,5.339063
35,6750,5.235629
35,6765,5.1337523
35,6780,5.0334444
35,6795,4.934715
35,6810,4.8375688
35,6825,4.7420125
35,6840,4.6480474
35,6855,4.55567
35,6870,4.464878
35,6885,4.3756657
35,6900,4.288023
35,6915,4.201941
35,6930,4.117408
35,6945,4.03441
35,6960,3.9529338
35,6975,3.872964
35,6990,3.7944844
35,7005,3.7174788
35,7020,3.6419296
35,7035,3.5678196
35,7050,3.4951293
35,7065,3.4238403
35,7080,3.353933
35,7095,3.2853875
35,7110,3.2181835
35,7125,3.1523006
35,7140,3.0877185
35,7155,3.024416
35,7170,2.9623723
35,7185,2.901567
35,7200,2.8419793
36,0,0
36,3,0.00019845997
36,6,0.0014447479
36,9,0.00432648
36,12,0.009096982
36,15,0.015820762
36,18,0.024470955
36,21,0.034983285
36,24,0.047283623
36,27,0.061299562
36,30,0.07696477
36,33,0.094220355
36,36,0.11301431
36,39,0.13330057
36,42,0.15503794
36,45,0.17818913
36,48,0.2027197
36,51,0.22859743
36,54,0.25579187
36,57,0.28427407
36,60,0.3140162
36,63,0.34499127
36,66,0.37717348
36,69,0.41053718
36,72,0.44505805
36,75,0.48071152
36,78,0.5174741
36,81,0.55532223
36,84,0.5942329
36,87,0.63418347
36,90,0.6751515
36,93,0.7171153
36,96,0.76005304
36,99,0.8039436
36,102,0.848766
36,105,0.8945
36,108,0.94112486
36,111,0.98862046
36,114,1.0369675
36,117,1.0861468
36,120,1.1361396
36,135,1.3976521
36,150,1.6768026
36,165,1.971524
36,180,2.2799098
36,195,2.6002064
36,210,2.9307725
36,225,3.2501948
36,240,3.5314271
36,255,3.7794983
36,270,3.9984345
36,285,4.1908402
36,300,4.358841
36,315,4.504368
36,330,4.629225
36,345,4.735087
36,360,4.8235126
36,375,4.8959527
36,390,4.953756
36,405,4.998174
36,420,5.030369
36,435,5.05141
36,450,5.0622916
36,465,5.063935
36,480,5.0571876
36,495,5.0428367
36,510,5.0216093
36,525,4.9941764
36,540,4.9611573
36,555,4.9231296
36,570,4.8806095
36,585,4.8340964
36,600,4.7840295
36,615,4.7308025
36,630,4.674817
36,645,4.6164
36,660,4.555871
36,675,4.493531
36,690,4.429648
36,705,4.3644667
36,720,4.2982206
36,735,4.246945
36,750,4.240343
36,765,4.273328
36,780,4.3405995
36,795,4.4385686
36,810,4.5642323
36,825,4.714882
36,840,4.8880153
36,855,5.081305
36,870,5.2925987
36,885,5.51991
36,900,5.7614036
36,915,6.0153923
36,930,6.280291
36,945,6.5347514
36,960,6.7517085
36,975,6.936276
36,990,7.092523
36,1005,7.2230425
36,1020,7.3299975
36,1035,7.4153533
36,1050,7.480917
36,1065,7.5283732
36,1080,7.559295
36,1095,7.5751467
36,1110,7.5772843
36,1125,7.5669622
36,1140,7.54534
36,1155,7.5134926
36,1170,7.4724145
36,1185,7.4230237
36,1200,7.366168
36,1215,7.3026285
36,1230,7.2331276
36,1245,7.158333
36,1260,7.0788507
36,1275,6.99525
36,1290,6.908038
36,1305,6.817698
36,1320,6.724656
36,1335,6.629323
36,1350,6.5320573
36,1365,6.433204
36,1380,6.333066
36,1395,6.2319307
36,1410,6.1300507
36,1425,6.0276656
36,1440,5.9249854
36,1455,5.838022
36,1470,5.796478
36,1485,5.7952685
36,1500,5.8290696
36,1515,5.894282
36,1530,5.987897
36,1545,6.107184
36,1560,6.2496285
36,1575,6.4129076
36,1590,6.594855
36,1605,6.79346
36,1620,7.0068736
36,1635,7.2334
36,1650,7.471443
36,1665,7.6996403
36,1680,7.8909063
36,1695,8.050352
36,1710,8.182031
36,1725,8.288527
36,1740,8.371982
36,1755,8.434353
36,1770,8.47744
36,1785,8.502917
36,1800,8.512347
36,1815,8.507183
36,1830,8.488769
36,1845,8.458347
36,1860,8.417074
36,1875,8.366009
36,1890,8.306137
36,1905,8.238367
36,1920,8.163539
36,1935,8.082423
36,1950,7.9957333
36,1965,7.9041257
36,1980,7.8082037
36,1995,7.7085257
36,2010,7.6055946
36,2025,7.4998884
36,2040,7.391821
36,2055,7.2817965
36,2070,7.1701665
36,2085,7.05726
36,2100,6.9433813
36,2115,6.8288074
36,2130,6.7137866
36,2145,6.5985537
36,2160,6.4833126
36,2175,6.3840766
36,2190,6.330534
36,2205,6.3175945
36,2220,6.339928
36,2235,6.3939304
36,2250,6.4765873
36,2265,6.5851626
36,2280,6.717136
36,2295,6.870178
36,2310,7.042121
36,2325,7.2309484
36,2340,7.434805
36,2355,7.651988
36,2370,7.880899
36,2385,8.100172
36,2400,8.282711
36,2415,8.433627
36,2430,8.556967
36,2445,8.65531
36,2460,8.730794
36,2475,8.785372
36,2490,8.820838
36,2505,8.838864
36,2520,8.841009
36,2535,8.828721
36,2550,8.80334
36,2565,8.766108
36,2580,8.718173
36,2595,8.660595
36,2610,8.594353
36,2625,8.520355
36,2640,8.439434
36,2655,8.352361
36,2670,8.259846
36,2685,8.162539
36,2700,8.061043
36,2715,7.9559135
36,2730,7.8476524
36,2745,7.7367306
36,2760,7.62357
36,2775,7.5085554
36,2790,7.3920517
36,2805,7.274377
36,2820,7.155835
36,2835,7.036699
36,2850,6.917217
36,2865,6.797617
36,2880,6.6781077
36,2895,6.5746965
36,2910,6.5170703
36,2925,6.5001373
36,2940,6.5185657
36,2955,6.568749
36,2970,6.6476717
36,2985,6.752596
36,3000,6.880998
36,3015,7.030548
36,3030,7.1990767
36,3045,7.3845663
36,3060,7.585159
36,3075,7.79915
36,3090,8.0249405
36,3105,8.241162
36,3120,8.420715
36,3135,8.568713
36,3150,8.689198
36,3165,8.784749
36,3180,8.857502
36,3195,8.909408
36,3210,8.942261
36,3225,8.957731
36,3240,8.957376
36,3255,8.94264
36,3270,8.9148655
36,3285,8.875293
36,3300,8.8250675
36,3315,8.765247
36,3330,8.696814
36,3345,8.62067
36,3360,8.53765
36,3375,8.448523
36,3390,8.353998
36,3405,8.2547245
36,3420,8.151303
36,3435,8.0442915
36,3450,7.934189
36,3465,7.8214617
36,3480,7.706538
36,3495,7.5897965
36,3510,7.471604
36,3525,7.3522773
36,3540,7.232118
36,3555,7.1113987
36,3570,6.990368
36,3585,6.8692517
36,3600,6.7482586
36,3615,6.643395
36,3630,6.5843477
36,3645,6.5660243
36,3660,6.583092
36,3675,6.631944
36,3690,6.709564
36,3705,6.813214
36,3720,6.940369
36,3735,7.0886993
36,3750,7.256034
36,3765,7.4403563
36,3780,7.6398063
36,3795,7.8526793
36,3810,8.077375
36,3825,8.292527
36,3840,8.471033
36,3855,8.618006
36,3870,8.737488
36,3885,8.832058
36,3900,8.90385
36,3915,8.954815
36,3930,8.986748
36,3945,9.001317
36,3960,9.000079
36,3975,8.984481
36,3990,8.955861
36,4005,8.915461
36,4020,8.864425
36,4035,8.803812
36,4050,8.734602
36,4065,8.657698
36,4080,8.573934
36,4095,8.484077
36,4110,8.388839
36,4125,8.288867
36,4140,8.184762
36,4155,8.077079
36,4170,7.9663205
36,4185,7.8529506
36,4200,7.7373977
36,4215,7.62004
36,4230,7.5012445
36,4245,7.381327
36,4260,7.2605896
36,4275,7.1393037
36,4290,7.0177183
36,4305,6.8960586
36,4320,6.7745333
36,4335,6.6691484
36,4350,6.6095905
36,4365,6.5907674
36,4380,6.6073456
36,4395,6.655719
36,4410,6.732869
36,4425,6.8360596
36,4440,6.9627647
36,4455,7.1106544
36,4470,7.277558
36,4485,7.4614577
36,4500,7.6604943
36,4515,7.8729625
36,4530,8.097262
36,4545,8.312026
36,4560,8.490151
36,4575,8.636752
36,4590,8.755869
36,4605,8.850081
36,4620,8.921524
36,4635,8.972146
36,4650,9.003744
36,4665,9.017984
36,4680,9.016424
36,4695,9.00051
36,4710,8.9715805
36,4725,8.930877
36,4740,8.879544
36,4755,8.818641
36,4770,8.7491455
36,4785,8.671963
36,4800,8.587924
36,4815,8.4978
36,4830,8.402298
36,4845,8.302069
36,4860,8.197711
36,4875,8.089781
36,4890,7.9787803
36,4905,7.8651724
36,4920,7.749387
36,4935,7.6318007
36,4950,7.5127816
36,4965,7.3926454
36,4980,7.2716923
36,4995,7.150196
36,5010,7.028404
36,5025,6.906542
36,5040,6.784818
36,5055,6.679239
36,5070,6.6194906
36,5085,6.60048
36,5100,6.6168756
36,5115,6.665069
36,5130,6.742044
36,5145,6.845062
36,5160,6.971598
36,5175,7.119322
36,5190,7.2860637
36,5205,7.4698043
36,5220,7.668685
36,5235,7.8810005
36,5250,8.10515
36,5265,8.319768
36,5280,8.49775
36,5295,8.64421
36,5310,8.763188
36,5325,8.857265
36,5340,8.9285755
36,5355,8.979068
36,5370,9.010537
36,5385,9.0246525
36,5400,9.022969
36,5415,9.006935
36,5430,8.977888
36,5445,8.937068
36,5460,8.885623
36,5475,8.824607
36,5490,8.755003
36,5505,8.677713
36,5520,8.59357
36,5535,8.503343
36,5550,8.40774
36,5565,8.307411
36,5580,8.202956
36,5595,8.094931
36,5610,7.983836
36,5625,7.8701367
36,5640,7.754261
36,5655,7.6365867
36,5670,7.517481
36,5685,7.3972597
36,5700,7.2762237
36,5715,7.1546454
36,5730,7.032773
36,5745,6.910832
36,5760,6.789031
36,5775,6.6833763
36,5790,6.6235533
36,5805,6.6044703
36,5820,6.620794
36,5835,6.668917
36,5850,6.7458234
36,5865,6.8487735
36,5880,6.975244
36,5895,7.1229024
36,5910,7.2895803
36,5925,7.4732585
36,5940,7.672078
36,5955,7.884333
36,5970,8.108424
36,5985,8.322984
36,6000,8.500909
36,6015,8.647312
36,6030,8.766236
36,6045,8.86026
36,6060,8.931518
36,6075,8.981957
36,6090,9.013376
36,6105,9.027442
36,6120,9.02571
36,6135,9.009628
36,6150,8.980534
36,6165,8.939668
36,6180,8.888177
36,6195,8.827117
36,6210,8.757469
36,6225,8.680136
36,6240,8.59595
36,6255,8.505682
36,6270,8.410039
36,6285,8.30967
36,6300,8.205176
36,6315,8.097112
36,6330,7.98598
36,6345,7.872243
36,6360,7.756331
36,6375,7.6386213
36,6390,7.51948
36,6405,7.3992248
36,6420,7.2781544
36,6435,7.1565433
36,6450,7.0346384
36,6465,6.912665
36,6480,6.7908325
36,6495,6.6693225
36,6510,6.5483055
36,6525,6.4279323
36,6540,6.3083377
36,6555,6.1896434
36,6570,6.0719595
36,6585,5.955383
36,6600,5.839998
36,6615,5.7258816
36,6630,5.6131053
36,6645,5.50173
36,6660,5.3917937
36,6675,5.28335
36,6690,5.1764426
36,6705,5.0711107
36,6720,4.967369
36,6735,4.8652453
36,6750,4.7647543
36,6765,4.665908
36,6780,4.568711
36,6795,4.4731684
36,6810,4.3792825
36,6825,4.2870507
36,6840,4.19647
36,6855,4.1075344
36,6870,4.020239
36,6885,3.9345708
36,6900,3.850521
36,6915,3.7680764
36,6930,3.6872218
36,6945,3.6079412
36,6960,3.5302176
36,6975,3.454033
36,6990,3.379367
36,7005,3.3062015
36,7020,3.2345152
36,7035,3.1642878
36,7050,3.0954978
36,7065,3.0281243
36,7080,2.962145
36,7095,2.8975382
36,7110,2.8342817
36,7125,2.7723525
36,7140,2.7117283
36,7155,2.6523867
36,7170,2.5943046
36,7185,2.5374596
36,7200,2.4818292
37,0,0
37,3,0.0001606106
37,6,0.0012295459
37,9,0.003797684
37,12,0.008174614
37,15,0.014483695
37,18,0.022741877
37,21,0.032912128
37,24,0.044934332
37,27,0.058741223
37,30,0.07426638
37,33,0.09144783
37,36,0.11022899
37,39,0.13055894
37,42,0.15239164
37,45,0.17568538
37,48,0.20040183
37,51,0.2265055
37,54,0.2539631
37,57,0.28274328
37,60,0.31281614
37,63,0.3441531
37,66,0.37672687
37,69,0.41051078
37,72,0.44547948
37,75,0.48160776
37,78,0.5188714
37,81,0.5572464
37,84,0.59670913
37,87,0.63723683
37,90,0.67880666
37,93,0.72139674
37,96,0.76498514
37,99,0.80955064
37,102,0.8550723
37,105,0.9015292
37,108,0.9489008
37,111,0.9971675
37,114,1.0463101
37,117,1.0963094
37,120,1.1471452
37,135,1.4132367
37,150,1.6975721
37,165,1.9980875
37,180,2.312879
37,195,2.6401935
37,210,2.978396
37,225,3.3076031
37,240,3.5988696
37,255,3.8560445
37,270,4.083625
37,285,4.2844687
37,300,4.460831
37,315,4.614665
37,330,4.7477655
37,345,4.8618007
37,360,4.9583135
37,375,5.038734
37,390,5.1043906
37,405,5.1565175
37,420,5.1962605
37,435,5.22468
37,450,5.24276
37,465,5.251406
37,480,5.2514586
37,495,5.243699
37,510,5.2288437
37,525,5.2075596
37,540,5.180464
37,555,5.148122
37,570,5.11106
37,585,5.0697675
37,600,5.0246897
37,615,4.97623
37,630,4.924787
37,645,4.870691
37,660,4.814259
37,675,4.7558017
37,690,4.695574
37,705,4.6338305
37,720,4.5708036
37,735,4.521173
37,750,4.5160127
37,765,4.551783
37,780,4.6227365
37,795,4.725002
37,810,4.855433
37,825,5.011287
37,840,5.1900315
37,855,5.389355
37,870,5.6071267
37,885,5.841365
37,900,6.0902367
37,915,6.3520555
37,930,6.6252494
37,945,6.890006
37,960,7.1173816
37,975,7.3112946
37,990,7.4762836
37,1005,7.6152606
37,1020,7.730406
37,1035,7.823801
37,1050,7.8972464
37,1065,7.9523973
37,1080,7.9908094
37,1095,8.013946
37,1110,8.023149
37,1125,8.019655
37,1140,8.004615
37,1155,7.979092
37,1170,7.9440756
37,1185,7.900478
37,1200,7.849137
37,1215,7.7908325
37,1230,7.726278
37,1245,7.6561356
37,1260,7.581019
37,1275,7.5014887
37,1290,7.4180646
37,1305,7.331227
37,1320,7.241411
37,1335,7.1490245
37,1350,7.0544386
37,1365,6.957995
37,1380,6.8600025
37,1395,6.760754
37,1410,6.6605024
37,1425,6.559495
37,1440,6.457946
37,1455,6.370536
37,1470,6.328301
37,1485,6.3277063
37,1500,6.3630238
37,1515,6.430332
37,1530,6.5265102
37,1545,6.648767
37,1560,6.79458
37,1575,6.961634
37,1590,7.147781
37,1605,7.3510256
37,1620,7.5695267
37,1635,7.8015885
37,1650,8.045627
37,1665,8.281818
37,1680,8.481196
37,1695,8.647679
37,1710,8.785792
37,1725,8.898407
37,1740,8.987772
37,1755,9.055883
37,1770,9.104546
37,1785,9.135424
37,1800,9.150062
37,1815,9.149893
37,1830,9.136256
37,1845,9.110386
37,1860,9.0734215
37,1875,9.026419
37,1890,8.970352
37,1905,8.906127
37,1920,8.834577
37,1935,8.756472
37,1950,8.672517
37,1965,8.58337
37,1980,8.489629
37,1995,8.39185
37,2010,8.290546
37,2025,8.186188
37,2040,8.079207
37,2055,7.969999
37,2070,7.858932
37,2085,7.7463384
37,2100,7.6325192
37,2115,7.5177655
37,2130,7.402327
37,2145,7.2864366
37,2160,7.1703167
37,2175,7.0686436
37,2190,7.012435
37,2205,6.998155
37,2220,7.020065
37,2235,7.0742397
37,2250,7.1575427
37,2265,7.267197
37,2280,7.4006805
37,2295,7.555659
37,2310,7.72997
37,2325,7.9216175
37,2340,8.12876
37,2355,8.349698
37,2370,8.582841
37,2385,8.808369
37,2400,8.997296
37,2415,9.153545
37,2430,9.281633
37,2445,9.384428
37,2460,9.464172
37,2475,9.522856
37,2490,9.562279
37,2505,9.584103
37,2520,9.589873
37,2535,9.581025
37,2550,9.558886
37,2565,9.524683
37,2580,9.479555
37,2595,9.424551
37,2610,9.360644
37,2625,9.288734
37,2640,9.209652
37,2655,9.124164
37,2670,9.032975
37,2685,8.93674
37,2700,8.836059
37,2715,8.731485
37,2730,8.623524
37,2745,8.51265
37,2760,8.399278
37,2775,8.283813
37,2790,8.166609
37,2805,8.047996
37,2820,7.928281
37,2835,7.807741
37,2850,7.6866317
37,2865,7.565188
37,2880,7.443619
37,2895,7.3366013
37,2910,7.2751555
37,2925,7.255746
37,2940,7.272628
37,2955,7.3218775
37,2970,7.400355
37,2985,7.5052814
37,3000,7.6341333
37,3015,7.784573
37,3030,7.954438
37,3045,8.141729
37,3060,8.344605
37,3075,8.561362
37,3090,8.790413
37,3105,9.011928
37,3120,9.196923
37,3135,9.349319
37,3150,9.473632
37,3165,9.572727
37,3180,9.648845
37,3195,9.703975
37,3210,9.739915
37,3225,9.758326
37,3240,9.76075
37,3255,9.748622
37,3270,9.7232685
37,3285,9.685915
37,3300,9.637699
37,3315,9.579667
37,3330,9.512793
37,3345,9.437974
37,3360,9.35604
37,3375,9.2677555
37,3390,9.173826
37,3405,9.0749035
37,3420,8.971586
37,3435,8.86443
37,3450,8.753936
37,3465,8.640579
37,3480,8.524775
37,3495,8.406923
37,3510,8.28738
37,3525,8.166473
37,3540,8.04451
37,3555,7.9217663
37,3570,7.798494
37,3585,7.67493
37,3600,7.551282
37,3615,7.4422264
37,3630,7.3787823
37,3645,7.357414
37,3660,7.372375
37,3675,7.4197426
37,3690,7.496374
37,3705,7.599492
37,3720,7.72657
37,3735,7.875272
37,3750,8.043433
37,3765,8.2290535
37,3780,8.430292
37,3795,8.645445
37,3810,8.872921
37,3825,9.092894
37,3840,9.276378
37,3855,9.427291
37,3870,9.55015
37,3885,9.64782
37,3900,9.722541
37,3915,9.776299
37,3930,9.810896
37,3945,9.827989
37,3960,9.829121
37,3975,9.815725
37,3990,9.789128
37,4005,9.750556
37,4020,9.701144
37,4035,9.64194
37,4050,9.573915
37,4065,9.497968
37,4080,9.414927
37,4095,9.325556
37,4110,9.230561
37,4125,9.130594
37,4140,9.026252
37,4155,8.91809
37,4170,8.806609
37,4185,8.692285
37,4200,8.575533
37,4215,8.456749
37,4230,8.336293
37,4245,8.214491
37,4260,8.091647
37,4275,7.9680414
37,4290,7.843923
37,4305,7.7195287
37,4320,7.5950665
37,4335,7.4852114
37,4350,7.4209833
37,4365,7.3988457
37,4380,7.4130526
37,4395,7.45968
37,4410,7.535586
37,4425,7.6379914
37,4440,7.7643714
37,4455,7.9123883
37,4470,8.079877
37,4485,8.264839
37,4500,8.465431
37,4515,8.67995
37,4530,8.906804
37,4545,9.126167
37,4560,9.309052
37,4575,9.459378
37,4590,9.581661
37,4605,9.678767
37,4620,9.752933
37,4635,9.806148
37,4650,9.840211
37,4665,9.856779
37,4680,9.857397
37,4695,9.843497
37,4710,9.816405
37,4725,9.777347
37,4740,9.727458
37,4755,9.667786
37,4770,9.5993
37,4785,9.5229025
37,4800,9.439419
37,4815,9.349614
37,4830,9.254193
37,4845,9.153807
37,4860,9.049054
37,4875,8.940489
37,4890,8.828611
37,4905,8.713899
37,4920,8.596765
37,4935,8.477607
37,4950,8.356783
37,4965,8.234619
37,4980,8.111423
37,4995,7.9874682
37,5010,7.8630085
37,5025,7.7382784
37,5040,7.613487
37,5055,7.503309
37,5070,7.438763
37,5085,7.416314
37,5100,7.4302154
37,5115,7.4765425
37,5130,7.5521536
37,5145,7.65427
37,5160,7.7803664
37,5175,7.9281044
37,5190,8.09532
37,5205,8.280014
37,5220,8.480342
37,5235,8.694602
37,5250,8.921204
37,5265,9.140317
37,5280,9.322957
37,5295,9.473043
37,5310,9.595091
37,5325,9.691965
37,5340,9.765903
37,5355,9.818895
37,5370,9.852739
37,5385,9.869093
37,5400,9.869499
37,5415,9.855392
37,5430,9.828096
37,5445,9.788837
37,5460,9.738752
37,5475,9.678886
37,5490,9.610212
37,5505,9.533628
37,5520,9.449962
37,5535,9.359977
37,5550,9.2643795
37,5565,9.16382
37,5580,9.058896
37,5595,8.950164
37,5610,8.838122
37,5625,8.7232485
37,5640,8.605956
37,5655,8.486642
37,5670,8.365665
37,5685,8.243351
37,5700,8.120007
37,5715,7.9959073
37,5730,7.871305
37,5745,7.7464347
37,5760,7.6215057
37,5775,7.5111923
37,5790,7.4465137
37,5805,7.4239345
37,5820,7.4377074
37,5835,7.4839087
37,5850,7.559396
37,5865,7.6613913
37,5880,7.787368
37,5895,7.9349885
37,5910,8.102089
37,5925,8.28667
37,5940,8.486887
37,5955,8.701038
37,5970,8.927532
37,5985,9.146541
37,6000,9.329078
37,6015,9.479062
37,6030,9.601009
37,6045,9.697785
37,6060,9.771628
37,6075,9.824525
37,6090,9.858276
37,6105,9.874538
37,6120,9.874855
37,6135,9.86066
37,6150,9.833277
37,6165,9.793932
37,6180,9.743764
37,6195,9.683816
37,6210,9.61506
37,6225,9.538397
37,6240,9.454652
37,6255,9.36459
37,6270,9.268917
37,6285,9.168283
37,6300,9.063287
37,6315,8.954483
37,6330,8.84237
37,6345,8.727427
37,6360,8.610066
37,6375,8.490685
37,6390,8.369643
37,6405,8.247264
37,6420,8.123856
37,6435,7.9996934
37,6450,7.8750296
37,6465,7.7500987
37,6480,7.62511
37,6495,7.5002546
37,6510,7.3757076
37,6525,7.251624
37,6540,7.128146
37,6555,7.005402
37,6570,6.883507
37,6585,6.7625623
37,6600,6.642661
37,6615,6.5238876
37,6630,6.40632
37,6645,6.2900133
37,6660,6.1750274
37,6675,6.0614185
37,6690,5.9492383
37,6705,5.838519
37,6720,5.729293
37,6735,5.6215873
37,6750,5.5154247
37,6765,5.4108195
37,6780,5.3077836
37,6795,5.206329
37,6810,5.10646
37,6825,5.008181
37,6840,4.911494
37,6855,4.8163977
37,6870,4.72289
37,6885,4.6309643
37,6900,4.540616
37,6915,4.451834
37,6930,4.364609
37,6945,4.278928
37,6960,4.1947784
37,6975,4.1121454
37,6990,4.0310125
37,7005,3.951365
37,7020,3.873185
37,7035,3.7964551
37,7050,3.7211573
37,7065,3.6472733
37,7080,3.574784
37,7095,3.5036702
37,7110,3.4339125
37,7125,3.3654907
37,7140,3.2983847
37,7155,3.2325745
37,7170,3.1680393
37,7185,3.1047587
37,7200,3.0427127
38,0,0
38,3,0.00015904903
38,6,0.0012369056
38,9,0.003863912
38,12,0.008381076
38,15,0.01493454
38,18,0.023558533
38,21,0.03422888
38,24,0.04689441
38,27,0.06149372
38,30,0.07796354
38,33,0.09624286
38,36,0.11627448
38,39,0.13800569
38,42,0.16138786
38,45,0.18637608
38,48,0.21292865
38,51,0.24100655
38,54,0.27057296
38,57,0.30159295
38,60,0.33403313
38,63,0.36786157
38,66,0.40304753
38,69,0.4395613
38,72,0.47737426
38,75,0.5164582
38,78,0.55678606
38,81,0.5983308
38,84,0.6410663
38,87,0.6849668
38,90,0.7300071
38,93,0.7761626
38,96,0.823409
38,99,0.8717225
38,102,0.92107993
38,105,0.97145754
38,108,1.0228331
38,111,1.0751847
38,114,1.1284909
38,117,1.1827298
38,120,1.2378789
38,135,1.5265824
38,150,1.8350874
38,165,2.161102
38,180,2.5025134
38,195,2.8573785
38,210,3.2238886
38,225,3.5813804
38,240,3.8983865
38,255,4.177867
38,270,4.424463
38,285,4.641361
38,300,4.8310895
38,315,4.9958544
38,330,5.1376777
38,345,5.2584186
38,360,5.3598027
38,375,5.4434347
38,390,5.510803
38,405,5.563289
38,420,5.6021705
38,435,5.628629
38,450,5.643763
38,465,5.648587
38,480,5.6440415
38,495,5.630993
38,510,5.610244
38,525,5.5825353
38,540,5.5485573
38,555,5.5089355
38,570,5.4642577
38,585,5.4150596
38,600,5.361822
38,615,5.3050156
38,630,5.2450404
38,645,5.182292
38,660,5.1171227
38,675,5.0498586
38,690,4.9808016
38,705,4.910233
38,720,4.838399
38,735,4.780471
38,750,4.769841
38,765,4.803967
38,780,4.8769097
38,795,4.9843564
38,810,5.122796
38,825,5.2891517
38,840,5.48063
38,855,5.6946344
38,870,5.928776
38,885,6.180856
38,900,6.448847
38,915,6.73088
38,930,7.025209
38,945,7.3112154
38,960,7.5575037
38,975,7.767049
38,990,7.944525
38,1005,8.093163
38,1020,8.215512
38,1035,8.3138075
38,1050,8.390094
38,1065,8.446245
38,1080,8.483998
38,1095,8.504968
38,1110,8.510648
38,1125,8.502429
38,1140,8.481596
38,1155,8.449337
38,1170,8.406749
38,1185,8.354843
38,1200,8.294558
38,1215,8.226757
38,1230,8.152239
38,1245,8.071738
38,1260,7.9859343
38,1275,7.895452
38,1290,7.800863
38,1305,7.702697
38,1320,7.6014304
38,1335,7.4975166
38,1350,7.3913527
38,1365,7.2833233
38,1380,7.173763
38,1395,7.0629935
38,1410,6.951296
38,1425,6.838939
38,1440,6.7261567
38,1455,6.6280937
38,1470,6.578148
38,1485,6.5737715
38,1500,6.609005
38,1515,6.6795244
38,1530,6.7818146
38,1545,6.9127812
38,1560,7.069606
38,1575,7.249688
38,1590,7.45063
38,1605,7.6702204
38,1620,7.9064164
38,1635,8.157333
38,1650,8.42121
38,1665,8.677422
38,1680,8.89455
38,1695,9.075562
38,1710,9.225114
38,1725,9.346426
38,1740,9.442035
38,1755,9.514161
38,1770,9.564836
38,1785,9.595924
38,1800,9.609159
38,1815,9.606132
38,1830,9.588327
38,1845,9.557127
38,1860,9.513806
38,1875,9.45954
38,1890,9.395416
38,1905,9.322438
38,1920,9.241533
38,1935,9.153554
38,1950,9.059291
38,1965,8.959468
38,1980,8.854755
38,1995,8.745769
38,2010,8.633076
38,2025,8.517191
38,2040,8.398597
38,2055,8.277719
38,2070,8.154967
38,2085,8.030697
38,2100,7.905255
38,2115,7.778936
38,2130,7.652031
38,2145,7.5247865
38,2160,7.3974433
38,2175,7.2851286
38,2190,7.2212405
38,2205,7.203224
38,2220,7.2251134
38,2235,7.2825794
38,2250,7.3721013
38,2265,7.4905777
38,2280,7.6351852
38,2295,7.8033175
38,2310,7.992571
38,2325,8.200728
38,2340,8.425741
38,2355,8.66572
38,2370,8.918899
38,2385,9.164646
38,2400,9.371539
38,2415,9.542535
38,2430,9.682291
38,2445,9.794018
38,2460,9.880249
38,2475,9.943199
38,2490,9.984895
38,2505,10.007198
38,2520,10.011838
38,2535,10.000399
38,2550,9.974364
38,2565,9.93511
38,2580,9.883906
38,2595,9.821926
38,2610,9.750253
38,2625,9.6698885
38,2640,9.581752
38,2655,9.486697
38,2670,9.385509
38,2685,9.278909
38,2700,9.1675625
38,2715,9.052081
38,2730,8.933034
38,2745,8.810927
38,2760,8.686248
38,2775,8.55941
38,2790,8.430829
38,2805,8.300852
38,2820,8.169824
38,2835,8.038039
38,2850,7.9057813
38,2865,7.7733
38,2880,7.6408277
38,2895,7.5234933
38,2910,7.454693
38,2925,7.431869
38,2940,7.449054
38,2955,7.5019155
38,2970,7.586932
38,2985,7.700997
38,3000,7.841277
38,3015,8.0051775
38,3030,8.190304
38,3045,8.394431
38,3060,8.6154995
38,3075,8.851609
38,3090,9.101001
38,3105,9.343041
38,3120,9.546306
38,3135,9.713751
38,3150,9.850032
38,3165,9.958355
38,3180,10.041256
38,3195,10.100945
38,3210,10.139449
38,3225,10.158628
38,3240,10.160208
38,3255,10.145774
38,3270,10.116807
38,3285,10.074682
38,3300,10.020667
38,3315,9.955935
38,3330,9.881566
38,3345,9.798562
38,3360,9.707842
38,3375,9.610256
38,3390,9.506589
38,3405,9.397563
38,3420,9.283839
38,3435,9.166031
38,3450,9.044704
38,3465,8.920365
38,3480,8.793499
38,3495,8.664522
38,3510,8.533844
38,3525,8.401815
38,3540,8.268775
38,3555,8.135022
38,3570,8.000834
38,3585,7.866465
38,3600,7.7321415
38,3615,7.6129947
38,3630,7.54242
38,3645,7.517858
38,3660,7.5333405
38,3675,7.5845356
38,3690,7.66792
38,3705,7.780387
38,3720,7.919102
38,3735,8.0814705
38,3750,8.265096
38,3765,8.467754
38,3780,8.687384
38,3795,8.922086
38,3810,9.170097
38,3825,9.410788
38,3840,9.612729
38,3855,9.778879
38,3870,9.913891
38,3885,10.020971
38,3900,10.102654
38,3915,10.161152
38,3930,10.198486
38,3945,10.216521
38,3960,10.21698
38,3975,10.201447
38,3990,10.171404
38,4005,10.128225
38,4020,10.073176
38,4035,10.007431
38,4050,9.93207
38,4065,9.848094
38,4080,9.75642
38,4095,9.657901
38,4110,9.55332
38,4125,9.443397
38,4140,9.3287945
38,4155,9.210125
38,4170,9.087954
38,4185,8.962787
38,4200,8.835111
38,4215,8.705339
38,4230,8.573882
38,4245,8.441091
38,4260,8.3073015
38,4275,8.172816
38,4290,8.0379095
38,4305,7.902836
38,4320,7.767822
38,4335,7.6479983
38,4350,7.57676
38,4365,7.5515475
38,4380,7.566393
38,4395,7.6169634
38,4410,7.699736
38,4425,7.8116035
38,4440,7.9497313
38,4455,8.111524
38,4470,8.294584
38,4485,8.49669
38,4500,8.715777
38,4515,8.949948
38,4530,9.19744
38,4545,9.43762
38,4560,9.639062
38,4575,9.804722
38,4590,9.939253
38,4605,10.045862
38,4620,10.127085
38,4635,10.185129
38,4650,10.22202
38,4665,10.23962
38,4680,10.239652
38,4695,10.223701
38,4710,10.193248
38,4725,10.149666
38,4740,10.094223
38,4755,10.0280905
38,4770,9.952351
38,4785,9.868002
38,4800,9.775964
38,4815,9.677087
38,4830,9.572154
38,4845,9.461886
38,4860,9.346947
38,4875,9.227946
38,4890,9.105451
38,4905,8.979964
38,4920,8.851975
38,4935,8.721898
38,4950,8.590139
38,4965,8.457053
38,4980,8.322974
38,4995,8.188205
38,5010,8.05302
38,5025,7.9176726
38,5040,7.78239
38,5055,7.6623034
38,5070,7.590807
38,5085,7.5653415
38,5100,7.5799384
38,5115,7.6302657
38,5130,7.7127995
38,5145,7.8244324
38,5160,7.9623303
38,5175,8.123897
38,5190,8.306736
38,5205,8.508625
38,5220,8.7275
38,5235,8.961462
38,5250,9.208749
38,5265,9.448729
38,5280,9.649974
38,5295,9.81544
38,5310,9.949781
38,5325,10.056206
38,5340,10.137245
38,5355,10.19511
38,5370,10.231826
38,5385,10.249253
38,5400,10.249116
38,5415,10.232998
38,5430,10.202382
38,5445,10.158641
38,5460,10.103041
38,5475,10.036754
38,5490,9.960862
38,5505,9.876366
38,5520,9.784182
38,5535,9.685162
38,5550,9.580088
38,5565,9.469683
38,5580,9.354608
38,5595,9.235473
38,5610,9.112846
38,5625,8.987233
38,5640,8.8591175
38,5655,8.728917
38,5670,8.597036
38,5685,8.463832
38,5700,8.329636
38,5715,8.194751
38,5730,8.059453
38,5745,7.9239955
38,5760,7.788604
38,5775,7.6684103
38,5790,7.596809
38,5805,7.5712404
38,5820,7.5857363
38,5835,7.635964
38,5850,7.7184005
38,5865,7.829938
38,5880,7.9677415
38,5895,8.129215
38,5910,8.311965
38,5925,8.513764
38,5940,8.732553
38,5955,8.966429
38,5970,9.213632
38,5985,9.453528
38,6000,9.654693
38,6015,9.82008
38,6030,9.954343
38,6045,10.06069
38,6060,10.141654
38,6075,10.199445
38,6090,10.236088
38,6105,10.253444
38,6120,10.253236
38,6135,10.23705
38,6150,10.206367
38,6165,10.162559
38,6180,10.106893
38,6195,10.040542
38,6210,9.964587
38,6225,9.880028
38,6240,9.787783
38,6255,9.688703
38,6270,9.5835705
38,6285,9.473107
38,6300,9.357975
38,6315,9.238785
38,6330,9.116104
38,6345,8.990437
38,6360,8.862268
38,6375,8.732015
38,6390,8.600083
38,6405,8.466828
38,6420,8.332582
38,6435,8.19765
38,6450,8.062304
38,6465,7.9267993
38,6480,7.791362
38,6495,7.656203
38,6510,7.521506
38,6525,7.3874464
38,6540,7.254172
38,6555,7.121825
38,6570,6.990526
38,6585,6.860394
38,6600,6.731522
38,6615,6.603991
38,6630,6.4778934
38,6645,6.353288
38,6660,6.2302284
38,6675,6.108771
38,6690,5.988961
38,6705,5.8708324
38,6720,5.7544155
38,6735,5.639739
38,6750,5.5268245
38,6765,5.41569
38,6780,5.3063426
38,6795,5.198795
38,6810,5.093054
38,6825,4.989115
38,6840,4.8869805
38,6855,4.7866445
38,6870,4.6880994
38,6885,4.591336
38,6900,4.496341
38,6915,4.403104
38,6930,4.3116074
38,6945,4.2218366
38,6960,4.133774
38,6975,4.0473995
38,6990,3.962696
38,7005,3.8796434
38,7020,3.7982187
38,7035,3.7184017
38,7050,3.6401706
38,7065,3.5635016
38,7080,3.488372
38,7095,3.4147587
38,7110,3.3426375
38,7125,3.2719846
38,7140,3.2027757
38,7155,3.134987
38,7170,3.068594
38,7185,3.0035727
38,7200,2.939899
39,0,0
39,3,0.00016969978
39,6,0.0012385873
39,9,0.0037754357
39,12,0.008091117
39,15,0.014325656
39,18,0.0225207
39,21,0.032665797
39,24,0.044725295
39,27,0.058652967
39,30,0.07439921
39,33,0.091914766
39,36,0.11115223
39,39,0.13206679
39,42,0.15461612
39,45,0.17876025
39,48,0.20446132
39,51,0.23168325
39,54,0.2603915
39,57,0.29055274
39,60,0.32213488
39,63,0.35510668
39,66,0.38943806
39,69,0.42509934
39,72,0.46206215
39,75,0.5002981
39,78,0.53977996
39,81,0.5804805
39,84,0.6223733
39,87,0.6654323
39,90,0.7096317
39,93,0.75494653
39,96,0.80135196
39,99,0.8488238
39,102,0.897338
39,105,0.9468711
39,108,0.9974
39,111,1.0489019
39,114,1.1013542
39,117,1.1547352
39,120,1.2090229
39,135,1.4933265
39,150,1.7972333
39,165,2.118394
39,180,2.4546442
39,195,2.8039947
39,210,3.1645913
39,225,3.5165427
39,240,3.8298922
39,255,4.1061926
39,270,4.349275
39,285,4.562115
39,300,4.7472043
39,315,4.906797
39,330,5.0429707
39,345,5.1576495
39,360,5.252626
39,375,5.329568
39,390,5.3900228
39,405,5.4354224
39,420,5.467096
39,435,5.4862714
39,450,5.4940863
39,465,5.4915934
39,480,5.479764
39,495,5.459497
39,510,5.43162
39,525,5.396899
39,540,5.3560414
39,555,5.3096924
39,570,5.2584543
39,585,5.202868
39,600,5.1434464
39,615,5.0806465
39,630,5.0148997
39,645,4.9465995
39,660,4.8761053
39,675,4.8037515
39,690,4.729839
39,705,4.6546464
39,720,4.578426
39,735,4.5157294
39,750,4.498219
39,765,4.524598
39,780,4.5897946
39,795,4.689742
39,810,4.82096
39,825,4.980316
39,840,5.164944
39,855,5.3721867
39,870,5.5995836
39,885,5.8448696
39,900,6.1059585
39,915,6.3809276
39,930,6.6679826
39,945,6.9472923
39,960,7.188926
39,975,7.3944645
39,990,7.5677867
39,1005,7.711883
39,1020,7.829273
39,1035,7.9222245
39,1050,7.9928336
39,1065,8.043039
39,1080,8.074641
39,1095,8.089311
39,1110,8.088593
39,1125,8.073928
39,1140,8.046643
39,1155,8.007968
39,1170,7.959034
39,1185,7.900888
39,1200,7.8344946
39,1215,7.7607455
39,1230,7.6804585
39,1245,7.5943885
39,1260,7.5032287
39,1275,7.4076176
39,1290,7.3081446
39,1305,7.205345
39,1320,7.099713
39,1335,6.9917
39,1350,6.881712
39,1365,6.7701344
39,1380,6.6573
39,1395,6.543535
39,1410,6.4291167
39,1425,6.314316
39,1440,6.199361
39,1455,6.0987887
39,1470,6.044257
39,1485,6.034455
39,1500,6.0642953
39,1515,6.1296973
39,1530,6.227167
39,1545,6.353554
39,1560,6.505977
39,1575,6.681767
39,1590,6.878447
39,1605,7.0937366
39,1620,7.3255334
39,1635,7.571898
39,1650,7.8310256
39,1665,8.083068
39,1680,8.298079
39,1695,8.477619
39,1710,8.625558
39,1725,8.744867
39,1740,8.838057
39,1755,8.907376
39,1770,8.954909
39,1785,8.982584
39,1800,8.992191
39,1815,8.98538
39,1830,8.963691
39,1845,8.92855
39,1860,8.881271
39,1875,8.823072
39,1890,8.755076
39,1905,8.67832
39,1920,8.593755
39,1935,8.502262
39,1950,8.404652
39,1965,8.301668
39,1980,8.193994
39,1995,8.082259
39,2010,7.9670396
39,2025,7.848866
39,2040,7.7282257
39,2055,7.605555
39,2070,7.481269
39,2085,7.3557196
39,2100,7.229261
39,2115,7.102181
39,2130,6.974776
39,2145,6.8472853
39,2160,6.719948
39,2175,6.6072817
39,2190,6.5409446
39,2205,6.5196176
39,2220,6.538209
39,2235,6.5926313
39,2250,6.679385
39,2265,6.795312
39,2280,6.937526
39,2295,7.103353
39,2310,7.2903094
39,2325,7.496109
39,2340,7.718644
39,2355,7.9559693
39,2370,8.206275
39,2385,8.449708
39,2400,8.656314
39,2415,8.827651
39,2430,8.967582
39,2445,9.079074
39,2460,9.164631
39,2475,9.226499
39,2490,9.266758
39,2505,9.28733
39,2520,9.290001
39,2535,9.276419
39,2550,9.248117
39,2565,9.20652
39,2580,9.152936
39,2595,9.08858
39,2610,9.014572
39,2625,8.931943
39,2640,8.841644
39,2655,8.744552
39,2670,8.641473
39,2685,8.533147
39,2700,8.420256
39,2715,8.303427
39,2730,8.18323
39,2745,8.060195
39,2760,7.9348073
39,2775,7.8074975
39,2790,7.678683
39,2805,7.548713
39,2820,7.4179316
39,2835,7.2866373
39,2850,7.155106
39,2865,7.0235934
39,2880,6.8923206
39,2895,6.775813
39,2910,6.705724
39,2925,6.680732
39,2940,6.695745
39,2955,6.7466717
39,2970,6.830012
39,2985,6.942605
39,3000,7.081564
39,3015,7.244211
39,3030,7.428063
39,3045,7.630831
39,3060,7.8504047
39,3075,8.084839
39,3090,8.33232
39,3105,8.572995
39,3120,8.776908
39,3135,8.945613
39,3150,9.0829735
39,3165,9.191954
39,3180,9.275057
39,3195,9.334529
39,3210,9.372445
39,3225,9.390728
39,3240,9.391164
39,3255,9.375396
39,3270,9.344959
39,3285,9.301275
39,3300,9.245652
39,3315,9.179303
39,3330,9.103348
39,3345,9.018815
39,3360,8.926655
39,3375,8.827744
39,3390,8.722886
39,3405,8.612823
39,3420,8.498233
39,3435,8.379744
39,3450,8.257924
39,3465,8.133301
39,3480,8.006361
39,3495,7.877536
39,3510,7.7472367
39,3525,7.6158185
39,3540,7.4836183
39,3555,7.3509398
39,3570,7.218057
39,3585,7.0852365
39,3600,6.9526896
39,3615,6.834913
39,3630,6.7635827
39,3645,6.737378
39,3660,6.7512054
39,3675,6.800974
39,3690,6.883181
39,3705,6.994667
39,3720,7.132544
39,3735,7.294133
39,3750,7.4769506
39,3765,7.678708
39,3780,7.8972936
39,3795,8.130762
39,3810,8.377299
39,3825,8.617051
39,3840,8.820061
39,3855,8.987884
39,3870,9.124381
39,3885,9.232518
39,3900,9.3147955
39,3915,9.37346
39,3930,9.410586
39,3945,9.428098
39,3960,9.427777
39,3975,9.411271
39,3990,9.380112
39,4005,9.33572
39,4020,9.279405
39,4035,9.2123785
39,4050,9.13576
39,4065,9.050579
39,4080,8.957784
39,4095,8.858253
39,4110,8.752788
39,4125,8.642129
39,4140,8.5269575
39,4155,8.407898
39,4170,8.2855215
39,4185,8.160352
39,4200,8.032879
39,4215,7.9035306
39,4230,7.772719
39,4245,7.6408005
39,4260,7.5081096
39,4275,7.3749514
39,4290,7.241598
39,4305,7.1083174
39,4320,6.975321
39,4335,6.857103
39,4350,6.7853413
39,4365,6.758714
39,4380,6.772128
39,4395,6.8214912
39,4410,6.9033027
39,4425,7.0144005
39,4440,7.1518974
39,4455,7.313115
39,4470,7.4955688
39,4485,7.69697
39,4500,7.915207
39,4515,8.148334
39,4530,8.394537
39,4545,8.633963
39,4560,8.836652
39,4575,9.004161
39,4590,9.140351
39,4605,9.248187
39,4620,9.330171
39,4635,9.388546
39,4650,9.42539
39,4665,9.442624
39,4680,9.442033
39,4695,9.425261
39,4710,9.393841
39,4725,9.349195
39,4740,9.292629
39,4755,9.225358
39,4770,9.1485
39,4785,9.063084
39,4800,8.970058
39,4815,8.8703
39,4830,8.764614
39,4845,8.653739
39,4860,8.538355
39,4875,8.419086
39,4890,8.296506
39,4905,8.171136
39,4920,8.043466
39,4935,7.9139256
39,4950,7.782925
39,4965,7.650822
39,4980,7.517949
39,4995,7.3846135
39,5010,7.2510853
39,5025,7.117634
39,5040,6.98447
39,5055,6.8660874
39,5070,6.7941647
39,5085,6.7673798
39,5100,6.7806387
39,5115,6.8298497
39,5130,6.9115124
39,5145,7.0224643
39,5160,7.159818
39,5175,7.3208957
39,5190,7.503212
39,5205,7.704478
39,5220,7.9225826
39,5235,8.15558
39,5250,8.401656
39,5265,8.640957
39,5280,8.843524
39,5295,9.010914
39,5310,9.146986
39,5325,9.254707
39,5340,9.336577
39,5355,9.394842
39,5370,9.431578
39,5385,9.448705
39,5400,9.448009
39,5415,9.431134
39,5430,9.399613
39,5445,9.354868
39,5460,9.298205
39,5475,9.230839
39,5490,9.153887
39,5505,9.068378
39,5520,8.975264
39,5535,8.875417
39,5550,8.769644
39,5565,8.658683
39,5580,8.543216
39,5595,8.423865
39,5610,8.301203
39,5625,8.175755
39,5640,8.048007
39,5655,7.91839
39,5670,7.7873144
39,5685,7.6551375
39,5700,7.5221925
39,5715,7.388786
39,5730,7.255188
39,5745,7.121668
39,5760,6.9884367
39,5775,6.869988
39,5790,6.798001
39,5805,6.771152
39,5820,6.784348
39,5835,6.833498
39,5850,6.9151
39,5865,7.025993
39,5880,7.1632886
39,5895,7.324309
39,5910,7.5065694
39,5925,7.7077804
39,5940,7.9258313
39,5955,8.158775
39,5970,8.4048
39,5985,8.64405
39,6000,8.846566
39,6015,9.0139065
39,6030,9.149931
39,6045,9.257604
39,6060,9.339428
39,6075,9.397646
39,6090,9.434337
39,6105,9.45142
39,6120,9.45068
39,6135,9.433762
39,6150,9.4022
39,6165,9.357412
39,6180,9.30071
39,6195,9.233303
39,6210,9.156312
39,6225,9.070765
39,6240,8.977612
39,6255,8.8777275
39,6270,8.771918
39,6285,8.660921
39,6300,8.545418
39,6315,8.426033
39,6330,8.303337
39,6345,8.177855
39,6360,8.050074
39,6375,7.920424
39,6390,7.789316
39,6405,7.6571083
39,6420,7.524132
39,6435,7.390695
39,6450,7.257067
39,6465,7.1235175
39,6480,6.9902573
39,6495,6.8574777
39,6510,6.725403
39,6525,6.594171
39,6540,6.4639144
39,6555,6.3347745
39,6570,6.206873
39,6585,6.080316
39,6600,5.955196
39,6615,5.831608
39,6630,5.70962
39,6645,5.5892973
39,6660,5.4706964
39,6675,5.353859
39,6690,5.23882
39,6705,5.1256127
39,6720,5.0142584
39,6735,4.904774
39,6750,4.797177
39,6765,4.691476
39,6780,4.5876756
39,6795,4.4857802
39,6810,4.385789
39,6825,4.287695
39,6840,4.191492
39,6855,4.0971694
39,6870,4.004713
39,6885,3.9141078
39,6900,3.8253374
39,6915,3.7383828
39,6930,3.6532242
39,6945,3.5698407
39,6960,3.4882092
39,6975,3.408306
39,6990,3.3301082
39,7005,3.2535925
39,7020,3.1787333
39,7035,3.105504
39,7050,3.0338798
39,7065,2.9638329
39,7080,2.8953366
39,7095,2.828363
39,7110,2.762885
39,7125,2.6988754
39,7140,2.636306
39,7155,2.5751498
39,7170,2.5153801
39,7185,2.4569697
39,7200,2.3998916
40,0,0
40,3,0.00014371873
40,6,0.0011323419
40,9,0.0035550247
40,12,0.0077367816
40,15,0.013824346
40,18,0.021860614
40,21,0.031833313
40,24,0.043703828
40,27,0.05742268
40,30,0.07293742
40,33,0.090196475
40,36,0.10915074
40,39,0.12975422
40,42,0.15196383
40,45,0.17573926
40,48,0.2010425
40,51,0.22783747
40,54,0.25608972
40,57,0.28576618
40,60,0.3168349
40,63,0.34926492
40,66,0.38302636
40,69,0.41808984
40,72,0.45442715
40,75,0.49201015
40,78,0.5308117
40,81,0.57080483
40,84,0.61196315
40,87,0.65426075
40,90,0.697672
40,93,0.74217194
40,96,0.7877359
40,99,0.83433956
40,102,0.88195926
40,105,0.9305714
40,108,0.9801525
40,111,1.0306802
40,114,1.0821322
40,117,1.1344869
40,120,1.1877224
40,135,1.4663727
40,150,1.7639842
40,165,2.0782168
40,180,2.4069154
40,195,2.7481017
40,210,3.0999422
40,225,3.4431443
40,240,3.747588
40,255,4.0150547
40,270,4.2495093
40,285,4.4539056
40,300,4.630745
40,315,4.782275
40,330,4.9105854
40,345,5.0176177
40,360,5.1051764
40,375,5.1749353
40,390,5.2284493
40,405,5.2671623
40,420,5.292407
40,435,5.3054175
40,450,5.3073344
40,465,5.2992063
40,480,5.282007
40,495,5.256635
40,510,5.2239156
40,525,5.1846113
40,540,5.1394258
40,555,5.089008
40,570,5.033955
40,585,4.974802
40,600,4.9120746
40,615,4.84621
40,630,4.7776256
40,645,4.7067246
40,660,4.633839
40,675,4.5593033
40,690,4.483413
40,705,4.4064407
40,720,4.3286314
40,735,4.2640386
40,750,4.244371
40,765,4.2681794
40,780,4.3302536
40,795,4.4265375
40,810,4.553575
40,825,4.7082458
40,840,4.887673
40,855,5.0892024
40,870,5.3103848
40,885,5.5489607
40,900,5.802846
40,915,6.0701237
40,930,6.349013
40,945,6.620244
40,960,6.853798
40,975,7.0514126
40,990,7.217111
40,1005,7.353865
40,1020,7.4641914
40,1035,7.5503497
40,1050,7.6144433
40,1065,7.6584225
40,1080,7.6841
40,1095,7.6931505
40,1110,7.687127
40,1125,7.6674724
40,1140,7.635506
40,1155,7.592463
40,1170,7.539474
40,1185,7.477583
40,1200,7.4077554
40,1215,7.330874
40,1230,7.2477546
40,1245,7.15915
40,1260,7.065744
40,1275,6.968171
40,1290,6.867011
40,1305,6.7627926
40,1320,6.656003
40,1335,6.5470867
40,1350,6.436449
40,1365,6.3244653
40,1380,6.211468
40,1395,6.097769
40,1410,5.9836445
40,1425,5.869343
40,1440,5.7550993
40,1455,5.6549244
40,1470,5.6005297
40,1485,5.590452
40,1500,5.6194654
40,1515,5.683497
40,1530,5.7790737
40,1545,5.90306
40,1560,6.052562
40,1575,6.2249093
40,1590,6.4176345
40,1605,6.628463
40,1620,6.855297
40,1635,7.096203
40,1650,7.3493843
40,1665,7.595554
40,1680,7.8046794
40,1695,7.9784765
40,1710,8.120958
40,1725,8.235078
40,1740,8.323339
40,1755,8.387987
40,1770,8.431109
40,1785,8.454644
40,1800,8.460392
40,1815,8.450012
40,1830,8.4250555
40,1845,8.386936
40,1860,8.336976
40,1875,8.276392
40,1890,8.2063
40,1905,8.127741
40,1920,8.041661
40,1935,7.948938
40,1950,7.8503795
40,1965,7.74672
40,1980,7.6386433
40,1995,7.526768
40,2010,7.4116654
40,2025,7.2938595
40,2040,7.173824
40,2055,7.0519967
40,2070,6.9287744
40,2085,6.804519
40,2100,6.679563
40,2115,6.5542026
40,2130,6.428712
40,2145,6.3033385
40,2160,6.1783075
40,2175,6.067615
40,2190,6.0029697
40,2205,5.982903
40,2220,6.002181
40,2235,6.056727
40,2250,6.1430597
40,2265,6.258039
40,2280,6.398765
40,2295,6.562561
40,2310,6.746953
40,2325,6.949662
40,2340,7.168586
40,2355,7.401784
40,2370,7.6474547
40,2385,7.886307
40,2400,8.088302
40,2415,8.255151
40,2430,8.390861
40,2445,8.498379
40,2460,8.580208
40,2475,8.638585
40,2490,8.675595
40,2505,8.693172
40,2520,8.693112
40,2535,8.677072
40,2550,8.646596
40,2565,8.603096
40,2580,8.547893
40,2595,8.482194
40,2610,8.407116
40,2625,8.323697
40,2640,8.232878
40,2655,8.135535
40,2670,8.032471
40,2685,7.924418
40,2700,7.812059
40,2715,7.696007
40,2730,7.5768323
40,2745,7.4550548
40,2760,7.3311467
40,2775,7.2055445
40,2790,7.0786395
40,2805,6.9507947
40,2820,6.8223367
40,2835,6.693562
40,2850,6.564742
40,2865,6.43612
40,2880,6.307922
40,2895,6.1941414
40,2910,6.126485
40,2925,6.103482
40,2940,6.119897
40,2955,6.171651
40,2970,6.2552624
40,2985,6.367588
40,3000,6.5057263
40,3015,6.667
40,3030,6.848932
40,3045,7.0492425
40,3060,7.265828
40,3075,7.496746
40,3090,7.7401934
40,3105,7.9768777
40,3120,8.17676
40,3135,8.341547
40,3150,8.475246
40,3165,8.580804
40,3180,8.66072
40,3195,8.717231
40,3210,8.752421
40,3225,8.768223
40,3240,8.76643
40,3255,8.748698
40,3270,8.716575
40,3285,8.671465
40,3300,8.614692
40,3315,8.547461
40,3330,8.470888
40,3345,8.38601
40,3360,8.293767
40,3375,8.195035
40,3390,8.090614
40,3405,7.9812384
40,3420,7.8675876
40,3435,7.7502747
40,3450,7.6298704
40,3465,7.5068913
40,3480,7.3818107
40,3495,7.255064
40,3510,7.1270423
40,3525,6.9981074
40,3540,6.8685846
40,3555,6.738771
40,3570,6.608937
40,3585,6.479324
40,3600,6.3501587
40,3615,6.2354345
40,3630,6.166857
40,3645,6.1429543
40,3660,6.1584916
40,3675,6.2093887
40,3690,6.292164
40,3705,6.4036727
40,3720,6.541014
40,3735,6.7015095
40,3750,6.882682
40,3765,7.082252
40,3780,7.2981133
40,3795,7.5283256
40,3810,7.7710834
40,3825,8.007094
40,3840,8.206319
40,3855,8.370464
40,3870,8.503537
40,3885,8.608483
40,3900,8.687801
40,3915,8.74373
40,3930,8.778349
40,3945,8.793593
40,3960,8.791256
40,3975,8.772993
40,3990,8.740351
40,4005,8.694734
40,4020,8.637465
40,4035,8.56975
40,4050,8.492703
40,4065,8.407364
40,4080,8.314669
40,4095,8.215495
40,4110,8.110642
40,4125,8.000845
40,4140,7.8867817
40,4155,7.7690654
40,4170,7.6482673
40,4185,7.5249033
40,4200,7.3994465
40,4215,7.272332
40,4230,7.1439505
40,4245,7.014664
40,4260,6.884798
40,4275,6.7546477
40,4290,6.624485
40,4305,6.494551
40,4320,6.365072
40,4335,6.2500405
40,4350,6.181163
40,4365,6.1569667
40,4380,6.172217
40,4395,6.2228336
40,4410,6.3053346
40,4425,6.4165754
40,4440,6.553655
40,4455,6.713894
40,4470,6.8948164
40,4485,7.094141
40,4500,7.3097634
40,4515,7.5397415
40,4530,7.7822704
40,4545,8.018058
40,4560,8.217064
40,4575,8.380995
40,4590,8.513859
40,4605,8.6186
40,4620,8.697718
40,4635,8.753449
40,4650,8.787877
40,4665,8.802935
40,4680,8.800414
40,4695,8.781972
40,4710,8.749152
40,4725,8.703364
40,4740,8.645926
40,4755,8.578047
40,4770,8.500839
40,4785,8.415341
40,4800,8.322492
40,4815,8.223167
40,4830,8.118167
40,4845,8.008224
40,4860,7.8940187
40,4875,7.7761636
40,4890,7.6552296
40,4905,7.531732
40,4920,7.4061446
40,4935,7.2789025
40,4950,7.150396
40,4965,7.020987
40,4980,6.8910007
40,4995,6.760733
40,5010,6.630455
40,5025,6.500408
40,5040,6.3708186
40,5055,6.255679
40,5070,6.186695
40,5085,6.1623955
40,5100,6.177544
40,5115,6.228061
40,5130,6.3104644
40,5145,6.42161
40,5160,6.558596
40,5175,6.7187433
40,5190,6.8995757
40,5205,7.098813
40,5220,7.314349
40,5235,7.544243
40,5250,7.7866893
40,5265,8.022396
40,5280,8.221322
40,5295,8.385177
40,5310,8.517963
40,5325,8.62263
40,5340,8.701675
40,5355,8.757336
40,5370,8.791694
40,5385,8.806682
40,5400,8.804093
40,5415,8.785585
40,5430,8.752702
40,5445,8.70685
40,5460,8.64935
40,5475,8.5814085
40,5490,8.504142
40,5505,8.418585
40,5520,8.325678
40,5535,8.226296
40,5550,8.121241
40,5565,8.011243
40,5580,7.896985
40,5595,7.7790775
40,5610,7.658092
40,5625,7.5345445
40,5640,7.4089074
40,5655,7.281617
40,5670,7.153063
40,5685,7.0236073
40,5700,6.893575
40,5715,6.7632627
40,5730,6.632941
40,5745,6.502851
40,5760,6.3732185
40,5775,6.2580376
40,5790,6.189013
40,5805,6.164673
40,5820,6.1797824
40,5835,6.230261
40,5850,6.3126264
40,5865,6.4237347
40,5880,6.560684
40,5895,6.720796
40,5910,6.901593
40,5925,7.100796
40,5940,7.3162985
40,5955,7.5461593
40,5970,7.788573
40,5985,8.024248
40,6000,8.223144
40,6015,8.386967
40,6030,8.519724
40,6045,8.624361
40,6060,8.703377
40,6075,8.759008
40,6090,8.793339
40,6105,8.808299
40,6120,8.805684
40,6135,8.787149
40,6150,8.754239
40,6165,8.708362
40,6180,8.650837
40,6195,8.582871
40,6210,8.50558
40,6225,8.419999
40,6240,8.327068
40,6255,8.227665
40,6270,8.122586
40,6285,8.012567
40,6300,7.8982863
40,6315,7.780358
40,6330,7.6593513
40,6345,7.535783
40,6360,7.4101257
40,6375,7.2828155
40,6390,7.1542416
40,6405,7.024767
40,6420,6.894716
40,6435,6.7643847
40,6450,6.6340446
40,6465,6.5039363
40,6480,6.3742867
40,6495,6.245286
40,6510,6.117114
40,6525,5.989937
40,6540,5.8638806
40,6555,5.739079
40,6570,5.6156445
40,6585,5.493667
40,6600,5.373239
40,6615,5.254435
40,6630,5.137323
40,6645,5.021955
40,6660,4.908384
40,6675,4.7966514
40,6690,4.6867857
40,6705,4.578816
40,6720,4.4727616
40,6735,4.368635
40,6750,4.2664466
40,6765,4.166199
40,6780,4.0678935
40,6795,3.9715266
40,6810,3.8770912
40,6825,3.7845786
40,6840,3.6939774
40,6855,3.6052716
40,6870,3.5184462
40,6885,3.4334831
40,6900,3.3503609
40,6915,3.2690585
40,6930,3.189553
40,6945,3.1118195
40,6960,3.0358331
40,6975,2.9615676
40,6990,2.8889956
40,7005,2.8180902
40,7020,2.7488232
40,7035,2.6811664
40,7050,2.6150913
40,7065,2.5505688
40,7080,2.4875703
40,7095,2.4260666
40,7110,2.366029
40,7125,2.3074281
40,7140,2.250235
40,7155,2.194421
40,7170,2.1399577
40,7185,2.0868163
40,7200,2.0349686
41,0,0
41,3,0.0001669343
41,6,0.0012431782
41,9,0.003784458
41,12,0.00805826
41,15,0.014157998
41,18,0.022086997
41,21,0.031807125
41,24,0.043264847
41,27,0.0564033
41,30,0.07116757
41,33,0.087506875
41,36,0.10537484
41,39,0.12472936
41,42,0.14553203
41,45,0.16774754
41,48,0.19134302
41,51,0.21628761
41,54,0.24255203
41,57,0.2701084
41,60,0.29893
41,63,0.32899094
41,66,0.3602664
41,69,0.39273202
41,72,0.42636442
41,75,0.4611405
41,78,0.49703774
41,81,0.5340341
41,84,0.57210755
41,87,0.611237
41,90,0.6514012
41,93,0.69257957
41,96,0.7347518
41,99,0.77789795
41,102,0.82199836
41,105,0.8670337
41,108,0.91298485
41,111,0.9598326
41,114,1.007559
41,117,1.0561458
41,120,1.1055754
41,135,1.364752
41,150,1.6424595
41,165,1.9367455
41,180,2.2458024
41,195,2.56796
41,210,2.9016545
41,225,3.2275429
41,240,3.5188372
41,255,3.7787952
41,270,4.0110507
41,285,4.2180657
41,300,4.401842
41,315,4.564158
41,330,4.7066636
41,345,4.830889
41,360,4.938257
41,375,5.0300922
41,390,5.1076283
41,405,5.1720138
41,420,5.224315
41,435,5.2655177
41,450,5.2965403
41,465,5.3182335
41,480,5.331383
41,495,5.336723
41,510,5.33493
41,525,5.3266306
41,540,5.312406
41,555,5.2928014
41,570,5.2683086
41,585,5.2393847
41,600,5.2064705
41,615,5.169936
41,630,5.1301484
41,645,5.0874505
41,660,5.0421314
41,675,4.9944897
41,690,4.944785
41,705,4.893263
41,720,4.8401456
41,735,4.79981
41,750,4.8011565
41,765,4.841043
41,780,4.914703
41,795,5.0186977
41,810,5.1501923
41,825,5.306625
41,840,5.485641
41,855,5.6850834
41,870,5.902944
41,885,6.137357
41,900,6.3865933
41,915,6.649054
41,930,6.9232426
41,945,7.1898932
41,960,7.422212
41,975,7.62355
41,990,7.797586
41,1005,7.9468255
41,1020,8.073244
41,1035,8.178703
41,1050,8.264892
41,1065,8.333327
41,1080,8.385455
41,1095,8.422645
41,1110,8.446138
41,1125,8.457092
41,1140,8.456588
41,1155,8.445625
41,1170,8.425135
41,1185,8.395968
41,1200,8.358923
41,1215,8.314727
41,1230,8.264063
41,1245,8.20756
41,1260,8.145802
41,1275,8.079327
41,1290,8.008635
41,1305,7.934182
41,1320,7.856393
41,1335,7.7756557
41,1350,7.69233
41,1365,7.606747
41,1380,7.5192127
41,1395,7.430008
41,1410,7.339391
41,1425,7.247601
41,1440,7.154855
41,1455,7.075508
41,1470,7.038465
41,1485,7.040584
41,1500,7.077085
41,1515,7.144527
41,1530,7.240062
41,1545,7.3611274
41,1560,7.5053754
41,1575,7.670632
41,1590,7.8548746
41,1605,8.05623
41,1620,8.272961
41,1635,8.503467
41,1650,8.746241
41,1665,8.9820175
41,1680,9.183976
41,1695,9.3554735
41,1710,9.500173
41,1725,9.620556
41,1740,9.7186365
41,1755,9.796233
41,1770,9.855017
41,1785,9.896527
41,1800,9.922195
41,1815,9.93336
41,1830,9.931269
41,1845,9.917074
41,1860,9.8918495
41,1875,9.856585
41,1890,9.812199
41,1905,9.759542
41,1920,9.699406
41,1935,9.63252
41,1950,9.559555
41,1965,9.481137
41,1980,9.397837
41,1995,9.310186
41,2010,9.218674
41,2025,9.123753
41,2040,9.025841
41,2055,8.9253235
41,2070,8.8225565
41,2085,8.717866
41,2100,8.611551
41,2115,8.503887
41,2130,8.395126
41,2145,8.2855015
41,2160,8.175224
41,2175,8.078647
41,2190,8.024669
41,2205,8.010144
41,2220,8.030289
41,2235,8.0816555
41,2250,8.161395
41,2265,8.266938
41,2280,8.395933
41,2295,8.546201
41,2310,8.715714
41,2325,8.902596
41,2340,9.105106
41,2355,9.321638
41,2370,9.550681
41,2385,9.772965
41,2400,9.961665
41,2415,10.120132
41,2430,10.252027
41,2445,10.359825
41,2460,10.445537
41,2475,10.510976
41,2490,10.55781
41,2505,10.587575
41,2520,10.601699
41,2535,10.601519
41,2550,10.588275
41,2565,10.563118
41,2580,10.527117
41,2595,10.481258
41,2610,10.42646
41,2625,10.363568
41,2640,10.293369
41,2655,10.216592
41,2670,10.133904
41,2685,10.045929
41,2700,9.953232
41,2715,9.856345
41,2730,9.755752
41,2745,9.651903
41,2760,9.545215
41,2775,9.436069
41,2790,9.32482
41,2805,9.211789
41,2820,9.097276
41,2835,8.981552
41,2850,8.864867
41,2865,8.747453
41,2880,8.629518
41,2895,8.525422
41,2910,8.4640255
41,2925,8.442232
41,2940,8.455225
41,2955,8.4995775
41,2970,8.572407
41,2985,8.67114
41,3000,8.793474
41,3015,8.937188
41,3030,9.100232
41,3045,9.280773
41,3060,9.477059
41,3075,9.687475
41,3090,9.910503
41,3105,10.126864
41,3120,10.309745
41,3135,10.462494
41,3150,10.588768
41,3165,10.691042
41,3180,10.771321
41,3195,10.83142
41,3210,10.872999
41,3225,10.897596
41,3240,10.906642
41,3255,10.901471
41,3270,10.883323
41,3285,10.853347
41,3300,10.812606
41,3315,10.76209
41,3330,10.702709
41,3345,10.63531
41,3360,10.560679
41,3375,10.479539
41,3390,10.392559
41,3405,10.300362
41,3420,10.203515
41,3435,10.102547
41,3450,9.997949
41,3465,9.890166
41,3480,9.779611
41,3495,9.666668
41,3510,9.551676
41,3525,9.434967
41,3540,9.316831
41,3555,9.197538
41,3570,9.077341
41,3585,8.956471
41,3600,8.835135
41,3615,8.727702
41,3630,8.663021
41,3645,8.637999
41,3660,8.647817
41,3675,8.6890335
41,3690,8.75879
41,3705,8.854526
41,3720,8.973889
41,3735,9.11468
41,3750,9.274868
41,3765,9.452583
41,3780,9.646095
41,3795,9.853786
41,3810,10.074134
41,3825,10.287866
41,3840,10.468158
41,3855,10.61836
41,3870,10.742128
41,3885,10.841939
41,3900,10.919795
41,3915,10.977511
41,3930,11.016747
41,3945,11.03904
41,3960,11.045818
41,3975,11.038419
41,3990,11.018077
41,4005,10.985945
41,4020,10.943083
41,4035,10.890481
41,4050,10.829047
41,4065,10.75963
41,4080,10.683014
41,4095,10.59992
41,4110,10.511019
41,4125,10.416932
41,4140,10.318225
41,4155,10.215428
41,4170,10.109031
41,4185,9.999478
41,4200,9.88718
41,4215,9.772525
41,4230,9.655848
41,4245,9.537482
41,4260,9.417715
41,4275,9.296819
41,4290,9.175043
41,4305,9.052621
41,4320,8.929757
41,4335,8.820823
41,4350,8.754662
41,4365,8.728186
41,4380,8.736572
41,4395,8.776383
41,4410,8.844756
41,4425,8.93913
41,4440,9.057148
41,4455,9.196621
41,4470,9.35552
41,4485,9.531967
41,4500,9.724218
41,4515,9.930668
41,4530,10.1498
41,4545,10.362344
41,4560,10.541464
41,4575,10.690514
41,4590,10.8131485
41,4605,10.911843
41,4620,10.988603
41,4635,11.045239
41,4650,11.083413
41,4665,11.10466
41,4680,11.110412
41,4695,11.101999
41,4710,11.080663
41,4725,11.047551
41,4740,11.003725
41,4755,10.950174
41,4770,10.887808
41,4785,10.817472
41,4800,10.739953
41,4815,10.65597
41,4830,10.566195
41,4845,10.471246
41,4860,10.371692
41,4875,10.268062
41,4890,10.160842
41,4905,10.050482
41,4920,9.937389
41,4935,9.821952
41,4950,9.704506
41,4965,9.5853815
41,4980,9.46487
41,4995,9.34324
41,5010,9.220743
41,5025,9.09761
41,5040,8.974048
41,5055,8.864425
41,5070,8.797586
41,5085,8.770442
41,5100,8.778176
41,5115,8.817339
41,5130,8.885086
41,5145,8.978837
41,5160,9.096227
41,5175,9.235096
41,5190,9.393407
41,5205,9.569269
41,5220,9.760944
41,5235,9.966828
41,5250,10.185401
41,5265,10.397395
41,5280,10.575975
41,5295,10.724494
41,5310,10.846606
41,5325,10.944786
41,5340,11.021039
41,5355,11.077177
41,5370,11.114861
41,5385,11.135625
41,5400,11.140901
41,5415,11.132021
41,5430,11.110225
41,5445,11.07666
41,5460,11.032388
41,5475,10.978398
41,5490,10.9156
41,5505,10.844839
41,5520,10.766901
41,5535,10.682506
41,5550,10.592325
41,5565,10.496977
41,5580,10.39703
41,5595,10.293013
41,5610,10.185412
41,5625,10.074677
41,5640,9.961215
41,5655,9.845414
41,5670,9.727612
41,5685,9.608135
41,5700,9.487276
41,5715,9.365305
41,5730,9.242472
41,5745,9.119008
41,5760,8.99512
41,5775,8.885177
41,5790,8.818023
41,5805,8.790567
41,5820,8.7979965
41,5835,8.836858
41,5850,8.904302
41,5865,8.997766
41,5880,9.114876
41,5895,9.253456
41,5910,9.411484
41,5925,9.587073
41,5940,9.778481
41,5955,9.984098
41,5970,10.202418
41,5985,10.41416
41,6000,10.592488
41,6015,10.740758
41,6030,10.862625
41,6045,10.960564
41,6060,11.036578
41,6075,11.092483
41,6090,11.129935
41,6105,11.150473
41,6120,11.155525
41,6135,11.146425
41,6150,11.124412
41,6165,11.090634
41,6180,11.046152
41,6195,10.991957
41,6210,10.928954
41,6225,10.857993
41,6240,10.779858
41,6255,10.695268
41,6270,10.604896
41,6285,10.509359
41,6300,10.409227
41,6315,10.305027
41,6330,10.197247
41,6345,10.086335
41,6360,9.972698
41,6375,9.856726
41,6390,9.738753
41,6405,9.61911
41,6420,9.498088
41,6435,9.375955
41,6450,9.252963
41,6465,9.129343
41,6480,9.0053005
41,6495,8.881031
41,6510,8.756711
41,6525,8.632498
41,6540,8.508538
41,6555,8.384964
41,6570,8.261895
41,6585,8.139441
41,6600,8.017698
41,6615,7.8967566
41,6630,7.776695
41,6645,7.6575856
41,6660,7.539496
41,6675,7.422484
41,6690,7.3065915
41,6705,7.1918726
41,6720,7.078372
41,6735,6.9661274
41,6750,6.8551626
41,6765,6.745507
41,6780,6.637182
41,6795,6.5302052
41,6810,6.424588
41,6825,6.3203444
41,6840,6.217482
41,6855,6.116008
41,6870,6.0159254
41,6885,5.917238
41,6900,5.8199487
41,6915,5.724053
41,6930,5.62955
41,6945,5.536436
41,6960,5.444704
41,6975,5.354347
41,6990,5.2653575
41,7005,5.1777253
41,7020,5.0914397
41,7035,5.0064907
41,7050,4.922866
41,7065,4.840553
41,7080,4.759539
41,7095,4.6798115
41,7110,4.6013565
41,7125,4.5241594
41,7140,4.4482064
41,7155,4.373482
41,7170,4.299972
41,7185,4.2276607
41,7200,4.156533
42,0,0
42,3,0.00018599154
42,6,0.0013296925
42,9,0.0039965813
42,12,0.008473472
42,15,0.014871693
42,18,0.023205884
42,21,0.033442557
42,24,0.045527615
42,27,0.059400555
42,30,0.07500099
42,33,0.09227176
42,36,0.111159846
42,39,0.13161658
42,42,0.1535971
42,45,0.17706001
42,48,0.20196655
42,51,0.2282803
42,54,0.25596663
42,57,0.2849925
42,60,0.31532618
42,63,0.346937
42,66,0.3797955
42,69,0.4138726
42,72,0.44914073
42,75,0.48557222
42,78,0.52314055
42,81,0.5618193
42,84,0.60158265
42,87,0.6424054
42,90,0.68426245
42,93,0.7271295
42,96,0.7709825
42,99,0.8157979
42,102,0.86155254
42,105,0.90822375
42,108,0.9557885
42,111,1.0042249
42,114,1.0535116
42,117,1.1036274
42,120,1.1545519
42,135,1.4205794
42,150,1.7038552
42,165,2.002123
42,180,2.3133118
42,195,2.6355245
42,210,2.9670002
42,225,3.2873445
42,240,3.5680208
42,255,3.812392
42,270,4.0247626
42,285,4.2081523
42,300,4.365074
42,315,4.4977655
42,330,4.608289
42,345,4.698565
42,360,4.7703724
42,375,4.825357
42,390,4.865043
42,405,4.890841
42,420,4.9040537
42,435,4.9058867
42,450,4.897453
42,465,4.8797736
42,480,4.8537908
42,495,4.820374
42,510,4.7803135
42,525,4.734351
42,540,4.6831546
42,555,4.6273465
42,570,4.567496
42,585,4.5041213
42,600,4.4377036
42,615,4.368675
42,630,4.2974377
42,645,4.2243605
42,660,4.1497765
42,675,4.073976
42,690,3.9972591
42,705,3.9198592
42,720,3.8419878
42,735,3.7787106
42,750,3.7606637
42,765,3.7846527
42,780,3.845123
42,795,3.93799
42,810,4.0598345
42,825,4.2075987
42,840,4.378477
42,855,4.569883
42,870,4.779438
42,885,5.004952
42,900,5.244412
42,915,5.495972
42,930,5.757912
42,945,6.009882
42,960,6.2233415
42,975,6.4016914
42,990,6.5492578
42,1005,6.669072
42,1020,6.7636366
42,1035,6.8352118
42,1050,6.8858695
42,1065,6.9175224
42,1080,6.9319363
42,1095,6.930757
42,1110,6.915507
42,1125,6.8875904
42,1140,6.8482995
42,1155,6.7988243
42,1170,6.740262
42,1185,6.673623
42,1200,6.599836
42,1215,6.519752
42,1230,6.4341536
42,1245,6.3437586
42,1260,6.249229
42,1275,6.151158
42,1290,6.050106
42,1305,5.9465594
42,1320,5.840988
42,1335,5.733795
42,1350,5.625372
42,1365,5.5160527
42,1380,5.4061604
42,1395,5.2959704
42,1410,5.1857467
42,1425,5.0757146
42,1440,4.9660873
42,1455,4.8719115
42,1470,4.8237796
42,1485,4.81848
42,1500,4.8504634
42,1515,4.915611
42,1530,5.0105042
42,1545,5.1320395
42,1560,5.2773805
42,1575,5.443975
42,1590,5.6294127
42,1605,5.831449
42,1620,6.0480814
42,1635,6.277461
42,1650,6.5178328
42,1665,6.7488265
42,1680,6.9418855
42,1695,7.100404
42,1710,7.2286887
42,1725,7.329775
42,1740,7.406098
42,1755,7.4599442
42,1770,7.4933777
42,1785,7.5082736
42,1800,7.506389
42,1815,7.4893665
42,1830,7.4587183
42,1845,7.4158316
42,1860,7.3619847
42,1875,7.298358
42,1890,7.226042
42,1905,7.146034
42,1920,7.059255
42,1935,6.9665422
42,1950,6.8686666
42,1965,6.7663355
42,1980,6.660192
42,1995,6.5508337
42,2010,6.438797
42,2025,6.324578
42,2040,6.2086263
42,2055,6.091349
42,2070,5.9731207
42,2085,5.8542757
42,2100,5.7351203
42,2115,5.6159315
42,2130,5.496957
42,2145,5.3784275
42,2160,5.260539
42,2175,5.158328
42,2190,5.102387
42,2205,5.0894976
42,2220,5.1141043
42,2235,5.172083
42,2250,5.260006
42,2265,5.374772
42,2280,5.5135436
42,2295,5.6737328
42,2310,5.8529406
42,2325,6.0489507
42,2340,6.259726
42,2355,6.483399
42,2370,6.7182283
42,2385,6.943842
42,2400,7.1316676
42,2415,7.2851
42,2430,7.40844
42,2445,7.5047197
42,2460,7.576372
42,2475,7.6256747
42,2490,7.654692
42,2505,7.6652966
42,2520,7.6592383
42,2535,7.6381564
42,2550,7.6035614
42,2565,7.556838
42,2580,7.49926
42,2595,7.4320054
42,2610,7.3561606
42,2625,7.272721
42,2640,7.1826067
42,2655,7.086648
42,2670,6.985619
42,2685,6.8802185
42,2700,6.771091
42,2715,6.658831
42,2730,6.543971
42,2745,6.4270067
42,2760,6.3083844
42,2775,6.1885095
42,2790,6.067755
42,2805,5.946452
42,2820,5.8249073
42,2835,5.7033925
42,2850,5.5821557
42,2865,5.461425
42,2880,5.341397
42,2895,5.2371044
42,2910,5.179137
42,2925,5.1642785
42,2940,5.186969
42,2955,5.243084
42,2970,5.3291936
42,2985,5.442195
42,3000,5.5792522
42,3015,5.7377753
42,3030,5.9153624
42,3045,6.109794
42,3060,6.319034
42,3075,6.541214
42,3090,6.7745905
42,3105,6.998791
42,3120,7.185242
42,3135,7.337337
42,3150,7.4593754
42,3165,7.554389
42,3180,7.624809
42,3195,7.6729116
42,3210,7.700762
42,3225,7.7102294
42,3240,7.703065
42,3255,7.6809063
42,3270,7.6452627
42,3285,7.5975184
42,3300,7.5389466
42,3315,7.4707246
42,3330,7.393937
42,3345,7.3095803
42,3360,7.2185726
42,3375,7.1217437
42,3390,7.019868
42,3405,6.913642
42,3420,6.803711
42,3435,6.690668
42,3450,6.5750456
42,3465,6.4573393
42,3480,6.337993
42,3495,6.217414
42,3510,6.095973
42,3525,5.9740014
42,3540,5.851805
42,3555,5.7296557
42,3570,5.6078
42,3585,5.4864664
42,3600,5.3658514
42,3615,5.260987
42,3630,5.2024627
42,3645,5.1870604
42,3660,5.209222
42,3675,5.2648215
42,3690,5.3504286
42,3705,5.4629397
42,3720,5.599521
42,3735,5.75758
42,3750,5.9347143
42,3765,6.128705
42,3780,6.337515
42,3795,6.5592756
42,3810,6.7922444
42,3825,7.016047
42,3840,7.2021103
42,3855,7.353827
42,3870,7.475497
42,3885,7.570151
42,3900,7.6402206
42,3915,7.6879816
42,3930,7.7154984
42,3945,7.7246413
42,3960,7.7171597
42,3975,7.6946917
42,3990,7.6587467
42,4005,7.6107078
42,4020,7.551849
42,4035,7.4833465
42,4050,7.406286
42,4065,7.321662
42,4080,7.2303934
42,4095,7.133311
42,4110,7.0311866
42,4125,6.924719
42,4140,6.814552
42,4155,6.701278
42,4170,6.58543
42,4185,6.467504
42,4200,6.347943
42,4215,6.2271543
42,4230,6.1055083
42,4245,5.983337
42,4260,5.8609457
42,4275,5.7386055
42,4290,5.616564
42,4305,5.4950485
42,4320,5.3742557
42,4335,5.2692175
42,4350,5.2105236
42,4365,5.1949563
42,4380,5.216956
42,4395,5.2723975
42,4410,5.3578506
42,4425,5.470211
42,4440,5.606644
42,4455,5.764556
42,4470,5.941547
42,4485,6.1354
42,4500,6.3440757
42,4515,6.565703
42,4530,6.7985406
42,4545,7.022218
42,4560,7.2081604
42,4575,7.3597584
42,4590,7.4813123
42,4605,7.5758533
42,4620,7.645812
42,4635,7.6934648
42,4650,7.7208757
42,4665,7.729915
42,4680,7.7223325
42,4695,7.699765
42,4710,7.6637225
42,4725,7.615589
42,4740,7.5566373
42,4755,7.488044
42,4770,7.4108944
42,4785,7.3261833
42,4800,7.23483
42,4815,7.1376634
42,4830,7.0354576
42,4845,6.92891
42,4860,6.8186646
42,4875,6.705314
42,4890,6.589391
42,4905,6.4713917
42,4920,6.3517585
42,4935,6.2308993
42,4950,6.1091847
42,4965,5.9869456
42,4980,5.8644876
42,4995,5.7420826
42,5010,5.6199775
42,5025,5.4983997
42,5040,5.3775463
42,5055,5.272448
42,5070,5.213696
42,5085,5.1980715
42,5100,5.220015
42,5115,5.2754016
42,5130,5.3608007
42,5145,5.4731083
42,5160,5.60949
42,5175,5.767351
42,5190,5.9442925
42,5205,6.138097
42,5220,6.346725
42,5235,6.568306
42,5250,6.8010974
42,5265,7.0247307
42,5280,7.210629
42,5295,7.362184
42,5310,7.483696
42,5325,7.5781956
42,5340,7.6481137
42,5355,7.695727
42,5370,7.7230988
42,5385,7.7321
42,5400,7.7244797
42,5415,7.7018757
42,5430,7.665797
42,5445,7.6176286
42,5460,7.558642
42,5475,7.4900146
42,5490,7.4128313
42,5505,7.328088
42,5520,7.236702
42,5535,7.1395044
42,5550,7.0372677
42,5565,6.9306893
42,5580,6.820414
42,5595,6.7070346
42,5610,6.591083
42,5625,6.473055
42,5640,6.353394
42,5655,6.2325077
42,5670,6.1107664
42,5685,5.988501
42,5700,5.866018
42,5715,5.7435875
42,5730,5.6214576
42,5745,5.4998555
42,5760,5.378978
42,5775,5.273856
42,5790,5.215081
42,5805,5.199434
42,5820,5.221355
42,5835,5.2767196
42,5850,5.3620973
42,5865,5.4743843
42,5880,5.610745
42,5895,5.768586
42,5910,5.945507
42,5925,6.1392922
42,5940,6.3479013
42,5955,6.5694633
42,5970,6.802236
42,5985,7.0258512
42,6000,7.2117314
42,6015,7.363269
42,6030,7.4847636
42,6045,7.5792465
42,6060,7.649148
42,6075,7.6967444
42,6090,7.7241006
42,6105,7.733086
42,6120,7.7254505
42,6135,7.702831
42,6150,7.6667376
42,6165,7.6185536
42,6180,7.559553
42,6195,7.4909115
42,6210,7.4137144
42,6225,7.3289566
42,6240,7.2375574
42,6255,7.140346
42,6270,7.0380964
42,6285,6.931505
42,6300,6.8212175
42,6315,6.707825
42,6330,6.5918617
42,6345,6.473821
42,6360,6.354149
42,6375,6.2332506
42,6390,6.111498
42,6405,5.989221
42,6420,5.866727
42,6435,5.7442856
42,6450,5.6221447
42,6465,5.500532
42,6480,5.379644
42,6495,5.2596517
42,6510,5.14073
42,6525,5.0230055
42,6540,4.9065957
42,6555,4.791626
42,6570,4.6781783
42,6585,4.5663357
42,6600,4.4561753
42,6615,4.3477583
42,6630,4.2411356
42,6645,4.1363506
42,6660,4.033444
42,6675,3.9324408
42,6690,3.833362
42,6705,3.7362256
42,6720,3.6410382
42,6735,3.5478048
42,6750,3.4565244
42,6765,3.3671927
42,6780,3.2798018
42,6795,3.1943402
42,6810,3.1107938
42,6825,3.029147
42,6840,2.9493806
42,6855,2.8714738
42,6870,2.7954051
42,6885,2.7211502
42,6900,2.6486828
42,6915,2.577977
42,6930,2.5090046
42,6945,2.4417367
42,6960,2.376144
42,6975,2.3121963
42,6990,2.2498634
42,7005,2.1891143
42,7020,2.1299176
42,7035,2.0722423
42,7050,2.0160575
42,7065,1.9613326
42,7080,1.908034
42,7095,1.8561323
42,7110,1.8055973
42,7125,1.7563994
42,7140,1.7085063
42,7155,1.6618887
42,7170,1.6165167
42,7185,1.5723605
42,7200,1.5293906
43,0,0
43,3,0.00018179975
43,6,0.0013527939
43,9,0.004132832
43,12,0.008838312
43,15,0.015590694
43,18,0.024403535
43,21,0.035236966
43,24,0.048028868
43,27,0.06271061
43,30,0.07921447
43,33,0.09747697
43,36,0.11743978
43,39,0.13904983
43,42,0.16225868
43,45,0.18702191
43,48,0.21329829
43,51,0.2410492
43,54,0.27023816
43,57,0.3008305
43,60,0.3327931
43,63,0.36609393
43,66,0.4007024
43,69,0.4365884
43,72,0.4737233
43,75,0.5120785
43,78,0.5516266
43,81,0.5923403
43,84,0.6341929
43,87,0.6771583
43,90,0.7212108
43,93,0.76632524
43,96,0.81247693
43,99,0.85964155
43,102,0.90779537
43,105,0.9569145
43,108,1.0069758
43,111,1.0579569
43,114,1.1098356
43,117,1.1625905
43,120,1.216198
43,135,1.4963133
43,150,1.7947305
43,165,2.1091192
43,180,2.4373386
43,195,2.7774262
43,210,3.1275592
43,225,3.4663262
43,240,3.7632723
43,255,4.0223393
43,270,4.248233
43,285,4.444128
43,300,4.6126213
43,315,4.756001
43,330,4.8763766
43,345,4.9757104
43,360,5.055819
43,375,5.118384
43,390,5.164964
43,405,5.1970043
43,420,5.2158427
43,435,5.2227144
43,450,5.2187634
43,465,5.205035
43,480,5.1825013
43,495,5.1520576
43,510,5.1145234
43,525,5.0706615
43,540,5.0211678
43,555,4.9666834
43,570,4.9078
43,585,4.8450603
43,600,4.7789645
43,615,4.7099547
43,630,4.63847
43,645,4.5648713
43,660,4.4895015
43,675,4.412693
43,690,4.334719
43,705,4.25585
43,720,4.1763268
43,735,4.1119604
43,750,4.0954285
43,765,4.1230106
43,780,4.1887064
43,795,4.2881956
43,810,4.4179463
43,825,4.574802
43,840,4.7558737
43,855,4.9585032
43,870,5.180249
43,885,5.418857
43,900,5.6722503
43,915,5.93852
43,930,6.215891
43,945,6.483005
43,960,6.7094007
43,975,6.899071
43,990,7.0567484
43,1005,7.185623
43,1020,7.2882824
43,1035,7.367048
43,1050,7.424039
43,1065,7.4612145
43,1080,7.480378
43,1095,7.4832177
43,1110,7.471296
43,1125,7.446053
43,1140,7.4088182
43,1155,7.360815
43,1170,7.303173
43,1185,7.236934
43,1200,7.1630564
43,1215,7.0824223
43,1230,6.9958396
43,1245,6.9040546
43,1260,6.8077517
43,1275,6.707552
43,1290,6.6040316
43,1305,6.497705
43,1320,6.389057
43,1335,6.2785163
43,1350,6.1664877
43,1365,6.053328
43,1380,5.939373
43,1395,5.8249187
43,1410,5.71024
43,1425,5.595581
43,1440,5.481165
43,1455,5.3827724
43,1470,5.3330674
43,1485,5.3283286
43,1500,5.3625197
43,1515,5.4313145
43,1530,5.531165
43,1545,5.6588798
43,1560,5.8115597
43,1575,5.986544
43,1590,6.18137
43,1605,6.3937597
43,1620,6.6216183
43,1635,6.8630223
43,1650,7.1161804
43,1665,7.359724
43,1680,7.5631623
43,1695,7.730481
43,1710,7.8663926
43,1725,7.9740973
43,1740,8.0561
43,1755,8.114764
43,1770,8.152196
43,1785,8.170312
43,1800,8.170912
43,1815,8.155681
43,1830,8.126168
43,1845,8.083798
43,1860,8.029884
43,1875,7.9656405
43,1890,7.89219
43,1905,7.810562
43,1920,7.721706
43,1935,7.6264887
43,1950,7.5257053
43,1965,7.420095
43,1980,7.310321
43,1995,7.1970043
43,2010,7.080707
43,2025,6.9619427
43,2040,6.841185
43,2055,6.7188587
43,2070,6.5953546
43,2085,6.4710283
43,2100,6.3462
43,2115,6.2211633
43,2130,6.096183
43,2145,5.971502
43,2160,5.8473268
43,2175,5.73943
43,2190,5.6804733
43,2205,5.666729
43,2220,5.692155
43,2235,5.7524176
43,2250,5.843962
43,2265,5.963595
43,2280,6.108411
43,2295,6.275742
43,2310,6.4631186
43,2325,6.6682577
43,2340,6.8890605
43,2355,7.123598
43,2370,7.370072
43,2385,7.6071124
43,2400,7.804219
43,2415,7.965375
43,2430,8.095287
43,2445,8.197152
43,2460,8.273471
43,2475,8.326598
43,2490,8.358641
43,2505,8.371511
43,2520,8.3670025
43,2535,8.346796
43,2550,8.312439
43,2565,8.265352
43,2580,8.206845
43,2595,8.138128
43,2610,8.060322
43,2625,7.974451
43,2640,7.8814645
43,2655,7.782223
43,2670,7.6775227
43,2685,7.568096
43,2700,7.4546056
43,2715,7.33767
43,2730,7.217847
43,2745,7.0956492
43,2760,6.9715476
43,2775,6.845963
43,2790,6.719287
43,2805,6.5918703
43,2820,6.464031
43,2835,6.336063
43,2850,6.2082253
43,2865,6.080762
43,2880,5.9538774
43,2895,5.843341
43,2910,5.781812
43,2925,5.7655635
43,2940,5.78855
43,2955,5.8464365
43,2970,5.935659
43,2985,6.0530353
43,3000,6.1956635
43,3015,6.360864
43,3030,6.54616
43,3045,6.74927
43,3060,6.968095
43,3075,7.2007036
43,3090,7.4453034
43,3105,7.68052
43,3120,7.8758492
43,3135,8.035274
43,3150,8.1635
43,3165,8.263721
43,3180,8.338438
43,3195,8.390004
43,3210,8.420527
43,3225,8.431915
43,3240,8.425962
43,3255,8.404348
43,3270,8.368619
43,3285,8.320195
43,3300,8.260384
43,3315,8.190396
43,3330,8.111351
43,3345,8.024272
43,3360,7.930108
43,3375,7.829719
43,3390,7.7239
43,3405,7.613382
43,3420,7.4988275
43,3435,7.3808546
43,3450,7.2600203
43,3465,7.136836
43,3480,7.0117726
43,3495,6.8852506
43,3510,6.75766
43,3525,6.629351
43,3540,6.5006423
43,3555,6.3718257
43,3570,6.243161
43,3585,6.1148906
43,3600,5.98722
43,3615,5.875915
43,3630,5.813638
43,3645,5.7966595
43,3660,5.818934
43,3675,5.8761263
43,3690,5.9646716
43,3705,6.0813875
43,3720,6.223372
43,3735,6.3879447
43,3750,6.5726285
43,3765,6.775141
43,3780,6.9933834
43,3795,7.2254243
43,3810,7.46947
43,3825,7.7041464
43,3840,7.898948
43,3855,8.057858
43,3870,8.185582
43,3885,8.285314
43,3900,8.359553
43,3915,8.410653
43,3930,8.440721
43,3945,8.451665
43,3960,8.445278
43,3975,8.423241
43,3990,8.387099
43,4005,8.338271
43,4020,8.278067
43,4035,8.207695
43,4050,8.128273
43,4065,8.040829
43,4080,7.946306
43,4095,7.8455677
43,4110,7.739407
43,4125,7.628556
43,4140,7.5136757
43,4155,7.3953853
43,4170,7.27424
43,4185,7.1507525
43,4200,7.025393
43,4215,6.8985815
43,4230,6.770708
43,4245,6.6421227
43,4260,6.5131445
43,4275,6.384064
43,4290,6.2551417
43,4305,6.1266193
43,4320,5.998703
43,4335,5.887158
43,4350,5.8246465
43,4365,5.8074384
43,4380,5.8294888
43,4395,5.886462
43,4410,5.974794
43,4425,6.0913005
43,4440,6.233081
43,4455,6.3974543
43,4470,6.581943
43,4485,6.7842655
43,4500,7.0023217
43,4515,7.2341805
43,4530,7.478049
43,4545,7.7125516
43,4560,7.9071836
43,4575,8.065928
43,4590,8.19349
43,4605,8.293063
43,4620,8.367148
43,4635,8.418096
43,4650,8.448015
43,4665,8.458815
43,4680,8.452287
43,4695,8.43011
43,4710,8.393832
43,4725,8.344872
43,4740,8.284537
43,4755,8.214039
43,4770,8.134493
43,4785,8.0469265
43,4800,7.952286
43,4815,7.8514304
43,4830,7.7451563
43,4845,7.634193
43,4860,7.519204
43,4875,7.400807
43,4890,7.279557
43,4905,7.1559677
43,4920,7.0305076
43,4935,6.903598
43,4950,6.7756286
43,4965,6.64695
43,4980,6.5178795
43,4995,6.388709
43,5010,6.2596984
43,5025,6.1310897
43,5040,6.0030885
43,5055,5.891461
43,5070,5.8288684
43,5085,5.811581
43,5100,5.833554
43,5115,5.890451
43,5130,5.9787083
43,5145,6.095142
43,5160,6.2368507
43,5175,6.4011545
43,5190,6.585575
43,5205,6.78783
43,5220,7.0058208
43,5235,7.2376156
43,5250,7.481421
43,5265,7.715862
43,5280,7.910434
43,5295,8.0691185
43,5310,8.196623
43,5325,8.29614
43,5340,8.370169
43,5355,8.421062
43,5370,8.450928
43,5385,8.461675
43,5400,8.455095
43,5415,8.432869
43,5430,8.396542
43,5445,8.347533
43,5460,8.287151
43,5475,8.216606
43,5490,8.137014
43,5505,8.049403
43,5520,7.9547186
43,5535,7.853821
43,5550,7.747504
43,5565,7.6365
43,5580,7.5214705
43,5595,7.4030333
43,5610,7.2817445
43,5625,7.158117
43,5640,7.032619
43,5655,6.9056726
43,5670,6.7776675
43,5685,6.648953
43,5700,6.519848
43,5715,6.390643
43,5730,6.261599
43,5745,6.132958
43,5760,6.0049243
43,5775,5.8932652
43,5790,5.8306413
43,5805,5.8133235
43,5820,5.835266
43,5835,5.892134
43,5850,5.980363
43,5865,6.0967684
43,5880,6.2384496
43,5895,6.402726
43,5910,6.58712
43,5925,6.789349
43,5940,7.007314
43,5955,7.239084
43,5970,7.4828644
43,5985,7.717281
43,6000,7.911829
43,6015,8.070491
43,6030,8.197972
43,6045,8.297466
43,6060,8.371473
43,6075,8.422345
43,6090,8.452189
43,6105,8.462915
43,6120,8.456315
43,6135,8.434069
43,6150,8.397722
43,6165,8.348694
43,6180,8.288293
43,6195,8.217729
43,6210,8.13812
43,6225,8.05049
43,6240,7.955787
43,6255,7.8548717
43,6270,7.748538
43,6285,7.637517
43,6300,7.522471
43,6315,7.4040174
43,6330,7.2827125
43,6345,7.159069
43,6360,7.033556
43,6375,6.9065943
43,6390,6.778574
43,6405,6.649845
43,6420,6.5207253
43,6435,6.3915067
43,6450,6.262449
43,6465,6.1337934
43,6480,6.0057464
43,6495,5.878501
43,6510,5.752234
43,6525,5.6270804
43,6540,5.5031834
43,6555,5.3806634
43,6570,5.2596145
43,6585,5.1401362
43,6600,5.022308
43,6615,4.906201
43,6630,4.7918715
43,6645,4.679375
43,6660,4.5687575
43,6675,4.460047
43,6690,4.353274
43,6705,4.2484612
43,6720,4.14562
43,6735,4.04476
43,6750,3.945886
43,6765,3.848997
43,6780,3.7540894
43,6795,3.661155
43,6810,3.5701842
43,6825,3.4811645
43,6840,3.3940792
43,6855,3.308911
43,6870,3.2256415
43,6885,3.144247
43,6900,3.0647054
43,6915,2.9869921
43,6930,2.9110806
43,6945,2.8369443
43,6960,2.764555
43,6975,2.693884
43,6990,2.6249022
43,7005,2.5575802
43,7020,2.491887
43,7035,2.427793
43,7050,2.3652685
43,7065,2.3042822
43,7080,2.2448022
43,7095,2.1867995
43,7110,2.1302443
43,7125,2.0751066
43,7140,2.0213552
43,7155,1.9689604
43,7170,1.9178923
43,7185,1.8681215
43,7200,1.8196181
44,0,0
44,3,0.00015468762
44,6,0.0011377096
44,9,0.0034448088
44,12,0.0073155593
44,15,0.012833051
44,18,0.019997919
44,21,0.028772429
44,24,0.039104555
44,27,0.05093947
44,30,0.064224504
44,33,0.078911275
44,36,0.094955966
44,39,0.11231908
44,42,0.13096482
44,45,0.1508604
44,48,0.17197545
44,51,0.19428152
44,54,0.21775174
44,57,0.24236046
44,60,0.2680832
44,63,0.29489645
44,66,0.32277718
44,69,0.35170323
44,72,0.38165277
44,75,0.41260436
44,78,0.44453716
44,81,0.47743058
44,84,0.5112643
44,87,0.54601866
44,90,0.5816739
44,93,0.618211
44,96,0.6556109
44,99,0.6938549
44,102,0.73292476
44,105,0.7728022
44,108,0.81346935
44,111,0.8549087
44,114,0.89710295
44,117,0.9400348
44,120,0.98368764
44,135,1.2121959
44,150,1.4563502
44,165,1.714322
44,180,1.9844242
44,195,2.2651026
44,210,2.554905
44,225,2.8362873
44,240,3.0852506
44,255,3.305073
44,270,3.4991813
44,285,3.66984
44,300,3.8189304
44,315,3.948138
44,330,4.059038
44,345,4.1531086
44,360,4.2317286
44,375,4.2961793
44,390,4.347653
44,405,4.3872576
44,420,4.416021
44,435,4.4348955
44,450,4.4447665
44,465,4.446447
44,480,4.440695
44,495,4.428202
44,510,4.4096146
44,525,4.385527
44,540,4.356486
44,555,4.323002
44,570,4.2855377
44,585,4.244527
44,600,4.2003655
44,615,4.1534176
44,630,4.1040206
44,645,4.052482
44,660,3.9990928
44,675,3.9441068
44,690,3.8877604
44,705,3.8302877
44,720,3.7718709
44,735,3.725493
44,750,3.7171228
44,765,3.7435546
44,780,3.8002892
44,795,3.884172
44,810,3.9925635
44,825,4.1230845
44,840,4.273527
44,855,4.441841
44,870,4.6261272
44,885,4.8246293
44,900,5.0357223
44,915,5.2579055
44,930,5.489778
44,945,5.713853
44,960,5.906132
44,975,6.0699496
44,990,6.2087626
44,1005,6.324859
44,1020,6.420122
44,1035,6.4962726
44,1050,6.554904
44,1065,6.5975
44,1080,6.625442
44,1095,6.6400256
44,1110,6.642452
44,1125,6.633832
44,1140,6.6151958
44,1155,6.5874944
44,1170,6.55161
44,1185,6.5083547
44,1200,6.458482
44,1215,6.402685
44,1230,6.341605
44,1245,6.275829
44,1260,6.2058997
44,1275,6.132317
44,1290,6.055544
44,1305,5.976
44,1320,5.894073
44,1335,5.81012
44,1350,5.72446
44,1365,5.6373987
44,1380,5.5492015
44,1395,5.460141
44,1410,5.370431
44,1425,5.2802625
44,1440,5.189831
44,1455,5.1121235
44,1470,5.073075
44,1485,5.069469
44,1500,5.09683
44,1515,5.1519647
44,1530,5.232234
44,1545,5.3352427
44,1560,5.458771
44,1575,5.600757
44,1590,5.7592926
44,1605,5.9326105
44,1620,6.1190763
44,1635,6.3171787
44,1650,6.5255046
44,1665,6.726558
44,1680,6.896319
44,1695,7.038121
44,1710,7.155407
44,1725,7.250475
44,1740,7.325142
44,1755,7.38116
44,1770,7.4201236
44,1785,7.443475
44,1800,7.452589
44,1815,7.4487753
44,1830,7.4332147
44,1845,7.4070044
44,1860,7.3711696
44,1875,7.3266573
44,1890,7.2743416
44,1905,7.215027
44,1920,7.1494517
44,1935,7.078296
44,1950,7.0021944
44,1965,6.92173
44,1980,6.8374434
44,1995,6.749827
44,2010,6.6593313
44,2025,6.5663695
44,2040,6.4713206
44,2055,6.374535
44,2070,6.276334
44,2085,6.1770086
44,2100,6.076827
44,2115,5.9760323
44,2130,5.8748465
44,2145,5.77347
44,2160,5.6720877
44,2175,5.583697
44,2190,5.5342035
44,2205,5.5203924
44,2220,5.5377755
44,2235,5.5831585
44,2250,5.6539006
44,2265,5.747598
44,2280,5.8620124
44,2295,5.9950895
44,2310,6.1449265
44,2325,6.309748
44,2340,6.4879084
44,2355,6.6778917
44,2370,6.878282
44,2385,7.071581
44,2400,7.2337594
44,2415,7.3681526
44,2430,7.478195
44,2445,7.566184
44,2460,7.63393
44,2475,7.6831813
44,2490,7.71553
44,2505,7.732417
44,2520,7.7352104
44,2535,7.7252164
44,2550,7.7036138
44,2565,7.671497
44,2580,7.629887
44,2595,7.579728
44,2610,7.521892
44,2625,7.4571815
44,2640,7.38633
44,2655,7.3100166
44,2670,7.22887
44,2685,7.1434717
44,2700,7.054361
44,2715,6.9620275
44,2730,6.8669205
44,2745,6.7694497
44,2760,6.669992
44,2775,6.5688953
44,2790,6.4664774
44,2805,6.36303
44,2820,6.2588177
44,2835,6.154081
44,2850,6.049041
44,2865,5.9438953
44,2880,5.8388286
44,2895,5.7468333
44,2910,5.6938157
44,2925,5.67656
44,2940,5.6905737
44,2955,5.732663
44,2970,5.800188
44,2985,5.890741
44,3000,6.0020638
44,3015,6.132142
44,3030,6.279059
44,3045,6.441002
44,3060,6.616334
44,3075,6.8035684
44,3090,7.0012784
44,3105,7.1919475
44,3120,7.3515553
44,3135,7.483435
44,3150,7.591021
44,3165,7.676585
44,3180,7.741995
44,3195,7.788957
44,3210,7.8190475
44,3225,7.833739
44,3240,7.8343964
44,3255,7.822301
44,3270,7.798642
44,3285,7.7645183
44,3300,7.720946
44,3315,7.6688623
44,3330,7.609137
44,3345,7.5425735
44,3360,7.469912
44,3375,7.391836
44,3390,7.3089733
44,3405,7.2219014
44,3420,7.131149
44,3435,7.0372047
44,3450,6.9405155
44,3465,6.8414955
44,3480,6.7405224
44,3495,6.637944
44,3510,6.534078
44,3525,6.429213
44,3540,6.323614
44,3555,6.217521
44,3570,6.1111536
44,3585,6.0047107
44,3600,5.898373
44,3615,5.8051376
44,3630,5.750905
44,3645,5.732461
44,3660,5.745312
44,3675,5.786264
44,3690,5.852678
44,3705,5.9421277
44,3720,6.0523963
44,3735,6.1814246
44,3750,6.3273
44,3765,6.488249
44,3780,6.662624
44,3795,6.8489056
44,3810,7.0456753
44,3825,7.235433
44,3840,7.394149
44,3855,7.525155
44,3870,7.631887
44,3885,7.7166147
44,3900,7.781206
44,3915,7.827368
44,3930,7.856674
44,3945,7.8705993
44,3960,7.8705063
44,3975,7.8576765
44,3990,7.833298
44,4005,7.798471
44,4020,7.7542095
44,4035,7.701452
44,4050,7.6410666
44,4065,7.573857
44,4080,7.5005627
44,4095,7.4218674
44,4110,7.3383985
44,4125,7.2507334
44,4140,7.1593995
44,4155,7.064887
44,4170,6.967641
44,4185,6.868076
44,4200,6.766569
44,4215,6.663468
44,4230,6.55909
44,4245,6.453724
44,4260,6.3476343
44,4275,6.241061
44,4290,6.1342235
44,4305,6.02732
44,4320,5.9205317
44,4335,5.8268547
44,4350,5.7721896
44,4365,5.7533226
44,4380,5.765759
44,4395,5.8063054
44,4410,5.8723226
44,4425,5.9613833
44,4440,6.0712705
44,4455,6.199926
44,4470,6.345436
44,4485,6.506027
44,4500,6.6800523
44,4515,6.865992
44,4530,7.062426
44,4545,7.251856
44,4560,7.41025
44,4575,7.5409417
44,4590,7.647365
44,4605,7.7317915
44,4620,7.7960873
44,4635,7.8419595
44,4650,7.8709826
44,4665,7.8846297
44,4680,7.8842645
44,4695,7.871168
44,4710,7.846529
44,4725,7.811446
44,4740,7.766934
44,4755,7.713931
44,4770,7.653305
44,4785,7.58586
44,4800,7.512335
44,4815,7.433414
44,4830,7.3497233
44,4845,7.2618413
44,4860,7.1702943
44,4875,7.0755734
44,4890,6.978123
44,4905,6.878358
44,4920,6.776655
44,4935,6.6733613
44,4950,6.568795
44,4965,6.4632444
44,4980,6.356974
44,4995,6.2502236
44,5010,6.143212
44,5025,6.036138
44,5040,5.929183
44,5055,5.8353424
44,5070,5.780517
44,5085,5.7614927
44,5100,5.7737756
44,5115,5.814171
44,5130,5.88004
44,5145,5.968956
44,5160,6.0787015
44,5175,6.207217
44,5190,6.352591
44,5205,6.5130486
44,5220,6.686943
44,5235,6.8727546
44,5250,7.0690627
44,5265,7.258369
44,5280,7.416642
44,5295,7.547216
44,5310,7.6535234
44,5325,7.737836
44,5340,7.80202
44,5355,7.8477826
44,5370,7.876699
44,5385,7.890241
44,5400,7.889773
44,5415,7.8765755
44,5430,7.851837
44,5445,7.816657
44,5460,7.77205
44,5475,7.718953
44,5490,7.658236
44,5505,7.5907006
44,5520,7.5170875
44,5535,7.4380803
44,5550,7.354305
44,5565,7.2663393
44,5580,7.174711
44,5595,7.0799103
44,5610,6.9823813
44,5625,6.8825393
44,5640,6.7807612
44,5655,6.6773934
44,5670,6.5727544
44,5685,6.4671326
44,5700,6.360792
44,5715,6.253973
44,5730,6.146894
44,5745,6.0397544
44,5760,5.9327345
44,5775,5.8388305
44,5790,5.7839427
44,5805,5.764857
44,5820,5.7770796
44,5835,5.817416
44,5850,5.883228
44,5865,5.972087
44,5880,6.0817766
44,5895,6.2102385
44,5910,6.3555584
44,5925,6.5159636
44,5940,6.6898065
44,5955,6.8755674
44,5970,7.0718265
44,5985,7.2610846
44,6000,7.41931
44,6015,7.5498366
44,6030,7.6560984
44,6045,7.7403655
44,6060,7.804506
44,6075,7.8502254
44,6090,7.8790984
44,6105,7.892599
44,6120,7.89209
44,6135,7.8788524
44,6150,7.854075
44,6165,7.818856
44,6180,7.7742105
44,6195,7.7210765
44,6210,7.6603227
44,6225,7.5927515
44,6240,7.519103
44,6255,7.4400606
44,6270,7.3562512
44,6285,7.2682524
44,6300,7.1765914
44,6315,7.081758
44,6330,6.9841976
44,6345,6.884324
44,6360,6.7825155
44,6375,6.6791177
44,6390,6.5744495
44,6405,6.4687986
44,6420,6.3624296
44,6435,6.255583
44,6450,6.1484766
44,6465,6.04131
44,6480,5.9342637
44,6495,5.827502
44,6510,5.7211723
44,6525,5.6154075
44,6540,5.5103292
44,6555,5.406049
44,6570,5.3026543
44,6585,5.200239
44,6600,5.0988865
44,6615,4.998651
44,6630,4.8996015
44,6645,4.8017936
44,6660,4.705267
44,6675,4.610062
44,6690,4.516214
44,6705,4.4237504
44,6720,4.332692
44,6735,4.2430587
44,6750,4.154865
44,6765,4.0681195
44,6780,3.9828317
44,6795,3.8990057
44,6810,3.8166413
44,6825,3.7357392
44,6840,3.656297
44,6855,3.5783074
44,6870,3.5017638
44,6885,3.4266589
44,6900,3.3529809
44,6915,3.2807176
44,6930,3.209857
44,6945,3.1403844
44,6960,3.0722845
44,6975,3.005541
44,6990,2.9401376
44,7005,2.8760562
44,7020,2.8132792
44,7035,2.7517884
44,7050,2.6915643
44,7065,2.632588
44,7080,2.5748403
44,7095,2.5183015
44,7110,2.4629514
44,7125,2.4087706
44,7140,2.3557389
44,7155,2.3038359
44,7170,2.253042
44,7185,2.203337
44,7200,2.1547008
45,0,0
45,3,0.00017432714
45,6,0.00124371
45,9,0.0037362482
45,12,0.007905847
45,15,0.013840021
45,18,0.021539949
45,21,0.030967373
45,24,0.042069156
45,27,0.054789383
45,30,0.069074
45,33,0.08487299
45,36,0.10214073
45,39,0.12083575
45,42,0.14092025
45,45,0.16235946
45,48,0.18512103
45,51,0.20917456
45,54,0.23449124
45,57,0.2610436
45,60,0.28880534
45,63,0.317751
45,66,0.34785601
45,69,0.37909648
45,72,0.41144925
45,75,0.44489154
45,78,0.47940114
45,81,0.5149561
45,84,0.551535
45,87,0.58911663
45,90,0.6276802
45,93,0.6672053
45,96,0.7076717
45,99,0.7490598
45,102,0.7913501
45,105,0.8345235
45,108,0.87856084
45,111,0.92344356
45,114,0.9691535
45,117,1.015673
45,120,1.0629843
45,135,1.3108089
45,150,1.5759103
45,165,1.8563563
45,180,2.1503608
45,195,2.4562776
45,210,2.772563
45,225,3.0803263
45,240,3.3539002
45,255,3.5965552
45,270,3.811878
45,285,4.0023146
45,300,4.1698475
45,315,4.3162694
45,330,4.4432282
45,345,4.5522614
45,360,4.6448064
45,375,4.722201
45,390,4.78569
45,405,4.8364263
45,420,4.875482
45,435,4.9038515
45,450,4.922456
45,465,4.9321494
45,480,4.933722
45,495,4.9279065
45,510,4.915383
45,525,4.8967714
45,540,4.8726573
45,555,4.843564
45,570,4.809992
45,585,4.7723885
45,600,4.7311797
45,615,4.6867485
45,630,4.639456
45,645,4.5896287
45,660,4.5375714
45,675,4.4835634
45,690,4.4278603
45,705,4.3707
45,720,4.3122954
45,735,4.266683
45,750,4.261621
45,765,4.29392
45,780,4.3588567
45,795,4.4530535
45,810,4.5736895
45,825,4.718247
45,840,4.8844023
45,855,5.0699873
45,870,5.2729993
45,885,5.4915895
45,900,5.724046
45,915,5.968788
45,930,6.22433
45,945,6.471837
45,960,6.685671
45,975,6.8691463
45,990,7.0258865
45,1005,7.158369
45,1020,7.2686024
45,1035,7.358402
45,1050,7.429441
45,1065,7.4832754
45,1080,7.5213523
45,1095,7.5450206
45,1110,7.5555387
45,1125,7.554071
45,1140,7.5416956
45,1155,7.519412
45,1170,7.4881434
45,1185,7.448747
45,1200,7.402015
45,1215,7.3486824
45,1230,7.28942
45,1245,7.224855
45,1260,7.1555543
45,1275,7.0820518
45,1290,7.004832
45,1305,6.924345
45,1320,6.8410053
45,1335,6.7551937
45,1350,6.667262
45,1365,6.5775285
45,1380,6.486294
45,1395,6.3938227
45,1410,6.300372
45,1425,6.2061644
45,1440,6.111401
45,1455,6.030105
45,1470,5.990041
45,1485,5.987992
45,1500,6.019249
45,1515,6.0804114
45,1530,6.1686726
45,1545,6.281471
45,1560,6.41647
45,1575,6.5715127
45,1590,6.744592
45,1605,6.9338474
45,1620,7.1375527
45,1635,7.354113
45,1650,7.5820312
45,1665,7.8024673
45,1680,7.989767
45,1695,8.147238
45,1710,8.278491
45,1725,8.385994
45,1740,8.471745
45,1755,8.537548
45,1770,8.58507
45,1785,8.615858
45,1800,8.631347
45,1815,8.632879
45,1830,8.621702
45,1845,8.598971
45,1860,8.565758
45,1875,8.523051
45,1890,8.471768
45,1905,8.412759
45,1920,8.346803
45,1935,8.274627
45,1950,8.196897
45,1965,8.114228
45,1980,8.027193
45,1995,7.9363112
45,2010,7.842066
45,2025,7.7448974
45,2040,7.6452117
45,2055,7.5433826
45,2070,7.439752
45,2085,7.334636
45,2100,7.228323
45,2115,7.121078
45,2130,7.0131435
45,2145,6.9047403
45,2160,6.7960706
45,2175,6.7011633
45,2190,6.647732
45,2205,6.632613
45,2220,6.6510563
45,2235,6.699673
45,2250,6.775641
45,2265,6.8763785
45,2280,6.9995704
45,2295,7.1430516
45,2310,7.304805
45,2325,7.4829655
45,2340,7.675801
45,2355,7.8817115
45,2370,8.099199
45,2385,8.309418
45,2400,8.486708
45,2415,8.634371
45,2430,8.756015
45,2445,8.854104
45,2460,8.93063
45,2475,8.987394
45,2490,9.026059
45,2505,9.048168
45,2520,9.055153
45,2535,9.048351
45,2550,9.029009
45,2565,8.998275
45,2580,8.957218
45,2595,8.906825
45,2610,8.848011
45,2625,8.781619
45,2640,8.708428
45,2655,8.629162
45,2670,8.544483
45,2685,8.455005
45,2700,8.361293
45,2715,8.26387
45,2730,8.16321
45,2745,8.05976
45,2760,7.9539137
45,2775,7.846051
45,2790,7.736503
45,2805,7.6255913
45,2820,7.5135937
45,2835,7.4007797
45,2850,7.287384
45,2865,7.1736307
45,2880,7.0597143
45,2895,6.9596806
45,2910,6.9011955
45,2925,6.8811374
45,2940,6.894742
45,2955,6.938606
45,2970,7.0098968
45,2985,7.106088
45,3000,7.2248406
45,3015,7.3639646
45,3030,7.521438
45,3045,7.695397
45,3060,7.8841105
45,3075,8.085984
45,3090,8.29952
45,3105,8.50587
45,3120,8.679367
45,3135,8.823313
45,3150,8.941314
45,3165,9.035831
45,3180,9.108858
45,3195,9.162191
45,3210,9.197494
45,3225,9.216306
45,3240,9.220059
45,3255,9.210092
45,3270,9.187643
45,3285,9.153865
45,3300,9.109824
45,3315,9.056506
45,3330,8.994823
45,3345,8.925619
45,3360,8.849671
45,3375,8.767702
45,3390,8.680373
45,3405,8.588296
45,3420,8.492036
45,3435,8.392116
45,3450,8.289006
45,3465,8.183156
45,3480,8.074955
45,3495,7.964784
45,3510,7.8529725
45,3525,7.7398415
45,3540,7.6256676
45,3555,7.5107203
45,3570,7.395232
45,3585,7.279427
45,3600,7.1634994
45,3615,7.061491
45,3630,7.0010734
45,3645,6.9791193
45,3660,6.9908643
45,3675,7.0329056
45,3690,7.1024146
45,3705,7.1968656
45,3720,7.313895
45,3735,7.4513273
45,3750,7.6071467
45,3765,7.779487
45,3780,7.9666195
45,3795,8.1669445
45,3810,8.378959
45,3825,8.583813
45,3840,8.755844
45,3855,8.898353
45,3870,9.014945
45,3885,9.108082
45,3900,9.179753
45,3915,9.231759
45,3930,9.2657585
45,3945,9.283293
45,3960,9.285794
45,3975,9.274597
45,3990,9.250944
45,4005,9.215984
45,4020,9.170784
45,4035,9.116329
45,4050,9.053533
45,4065,8.983234
45,4080,8.906215
45,4095,8.823196
45,4110,8.734838
45,4125,8.641755
45,4140,8.544504
45,4155,8.443607
45,4170,8.339538
45,4185,8.232735
45,4200,8.123604
45,4215,8.012514
45,4230,7.89981
45,4245,7.7858
45,4260,7.670771
45,4275,7.5549836
45,4290,7.4386754
45,4305,7.322064
45,4320,7.2053475
45,4335,7.1025696
45,4350,7.041398
45,4365,7.0187035
45,4380,7.0297217
45,4395,7.0710497
45,4410,7.139859
45,4425,7.2336245
45,4440,7.349981
45,4455,7.4867525
45,4470,7.6419244
45,4485,7.8136296
45,4500,8.000138
45,4515,8.199852
45,4530,8.411266
45,4545,8.615532
45,4560,8.786985
45,4575,8.928928
45,4590,9.044965
45,4605,9.137556
45,4620,9.208693
45,4635,9.260173
45,4650,9.293657
45,4665,9.310686
45,4680,9.312691
45,4695,9.301007
45,4710,9.276876
45,4725,9.241448
45,4740,9.195787
45,4755,9.140882
45,4770,9.077641
45,4785,9.006907
45,4800,8.9294615
45,4815,8.846024
45,4830,8.757254
45,4845,8.663768
45,4860,8.566121
45,4875,8.464835
45,4890,8.360384
45,4905,8.253206
45,4920,8.143708
45,4935,8.032257
45,4950,7.9191985
45,4965,7.804841
45,4980,7.689471
45,4995,7.5733485
45,5010,7.4567113
45,5025,7.339777
45,5040,7.222744
45,5055,7.1196547
45,5070,7.058178
45,5085,7.0351834
45,5100,7.045908
45,5115,7.086947
45,5130,7.1554737
45,5145,7.2489605
45,5160,7.365044
45,5175,7.501548
45,5190,7.6564574
45,5205,7.8279047
45,5220,8.014161
45,5235,8.213626
45,5250,8.424796
45,5265,8.628823
45,5280,8.800042
45,5295,8.941754
45,5310,9.057565
45,5325,9.149934
45,5340,9.220853
45,5355,9.2721195
45,5370,9.305393
45,5385,9.322216
45,5400,9.3240185
45,5415,9.312137
45,5430,9.28781
45,5445,9.252191
45,5460,9.206342
45,5475,9.151251
45,5490,9.08783
45,5505,9.016918
45,5520,8.939297
45,5535,8.855687
45,5550,8.766748
45,5565,8.673098
45,5580,8.575288
45,5595,8.473843
45,5610,8.369234
45,5625,8.261903
45,5640,8.152253
45,5655,8.040654
45,5670,7.927449
45,5685,7.812948
45,5700,7.6974373
45,5715,7.5811768
45,5730,7.4644036
45,5745,7.3473363
45,5760,7.230172
45,5775,7.126954
45,5790,7.065351
45,5805,7.042233
45,5820,7.0528355
45,5835,7.093755
45,5850,7.162164
45,5865,7.2555356
45,5880,7.371506
45,5895,7.507899
45,5910,7.6626987
45,5925,7.834039
45,5940,8.02019
45,5955,8.219552
45,5970,8.430621
45,5985,8.634547
45,6000,8.805669
45,6015,8.947286
45,6030,9.063001
45,6045,9.155277
45,6060,9.226106
45,6075,9.277282
45,6090,9.310469
45,6105,9.327206
45,6120,9.328923
45,6135,9.316957
45,6150,9.29255
45,6165,9.256849
45,6180,9.210921
45,6195,9.155753
45,6210,9.092255
45,6225,9.021269
45,6240,8.943574
45,6255,8.859892
45,6270,8.770883
45,6285,8.677161
45,6300,8.579283
45,6315,8.477771
45,6330,8.3730955
45,6345,8.265699
45,6360,8.155986
45,6375,8.044324
45,6390,7.9310575
45,6405,7.8164954
45,6420,7.700925
45,6435,7.5846057
45,6450,7.4677753
45,6465,7.3506513
45,6480,7.2334313
45,6495,7.116296
45,6510,6.999409
45,6525,6.8829174
45,6540,6.766956
45,6555,6.6516504
45,6570,6.5371065
45,6585,6.423418
45,6600,6.3106833
45,6615,6.198989
45,6630,6.0883837
45,6645,5.9789443
45,6660,5.870731
45,6675,5.763791
45,6690,5.658157
45,6705,5.5538726
45,6720,5.4509716
45,6735,5.3494744
45,6750,5.249403
45,6765,5.150776
45,6780,5.053607
45,6795,4.9579043
45,6810,4.863677
45,6825,4.770929
45,6840,4.6796613
45,6855,4.5898733
45,6870,4.5015645
45,6885,4.414731
45,6900,4.329363
45,6915,4.2454557
45,6930,4.163001
45,6945,4.0819864
45,6960,4.0024004
45,6975,3.9242308
45,6990,3.8474643
45,7005,3.772085
45,7020,3.6980782
45,7035,3.6254277
45,7050,3.5541174
45,7065,3.4841294
45,7080,3.415447
45,7095,3.3480525
45,7110,3.281927
45,7125,3.217053
45,7140,3.153412
45,7155,3.0909858
45,7170,3.0297549
45,7185,2.9697008
45,7200,2.9108055
46,0,0
46,3,0.00018886829
46,6,0.0013729898
46,9,0.0041501075
46,12,0.008816179
46,15,0.0154784955
46,18,0.0241411
46,21,0.03475847
46,24,0.047264658
46,27,0.061588995
46,30,0.07766276
46,33,0.09542223
46,36,0.1148093
46,39,0.13577133
46,42,0.15826045
46,45,0.18223272
46,48,0.20764738
46,51,0.23446608
46,54,0.26265246
46,57,0.29217187
46,60,0.32299095
46,63,0.3550775
46,66,0.3884005
46,69,0.4229293
46,72,0.4586347
46,75,0.49548748
46,78,0.5334594
46,81,0.5725225
46,84,0.61264926
46,87,0.6538128
46,90,0.6959865
46,93,0.7391445
46,96,0.7832611
46,99,0.8283113
46,102,0.8742705
46,105,0.9211142
46,108,0.96881825
46,111,1.0173595
46,114,1.066715
46,117,1.1168624
46,120,1.1677796
46,135,1.4331472
46,150,1.7146198
46,165,2.0098197
46,180,2.3165758
46,195,2.6329124
46,210,2.9570065
46,225,3.267636
46,240,3.5356643
46,255,3.7654047
46,270,3.961569
46,285,4.1274195
46,300,4.2656684
46,315,4.378787
46,330,4.469051
46,345,4.5385737
46,360,4.589321
46,375,4.6231065
46,390,4.6416
46,405,4.646344
46,420,4.6387563
46,435,4.6201425
46,450,4.591696
46,465,4.5545135
46,480,4.509603
46,495,4.4578857
46,510,4.4002037
46,525,4.337329
46,540,4.269966
46,555,4.1987553
46,570,4.1242814
46,585,4.047085
46,600,3.9676409
46,615,3.8863928
46,630,3.8037403
46,645,3.7200239
46,660,3.635587
46,675,3.5507045
46,690,3.4656425
46,705,3.38064
46,720,3.295909
46,735,3.2271197
46,750,3.2056944
46,765,3.2274263
46,780,3.286287
46,795,3.377941
46,810,3.498749
46,825,3.6454
46,840,3.8148937
46,855,4.004476
46,870,4.211584
46,885,4.4338803
46,900,4.6692343
46,915,4.9157014
46,930,5.171477
46,945,5.4153466
46,960,5.618167
46,975,5.784263
46,990,5.918338
46,1005,6.0236506
46,1020,6.102901
46,1035,6.15855
46,1050,6.1928606
46,1065,6.2079287
46,1080,6.205696
46,1095,6.1879587
46,1110,6.1563663
46,1125,6.1124353
46,1140,6.0575576
46,1155,5.993014
46,1170,5.919976
46,1185,5.8395176
46,1200,5.7526126
46,1215,5.660157
46,1230,5.562961
46,1245,5.4617696
46,1260,5.3572583
46,1275,5.250044
46,1290,5.140682
46,1305,5.029679
46,1320,4.9174886
46,1335,4.804521
46,1350,4.691147
46,1365,4.577698
46,1380,4.4644694
46,1395,4.3517294
46,1410,4.2397175
46,1425,4.128638
46,1440,4.0186834
46,1455,3.9255
46,1470,3.8804808
46,1485,3.8793993
46,1500,3.9162014
46,1515,3.9865294
46,1530,4.08672
46,1545,4.21345
46,1560,4.363696
46,1575,4.534673
46,1590,4.723807
46,1605,4.9287395
46,1620,5.1473203
46,1635,5.37758
46,1650,5.6176963
46,1665,5.846439
46,1680,6.03465
46,1695,6.186635
46,1710,6.3070784
46,1725,6.399225
46,1740,6.465758
46,1755,6.5091214
46,1770,6.5315666
46,1785,6.5351744
46,1800,6.521873
46,1815,6.493444
46,1830,6.4515247
46,1845,6.39762
46,1860,6.3331103
46,1875,6.2592626
46,1890,6.177241
46,1905,6.088104
46,1920,5.9928217
46,1935,5.892274
46,1950,5.787265
46,1965,5.6785274
46,1980,5.566729
46,1995,5.4524746
46,2010,5.3363156
46,2025,5.218747
46,2040,5.1002183
46,2055,4.9811306
46,2070,4.8618464
46,2085,4.742691
46,2100,4.6239543
46,2115,4.5058937
46,2130,4.388743
46,2145,4.2727056
46,2160,4.157959
46,2175,4.060149
46,2190,4.0106626
46,2205,4.0052686
46,2220,4.037907
46,2235,4.104215
46,2250,4.200525
46,2265,4.3235087
46,2280,4.4701395
46,2295,4.637626
46,2310,4.823389
46,2325,5.0250683
46,2340,5.2405076
46,2355,5.4677353
46,2370,5.704924
46,2385,5.93084
46,2400,6.1163216
46,2415,6.2656713
46,2430,6.3835697
46,2445,6.473259
46,2460,6.537417
46,2475,6.578488
46,2490,6.5987177
46,2505,6.600186
46,2520,6.5848174
46,2535,6.5543914
46,2550,6.510543
46,2565,6.454774
46,2580,6.388463
46,2595,6.312875
46,2610,6.2291713
46,2625,6.1384087
46,2640,6.041557
46,2655,5.939491
46,2670,5.833016
46,2685,5.7228603
46,2700,5.6096916
46,2715,5.4941125
46,2730,5.3766727
46,2745,5.2578664
46,2760,5.13814
46,2775,5.0178957
46,2790,4.897493
46,2805,4.777256
46,2820,4.657474
46,2835,4.538403
46,2850,4.4202743
46,2865,4.3032923
46,2880,4.187631
46,2895,4.088937
46,2910,4.038595
46,2925,4.032374
46,2940,4.064213
46,2955,4.1297474
46,2970,4.225309
46,2985,4.3475695
46,3000,4.4935007
46,3015,4.6603107
46,3030,4.845419
46,3045,5.046465
46,3060,5.261292
46,3075,5.487927
46,3090,5.724542
46,3105,5.9499035
46,3120,6.134848
46,3135,6.2836785
46,3150,6.401074
46,3165,6.490276
46,3180,6.5539627
46,3195,6.5945764
46,3210,6.6143646
46,3225,6.615404
46,3240,6.599621
46,3255,6.5687933
46,3270,6.524555
46,3285,6.468409
46,3300,6.4017324
46,3315,6.32579
46,3330,6.241743
46,3345,6.150647
46,3360,6.0534725
46,3375,5.951094
46,3390,5.8443155
46,3405,5.733866
46,3420,5.6204123
46,3435,5.504556
46,3450,5.3868484
46,3465,5.2677813
46,3480,5.147803
46,3495,5.027313
46,3510,4.906673
46,3525,4.7862053
46,3540,4.6661997
46,3555,4.5469112
46,3570,4.428571
46,3585,4.3113847
46,3600,4.1955247
46,3615,4.0966377
46,3630,4.0461087
46,3645,4.0397053
46,3660,4.0713673
46,3675,4.1367307
46,3690,4.2321253
46,3705,4.3542237
46,3720,4.499998
46,3735,4.6666555
46,3750,4.8516154
46,3765,5.0525174
46,3780,5.2672043
46,3795,5.4937034
46,3810,5.7301865
46,3825,5.955419
46,3840,6.1402392
46,3855,6.2889476
46,3870,6.4062247
46,3885,6.495312
46,3900,6.558887
46,3915,6.599392
46,3930,6.6190743
46,3945,6.620011
46,3960,6.6041274
46,3975,6.5732017
46,3990,6.5288687
46,4005,6.47263
46,4020,6.405863
46,4035,6.3298326
46,4050,6.2457
46,4065,6.154521
46,4080,6.057265
46,4095,5.954807
46,4110,5.8479514
46,4125,5.7374268
46,4140,5.6238995
46,4155,5.507972
46,4170,5.390194
46,4185,5.271059
46,4200,5.151014
46,4215,5.0304594
46,4230,4.9097557
46,4245,4.7892265
46,4260,4.6691604
46,4275,4.5498133
46,4290,4.431416
46,4305,4.314173
46,4320,4.198259
46,4335,4.099318
46,4350,4.048737
46,4365,4.042283
46,4380,4.073895
46,4395,4.1392097
46,4410,4.234557
46,4425,4.3566093
46,4440,4.5023384
46,4455,4.6689515
46,4470,4.8538685
46,4485,5.054728
46,4500,5.269374
46,4515,5.4958324
46,4530,5.7322764
46,4545,5.9574704
46,4560,6.142253
46,4575,6.290925
46,4590,6.408166
46,4605,6.497218
46,4620,6.5607586
46,4635,6.60123
46,4650,6.620879
46,4665,6.6217837
46,4680,6.6058683
46,4695,6.574912
46,4710,6.530549
46,4725,6.4742804
46,4740,6.4074845
46,4755,6.3314257
46,4770,6.2472653
46,4785,6.1560583
46,4800,6.058776
46,4815,5.9562917
46,4830,5.8494105
46,4845,5.738861
46,4860,5.625309
46,4875,5.509357
46,4890,5.3915553
46,4905,5.272397
46,4920,5.1523294
46,4935,5.031752
46,4950,4.911027
46,4965,4.7904763
46,4980,4.670389
46,4995,4.551021
46,5010,4.4326034
46,5025,4.315341
46,5040,4.199407
46,5055,4.100447
46,5070,4.049847
46,5085,4.0433745
46,5100,4.074969
46,5115,4.1402655
46,5130,4.2355957
46,5145,4.3576307
46,5160,4.503343
46,5175,4.6699395
46,5190,4.8548403
46,5205,5.055684
46,5220,5.270314
46,5235,5.496758
46,5250,5.7331867
46,5265,5.9583664
46,5280,6.1431346
46,5295,6.291792
46,5310,6.4090195
46,5325,6.498058
46,5340,6.561585
46,5355,6.602043
46,5370,6.6216793
46,5385,6.622571
46,5400,6.6066437
46,5415,6.575675
46,5430,6.5312996
46,5445,6.475019
46,5460,6.4082117
46,5475,6.3321414
46,5490,6.2479696
46,5505,6.156752
46,5520,6.0594587
46,5535,5.9569635
46,5550,5.850072
46,5565,5.739512
46,5580,5.62595
46,5595,5.509988
46,5610,5.3921766
46,5625,5.2730083
46,5640,5.152931
46,5655,5.032345
46,5670,4.91161
46,5685,4.7910504
46,5700,4.670954
46,5715,4.5515776
46,5730,4.4331512
46,5745,4.3158803
46,5760,4.199938
46,5775,4.10097
46,5790,4.0503616
46,5805,4.0438814
46,5820,4.0754676
46,5835,4.140757
46,5850,4.236079
46,5865,4.358107
46,5880,4.5038123
46,5895,4.6704016
46,5910,4.855295
46,5925,5.056132
46,5940,5.2707553
46,5955,5.4971924
46,5970,5.7336144
46,5985,5.9587874
46,6000,6.1435494
46,6015,6.2922006
46,6030,6.409422
46,6045,6.498454
46,6060,6.5619755
46,6075,6.6024275
46,6090,6.622058
46,6105,6.622944
46,6120,6.607011
46,6135,6.5760365
46,6150,6.531656
46,6165,6.47537
46,6180,6.4085574
46,6195,6.332482
46,6210,6.248305
46,6225,6.1570826
46,6240,6.059784
46,6255,5.957284
46,6270,5.8503876
46,6285,5.739823
46,6300,5.626256
46,6315,5.510289
46,6330,5.3924737
46,6345,5.273301
46,6360,5.153219
46,6375,5.0326285
46,6390,4.91189
46,6405,4.7913256
46,6420,4.6712255
46,6435,4.5518446
46,6450,4.433415
46,6465,4.3161397
46,6480,4.2001934
46,6495,4.0857387
46,6510,3.9729111
46,6525,3.8618255
46,6540,3.7525887
46,6555,3.6452832
46,6570,3.5399811
46,6585,3.4367435
46,6600,3.3356152
46,6615,3.2366345
46,6630,3.1398304
46,6645,3.0452194
46,6660,2.9528158
46,6675,2.862624
46,6690,2.7746415
46,6705,2.6888638
46,6720,2.6052775
46,6735,2.523867
46,6750,2.4446132
46,6765,2.3674912
46,6780,2.2924755
46,6795,2.219537
46,6810,2.1486437
46,6825,2.0797627
46,6840,2.0128589
46,6855,1.9478955
46,6870,1.8848356
46,6885,1.8236402
46,6900,1.7642701
46,6915,1.7066859
46,6930,1.6508467
46,6945,1.5967125
46,6960,1.5442429
46,6975,1.4933965
46,6990,1.4441334
46,7005,1.3964131
46,7020,1.3501952
46,7035,1.3054403
46,7050,1.2621089
46,7065,1.2201622
46,7080,1.1795619
46,7095,1.1402699
46,7110,1.1022494
46,7125,1.0654639
46,7140,1.0298773
46,7155,0.9954546
46,7170,0.96216124
46,7185,0.9299634
46,7200,0.89882815
47,0,0
47,3,0.00016604667
47,6,0.0011728656
47,9,0.0035061378
47,12,0.0074054576
47,15,0.01295773
47,18,0.020168187
47,21,0.029003233
47,24,0.039414085
47,27,0.05134836
47,30,0.06475498
47,33,0.07958644
47,36,0.09579917
47,39,0.113353446
47,42,0.13221289
47,45,0.15234393
47,48,0.1737152
47,51,0.19629714
47,54,0.22006166
47,57,0.24498188
47,60,0.27103198
47,63,0.298187
47,66,0.32642266
47,69,0.3557155
47,72,0.3860425
47,75,0.41738144
47,78,0.44971007
47,81,0.48300704
47,84,0.517251
47,87,0.55242103
47,90,0.5884967
47,93,0.62545764
47,96,0.6632842
47,99,0.70195675
47,102,0.74145615
47,105,0.78176355
47,108,0.8228605
47,111,0.864728
47,114,0.90734845
47,117,0.9507042
47,120,0.9947781
47,135,1.2253242
47,150,1.4713573
47,165,1.7309895
47,180,2.0024807
47,195,2.284232
47,210,2.5747504
47,225,2.8563242
47,240,3.1047547
47,255,3.3230503
47,270,3.5146775
47,285,3.6820395
47,300,3.8271494
47,315,3.9518054
47,330,4.0576763
47,345,4.1463203
47,360,4.219185
47,375,4.277612
47,390,4.3228507
47,405,4.356057
47,420,4.378305
47,435,4.390587
47,450,4.3938246
47,465,4.388865
47,480,4.37649
47,495,4.3574266
47,510,4.3323345
47,525,4.3018355
47,540,4.266492
47,555,4.2268286
47,570,4.183327
47,585,4.136428
47,600,4.086541
47,615,4.034037
47,630,3.97926
47,645,3.9225285
47,660,3.864132
47,675,3.804325
47,690,3.7433646
47,705,3.6814637
47,720,3.6188068
47,735,3.5685167
47,750,3.5567183
47,765,3.5804634
47,780,3.6352186
47,795,3.7176785
47,810,3.8250563
47,825,3.954839
47,840,4.1047225
47,855,4.2725725
47,870,4.456414
47,885,4.6544247
47,900,4.8649244
47,915,5.0863647
47,930,5.3172965
47,945,5.5400634
47,960,5.7304626
47,975,5.8915544
47,990,6.02683
47,1005,6.1387115
47,1020,6.229212
47,1035,6.300159
47,1050,6.3532357
47,1065,6.390002
47,1080,6.4119005
47,1095,6.4202843
47,1110,6.416406
47,1125,6.4014244
47,1140,6.3764095
47,1155,6.3423486
47,1170,6.3001556
47,1185,6.2506742
47,1200,6.1946816
47,1215,6.1328936
47,1230,6.0659695
47,1245,5.994516
47,1260,5.9190946
47,1275,5.8402104
47,1290,5.758344
47,1305,5.673911
47,1320,5.5873184
47,1335,5.498914
47,1350,5.409038
47,1365,5.3179827
47,1380,5.226033
47,1395,5.133432
47,1410,5.040415
47,1425,4.947183
47,1440,4.853931
47,1455,4.7737656
47,1470,4.732778
47,1485,4.728021
47,1500,4.754944
47,1515,4.810229
47,1530,4.891074
47,1545,4.9949627
47,1560,5.11957
47,1575,5.2627463
47,1590,5.4225063
47,1605,5.5970173
47,1620,5.784586
47,1635,5.983652
47,1650,6.192754
47,1665,6.3942213
47,1680,6.563836
47,1695,6.7046504
47,1710,6.820141
47,1725,6.9127364
47,1740,6.984387
47,1755,7.036953
47,1770,7.072108
47,1785,7.0913687
47,1800,7.0961895
47,1815,7.0879216
47,1830,7.0677977
47,1845,7.0369635
47,1860,6.996483
47,1875,6.947337
47,1890,6.8904333
47,1905,6.8266006
47,1920,6.756606
47,1935,6.681156
47,1950,6.6009007
47,1965,6.516439
47,1980,6.428323
47,1995,6.337057
47,2010,6.2431045
47,2025,6.1468883
47,2040,6.048795
47,2055,5.949179
47,2070,5.848363
47,2085,5.746642
47,2100,5.644285
47,2115,5.541538
47,2130,5.43862
47,2145,5.3357344
47,2160,5.2330627
47,2175,5.143718
47,2190,5.0937753
47,2205,5.080285
47,2220,5.0986905
47,2235,5.145668
47,2250,5.2184124
47,2265,5.3143997
47,2280,5.431302
47,2295,5.5669646
47,2310,5.7193975
47,2325,5.886762
47,2340,6.067363
47,2355,6.2596335
47,2370,6.4621086
47,2385,6.657115
47,2400,6.8204265
47,2415,6.9550943
47,2430,7.0645895
47,2445,7.151337
47,2460,7.2172856
47,2475,7.2642865
47,2490,7.2940135
47,2505,7.307982
47,2520,7.307638
47,2535,7.294332
47,2550,7.2692933
47,2565,7.233664
47,2580,7.188505
47,2595,7.134796
47,2610,7.07344
47,2625,7.005264
47,2640,6.931033
47,2655,6.8514485
47,2670,6.7671595
47,2685,6.6787615
47,2700,6.5868044
47,2715,6.491791
47,2730,6.3941817
47,2745,6.294398
47,2760,6.192824
47,2775,6.0898113
47,2790,5.985681
47,2805,5.8807263
47,2820,5.775214
47,2835,5.6693873
47,2850,5.5634656
47,2865,5.457648
47,2880,5.352116
47,2895,5.2599792
47,2910,5.2073126
47,2925,5.1911645
47,2940,5.2069764
47,2955,5.2514243
47,2970,5.3216996
47,2985,5.415279
47,3000,5.529832
47,3015,5.663202
47,3030,5.813398
47,3045,5.9785805
47,3060,6.157052
47,3075,6.347246
47,3090,6.547694
47,3105,6.7407236
47,3120,6.9021053
47,3135,7.03489
47,3150,7.142548
47,3165,7.227503
47,3180,7.2917013
47,3195,7.3369937
47,3210,7.365053
47,3225,7.377395
47,3240,7.3754625
47,3255,7.360606
47,3270,7.334054
47,3285,7.296947
47,3300,7.250346
47,3315,7.1952286
47,3330,7.1324983
47,3345,7.0629797
47,3360,6.9874387
47,3375,6.906575
47,3390,6.821037
47,3405,6.7314196
47,3420,6.638272
47,3435,6.5420957
47,3450,6.4433513
47,3465,6.342459
47,3480,6.239803
47,3495,6.135733
47,3510,6.030571
47,3525,5.924608
47,3540,5.8181124
47,3555,5.711324
47,3570,5.6044636
47,3585,5.49773
47,3600,5.3913026
47,3615,5.298292
47,3630,5.2447715
47,3645,5.22779
47,3660,5.242788
47,3675,5.2864404
47,3690,5.35594
47,3705,5.448761
47,3720,5.562574
47,3735,5.6952214
47,3750,5.844712
47,3765,6.0092053
47,3780,6.187004
47,3795,6.3765407
47,3810,6.576347
47,3825,6.76875
47,3840,6.92952
47,3855,7.061707
47,3870,7.1687813
47,3885,7.2531652
47,3900,7.316807
47,3915,7.3615546
47,3930,7.3890824
47,3945,7.4009047
47,3960,7.3984647
47,3975,7.383112
47,3990,7.3560753
47,4005,7.318495
47,4020,7.271431
47,4035,7.2158613
47,4050,7.152689
47,4065,7.0827384
47,4080,7.0067754
47,4095,6.925499
47,4110,6.8395576
47,4125,6.749546
47,4140,6.656013
47,4155,6.55946
47,4170,6.4603477
47,4185,6.3590956
47,4200,6.256088
47,4215,6.1516743
47,4230,6.046176
47,4245,5.9398847
47,4260,5.8330674
47,4275,5.725965
47,4290,5.618798
47,4305,5.5117636
47,4320,5.4050426
47,4335,5.311745
47,4350,5.257944
47,4365,5.2406883
47,4380,5.255418
47,4395,5.2988086
47,4410,5.3680515
47,4425,5.4606223
47,4440,5.57419
47,4455,5.7065983
47,4470,5.8558545
47,4485,6.020119
47,4500,6.197694
47,4515,6.387012
47,4530,6.586604
47,4545,6.7787986
47,4560,6.9393635
47,4575,7.0713506
47,4590,7.17823
47,4605,7.262404
47,4620,7.3258715
47,4635,7.3704443
47,4650,7.397786
47,4665,7.40944
47,4680,7.4068403
47,4695,7.391319
47,4710,7.364117
47,4725,7.3263793
47,4740,7.2791605
47,4755,7.2234364
47,4770,7.1601067
47,4785,7.0900025
47,4800,7.013891
47,4815,6.9324746
47,4830,6.846401
47,4845,6.7562613
47,4860,6.662602
47,4875,6.565922
47,4890,6.4666815
47,4905,6.3653016
47,4920,6.2621684
47,4935,6.157633
47,4950,6.0520167
47,4965,5.9456115
47,4980,5.8386827
47,4995,5.7314715
47,5010,5.6241975
47,5025,5.5170584
47,5040,5.4102345
47,5055,5.316836
47,5070,5.262936
47,5085,5.2455835
47,5100,5.2602186
47,5115,5.303517
47,5130,5.372669
47,5145,5.4651513
47,5160,5.5786324
47,5175,5.710955
47,5190,5.8601284
47,5205,6.0243115
47,5220,6.201807
47,5235,6.391047
47,5250,6.590563
47,5265,6.7826824
47,5280,6.9431744
47,5295,7.0750895
47,5310,7.1818986
47,5325,7.266004
47,5340,7.329404
47,5355,7.373911
47,5370,7.401188
47,5385,7.4127784
47,5400,7.4101167
47,5415,7.3945346
47,5430,7.3672733
47,5445,7.329477
47,5460,7.282201
47,5475,7.226421
47,5490,7.1630363
47,5505,7.092878
47,5520,7.016714
47,5535,6.9352455
47,5550,6.8491216
47,5565,6.758932
47,5580,6.665224
47,5595,6.5684958
47,5610,6.4692087
47,5625,6.367783
47,5640,6.2646046
47,5655,6.160025
47,5670,6.054366
47,5685,5.9479184
47,5700,5.8409476
47,5715,5.733696
47,5730,5.6263814
47,5745,5.519203
47,5760,5.4123406
47,5775,5.3189044
47,5790,5.264968
47,5805,5.2475786
47,5820,5.2621784
47,5835,5.305442
47,5850,5.37456
47,5865,5.4670086
47,5880,5.5804567
47,5895,5.7127476
47,5910,5.861889
47,5925,6.026041
47,5940,6.203506
47,5955,6.3927164
47,5970,6.592203
47,5985,6.7842937
47,6000,6.9447575
47,6015,7.076645
47,6030,7.1834273
47,6045,7.267506
47,6060,7.3308797
47,6075,7.3753614
47,6090,7.402613
47,6105,7.4141793
47,6120,7.4114933
47,6135,7.3958874
47,6150,7.3686028
47,6165,7.3307834
47,6180,7.2834854
47,6195,7.2276835
47,6210,7.164277
47,6225,7.0940976
47,6240,7.017913
47,6255,6.936424
47,6270,6.85028
47,6285,6.760071
47,6300,6.666343
47,6315,6.5695963
47,6330,6.4702907
47,6345,6.3688464
47,6360,6.2656503
47,6375,6.1610527
47,6390,6.055376
47,6405,5.9489117
47,6420,5.8419247
47,6435,5.734656
47,6450,5.6273255
47,6465,5.5201316
47,6480,5.4132533
47,6495,5.3068504
47,6510,5.2010703
47,6525,5.0960484
47,6540,4.991889
47,6555,4.888705
47,6570,4.7865953
47,6585,4.685637
47,6600,4.585897
47,6615,4.4874496
47,6630,4.3903513
47,6645,4.2946377
47,6660,4.2003574
47,6675,4.1075463
47,6690,4.0162253
47,6705,3.9264202
47,6720,3.8381484
47,6735,3.7514217
47,6750,3.666249
47,6765,3.582636
47,6780,3.5005858
47,6795,3.4200947
47,6810,3.3411617
47,6825,3.263782
47,6840,3.187944
47,6855,3.1136394
47,6870,3.0408576
47,6885,2.969584
47,6900,2.8998027
47,6915,2.8314986
47,6930,2.7646542
47,6945,2.69925
47,6960,2.6352673
47,6975,2.5726862
47,6990,2.511485
47,7005,2.4516435
47,7020,2.3931396
47,7035,2.335951
47,7050,2.2800558
47,7065,2.2254314
47,7080,2.1720555
47,7095,2.1199048
47,7110,2.0689569
47,7125,2.0191891
47,7140,1.9705782
47,7155,1.9231018
47,7170,1.8767372
47,7185,1.831462
47,7200,1.7872537
48,0,0
48,3,0.00017432688
48,6,0.001244668
48,9,0.0037258596
48,12,0.007861047
48,15,0.013732206
48,18,0.02133909
48,21,0.030644082
48,24,0.041595876
48,27,0.05414053
48,30,0.06822598
48,33,0.08380402
48,36,0.10083053
48,39,0.11926534
48,42,0.13907169
48,45,0.1602157
48,48,0.18266581
48,51,0.20639229
48,54,0.231367
48,57,0.2575631
48,60,0.28495494
48,63,0.31351763
48,66,0.34322733
48,69,0.37406078
48,72,0.4059954
48,75,0.4390094
48,78,0.47308105
48,81,0.50818944
48,84,0.54431385
48,87,0.5814339
48,90,0.6195297
48,93,0.6585817
48,96,0.69857055
48,99,0.7394775
48,102,0.78128386
48,105,0.82397157
48,108,0.86752266
48,111,0.9119188
48,114,0.9571431
48,117,1.0031785
48,120,1.0500084
48,135,1.2955018
48,150,1.5584805
48,165,1.83712
48,180,2.1297345
48,195,2.434768
48,210,2.7507606
48,225,3.0590467
48,240,3.3345337
48,255,3.5804274
48,270,3.800234
48,285,3.9963574
48,300,4.170728
48,315,4.3250637
48,330,4.4609227
48,345,4.5797462
48,360,4.682873
48,375,4.7715435
48,390,4.8469076
48,405,4.9100285
48,420,4.9618926
48,435,5.0034146
48,450,5.0354443
48,465,5.058767
48,480,5.074114
48,495,5.0821557
48,510,5.0835247
48,525,5.078787
48,540,5.0684867
48,555,5.0531096
48,570,5.033121
48,585,5.00894
48,600,4.980963
48,615,4.9495506
48,630,4.9150395
48,645,4.8777404
48,660,4.8379374
48,675,4.7958984
48,690,4.751864
48,705,4.7060676
48,720,4.658713
48,735,4.623707
48,750,4.628295
48,765,4.6693277
48,780,4.7422624
48,795,4.843781
48,810,4.9711666
48,825,5.121992
48,840,5.294042
48,855,5.4852705
48,870,5.6937923
48,885,5.91787
48,900,6.155895
48,915,6.406381
48,930,6.667929
48,945,6.9219575
48,960,7.1433444
48,975,7.335404
48,990,7.501684
48,1005,7.6446266
48,1020,7.766145
48,1035,7.868023
48,1050,7.9518647
48,1065,8.01911
48,1080,8.071111
48,1095,8.109147
48,1110,8.134382
48,1125,8.14789
48,1140,8.150674
48,1155,8.1436615
48,1170,8.127714
48,1185,8.103621
48,1200,8.072118
48,1215,8.033878
48,1230,7.989533
48,1245,7.939664
48,1260,7.884812
48,1275,7.825474
48,1290,7.762111
48,1305,7.6951466
48,1320,7.6249723
48,1335,7.5519485
48,1350,7.476408
48,1365,7.3986588
48,1380,7.3189845
48,1395,7.2376466
48,1410,7.1548862
48,1425,7.0709233
48,1440,6.9859624
48,1455,6.91392
48,1470,6.8820214
48,1485,6.8871346
48,1500,6.924684
48,1515,6.991364
48,1530,7.084447
48,1545,7.201497
48,1560,7.3402963
48,1575,7.4988017
48,1590,7.675121
48,1605,7.867503
48,1620,8.074333
48,1635,8.294116
48,1650,8.525449
48,1665,8.749752
48,1680,8.941881
48,1695,9.105153
48,1710,9.243104
48,1725,9.358152
48,1740,9.45225
48,1755,9.527141
48,1770,9.584417
48,1785,9.625532
48,1800,9.651829
48,1815,9.664562
48,1830,9.664892
48,1845,9.653894
48,1860,9.632566
48,1875,9.601828
48,1890,9.56253
48,1905,9.515458
48,1920,9.461344
48,1935,9.400866
48,1950,9.33464
48,1965,9.263251
48,1980,9.187223
48,1995,9.107049
48,2010,9.02318
48,2025,8.936034
48,2040,8.846
48,2055,8.753434
48,2070,8.658667
48,2085,8.562001
48,2100,8.4637165
48,2115,8.36407
48,2130,8.263295
48,2145,8.161609
48,2160,8.05921
48,2175,7.9700103
48,2190,7.9212317
48,2205,7.90974
48,2220,7.9309545
48,2235,7.9815655
48,2250,8.058843
48,2265,8.160345
48,2280,8.283851
48,2295,8.427313
48,2310,8.588836
48,2325,8.7666645
48,2340,8.959178
48,2355,9.164882
48,2370,9.382366
48,2385,9.593048
48,2400,9.771778
48,2415,9.921869
48,2430,10.046855
48,2445,10.149148
48,2460,10.230698
48,2475,10.293243
48,2490,10.338373
48,2505,10.3675375
48,2520,10.382078
48,2535,10.383247
48,2550,10.372197
48,2565,10.350003
48,2580,10.317658
48,2595,10.27608
48,2610,10.226116
48,2625,10.168551
48,2640,10.104111
48,2655,10.033472
48,2670,9.957251
48,2685,9.876025
48,2700,9.790319
48,2715,9.700621
48,2730,9.607382
48,2745,9.511014
48,2760,9.411906
48,2775,9.3104105
48,2790,9.206855
48,2805,9.101543
48,2820,8.994749
48,2835,8.886728
48,2850,8.777715
48,2865,8.667921
48,2880,8.557545
48,2895,8.460494
48,2910,8.403991
48,2925,8.384898
48,2940,8.398635
48,2955,8.441888
48,2970,8.511927
48,2985,8.606307
48,3000,8.722807
48,3015,8.859376
48,3030,9.014116
48,3045,9.185273
48,3060,9.371224
48,3075,9.570471
48,3090,9.781603
48,3105,9.986035
48,3120,10.158616
48,3135,10.302658
48,3150,10.421691
48,3165,10.518127
48,3180,10.593914
48,3195,10.650788
48,3210,10.690336
48,3225,10.714007
48,3240,10.723145
48,3255,10.718995
48,3270,10.702711
48,3285,10.675366
48,3300,10.637952
48,3315,10.591385
48,3330,10.536511
48,3345,10.474113
48,3360,10.404918
48,3375,10.329598
48,3390,10.24877
48,3405,10.163011
48,3420,10.072843
48,3435,9.978752
48,3450,9.88119
48,3465,9.780568
48,3480,9.677272
48,3495,9.571655
48,3510,9.464043
48,3525,9.354737
48,3540,9.244013
48,3555,9.132124
48,3570,9.019302
48,3585,8.905761
48,3600,8.791695
48,3615,8.691013
48,3630,8.630937
48,3645,8.608327
48,3660,8.618602
48,3675,8.658449
48,3690,8.725135
48,3705,8.816217
48,3720,8.92947
48,3735,9.062845
48,3750,9.214442
48,3765,9.382506
48,3780,9.5654125
48,3795,9.761663
48,3810,9.969848
48,3825,10.171381
48,3840,10.341107
48,3855,10.48234
48,3870,10.598607
48,3885,10.692324
48,3900,10.765431
48,3915,10.81967
48,3930,10.856623
48,3945,10.877739
48,3960,10.884362
48,3975,10.877738
48,3990,10.859018
48,4005,10.829276
48,4020,10.789501
48,4035,10.740611
48,4050,10.68345
48,4065,10.6188
48,4080,10.547387
48,4095,10.469886
48,4110,10.386909
48,4125,10.299035
48,4140,10.206784
48,4155,10.110645
48,4170,10.0110655
48,4185,9.908456
48,4200,9.803205
48,4215,9.695662
48,4230,9.586153
48,4245,9.474981
48,4260,9.362419
48,4275,9.248721
48,4290,9.134118
48,4305,9.018824
48,4320,8.903031
48,4335,8.800651
48,4350,8.7389
48,4365,8.714643
48,4380,8.723297
48,4395,8.761547
48,4410,8.826662
48,4425,8.916198
48,4440,9.027929
48,4455,9.159805
48,4470,9.309928
48,4485,9.47654
48,4500,9.658017
48,4515,9.852862
48,4530,10.059662
48,4545,10.259832
48,4560,10.428218
48,4575,10.56813
48,4590,10.683098
48,4605,10.775535
48,4620,10.847383
48,4635,10.900381
48,4650,10.936112
48,4665,10.956027
48,4680,10.961466
48,4695,10.953677
48,4710,10.93381
48,4725,10.902938
48,4740,10.862051
48,4755,10.812065
48,4770,10.753825
48,4785,10.688113
48,4800,10.615655
48,4815,10.537124
48,4830,10.453133
48,4845,10.364261
48,4860,10.271027
48,4875,10.17392
48,4890,10.073386
48,4905,9.969838
48,4920,9.863662
48,4935,9.755209
48,4950,9.644804
48,4965,9.532749
48,4980,9.419317
48,4995,9.304763
48,5010,9.189317
48,5025,9.073192
48,5040,8.956582
48,5055,8.853395
48,5070,8.790853
48,5085,8.765815
48,5100,8.7737
48,5115,8.811193
48,5130,8.875564
48,5145,8.964365
48,5160,9.075374
48,5175,9.206538
48,5190,9.355961
48,5205,9.521884
48,5220,9.7026825
48,5235,9.896859
48,5250,10.103002
48,5265,10.302524
48,5280,10.470271
48,5295,10.609556
48,5310,10.723906
48,5325,10.815734
48,5340,10.886982
48,5355,10.93939
48,5370,10.97454
48,5385,10.993882
48,5400,10.998757
48,5415,10.990413
48,5430,10.969999
48,5445,10.938588
48,5460,10.897171
48,5475,10.8466625
48,5490,10.787908
48,5505,10.721689
48,5520,10.648732
48,5535,10.569709
48,5550,10.485234
48,5565,10.395885
48,5580,10.302181
48,5595,10.204611
48,5610,10.103622
48,5625,9.999625
48,5640,9.893007
48,5655,9.784119
48,5670,9.673285
48,5685,9.560807
48,5700,9.446959
48,5715,9.331995
48,5730,9.2161455
48,5745,9.099622
48,5760,8.98262
48,5775,8.879048
48,5790,8.816125
48,5805,8.790713
48,5820,8.798229
48,5835,8.83536
48,5850,8.899372
48,5865,8.987822
48,5880,9.098484
48,5895,9.229307
48,5910,9.378393
48,5925,9.543984
48,5940,9.724457
48,5955,9.918313
48,5970,10.124139
48,5985,10.32335
48,6000,10.49079
48,6015,10.629773
48,6030,10.743825
48,6045,10.83536
48,6060,10.906321
48,6075,10.958444
48,6090,10.993314
48,6105,11.01238
48,6120,11.016983
48,6135,11.008371
48,6150,10.987694
48,6165,10.956023
48,6180,10.9143505
48,6195,10.86359
48,6210,10.804587
48,6225,10.738124
48,6240,10.664926
48,6255,10.585666
48,6270,10.500957
48,6285,10.411377
48,6300,10.317447
48,6315,10.219652
48,6330,10.1184435
48,6345,10.01423
48,6360,9.907397
48,6375,9.798298
48,6390,9.687256
48,6405,9.574574
48,6420,9.460525
48,6435,9.345363
48,6450,9.229317
48,6465,9.112601
48,6480,8.99541
48,6495,8.877921
48,6510,8.760298
48,6525,8.642691
48,6540,8.525233
48,6555,8.408051
48,6570,8.291256
48,6585,8.174961
48,6600,8.059241
48,6615,7.9441905
48,6630,7.829892
48,6645,7.716424
48,6660,7.603834
48,6675,7.4921865
48,6690,7.3815303
48,6705,7.271908
48,6720,7.1633544
48,6735,7.0559044
48,6750,6.9495893
48,6765,6.8444324
48,6780,6.7404566
48,6795,6.6376824
48,6810,6.536128
48,6825,6.435804
48,6840,6.336724
48,6855,6.2388973
48,6870,6.1423283
48,6885,6.0470223
48,6900,5.9529815
48,6915,5.8602057
48,6930,5.7686934
48,6945,5.678443
48,6960,5.5894494
48,6975,5.501709
48,6990,5.4152145
48,7005,5.329961
48,7020,5.2459397
48,7035,5.1631417
48,7050,5.081559
48,7065,5.001182
48,7080,4.9219995
48,7095,4.844001
48,7110,4.7671742
48,7125,4.6915083
48,7140,4.6169906
48,7155,4.5436087
48,7170,4.4713497
48,7185,4.400201
48,7200,4.330149
49,0,0
49,3,0.00018847754
49,6,0.0014120099
49,9,0.004323691
49,12,0.009245336
49,15,0.016288249
49,18,0.025450816
49,21,0.036678415
49,24,0.049896784
49,27,0.06502799
49,30,0.0819976
49,33,0.100737646
49,36,0.12118692
49,39,0.14329067
49,42,0.16699961
49,45,0.19226906
49,48,0.21905784
49,51,0.24732758
49,54,0.2770422
49,57,0.3081675
49,60,0.3406708
49,63,0.37452063
49,66,0.40968692
49,69,0.44614008
49,72,0.48385197
49,75,0.5227944
49,78,0.56294054
49,81,0.60426325
49,84,0.6467364
49,87,0.69033414
49,90,0.7350311
49,93,0.7808026
49,96,0.82762414
49,99,0.8754717
49,102,0.92432183
49,105,0.9741511
49,108,1.0249362
49,111,1.0766553
49,114,1.1292864
49,117,1.1828082
49,120,1.2371992
49,135,1.5214579
49,150,1.8244238
49,165,2.143789
49,180,2.4774282
49,195,2.8233905
49,210,3.1798608
49,225,3.5245636
49,240,3.826639
49,255,4.0909853
49,270,4.3224506
49,285,4.5241823
49,300,4.698695
49,315,4.848228
49,330,4.974853
49,345,5.080486
49,360,5.1669016
49,375,5.2357492
49,390,5.2885623
49,405,5.326758
49,420,5.3516493
49,435,5.36445
49,450,5.366278
49,465,5.358172
49,480,5.3410892
49,495,5.315912
49,510,5.283455
49,525,5.2444696
49,540,5.1996546
49,555,5.1496444
49,570,5.0950184
49,585,5.036335
49,600,4.9740605
49,615,4.9086604
49,630,4.8405514
49,645,4.7700973
49,660,4.697664
49,675,4.623566
49,690,4.548099
49,705,4.4715323
49,720,4.3941197
49,735,4.332373
49,750,4.31964
49,765,4.3512383
49,780,4.4209146
49,795,4.524415
49,810,4.6582623
49,825,4.819361
49,840,5.0048647
49,855,5.212151
49,870,5.4388046
49,885,5.6825976
49,900,5.941476
49,915,6.2135487
49,930,6.4970517
49,945,6.7697606
49,960,7.0008564
49,975,7.195259
49,990,7.357836
49,1005,7.4917674
49,1020,7.599577
49,1035,7.6835356
49,1050,7.745719
49,1065,7.788044
49,1080,7.812293
49,1095,7.8201222
49,1110,7.813066
49,1125,7.7925396
49,1140,7.7598524
49,1155,7.7162166
49,1170,7.6627436
49,1185,7.6004705
49,1200,7.5303335
49,1215,7.453212
49,1230,7.3699036
49,1245,7.2811475
49,1260,7.187627
49,1275,7.089958
49,1290,6.98872
49,1305,6.8844314
49,1320,6.777575
49,1335,6.668596
49,1350,6.557897
49,1365,6.44583
49,1380,6.332752
49,1395,6.218956
49,1410,6.1046944
49,1425,5.990247
49,1440,5.875826
49,1455,5.7778964
49,1470,5.7298355
49,1485,5.7269435
49,1500,5.762952
49,1515,5.833591
49,1530,5.9353685
49,1545,6.0651617
49,1560,6.2201166
49,1575,6.397612
49,1590,6.5952115
49,1605,6.810655
49,1620,7.041872
49,1635,7.286967
49,1650,7.544163
49,1665,7.7912054
49,1680,7.997264
49,1695,8.167244
49,1710,8.305999
49,1725,8.416696
49,1740,8.501842
49,1755,8.563692
49,1770,8.604309
49,1785,8.625598
49,1800,8.6293335
49,1815,8.617157
49,1830,8.590589
49,1845,8.551032
49,1860,8.499782
49,1875,8.438038
49,1890,8.366901
49,1905,8.287392
49,1920,8.200447
49,1935,8.106932
49,1950,8.007636
49,1965,7.903291
49,1980,7.794572
49,1995,7.682082
49,2010,7.5664
49,2025,7.448024
49,2040,7.327425
49,2055,7.2050376
49,2070,7.081243
49,2085,6.956408
49,2100,6.830857
49,2115,6.704885
49,2130,6.5787683
49,2145,6.4527497
49,2160,6.3270497
49,2175,6.2181573
49,2190,6.159406
49,2205,6.1460896
49,2220,6.171933
49,2235,6.2326612
49,2250,6.3247757
49,2265,6.4451475
49,2280,6.5909157
49,2295,6.759454
49,2310,6.9483213
49,2325,7.155254
49,2340,7.378173
49,2355,7.6151752
49,2370,7.864483
49,2385,8.103835
49,2400,8.302395
49,2415,8.465062
49,2430,8.596686
49,2445,8.70043
49,2460,8.778794
49,2475,8.83403
49,2490,8.8681965
49,2505,8.883196
49,2520,8.880795
49,2535,8.862633
49,2550,8.830226
49,2565,8.784975
49,2580,8.72817
49,2595,8.661009
49,2610,8.584587
49,2625,8.499921
49,2640,8.407948
49,2655,8.309525
49,2670,8.205441
49,2685,8.096426
49,2700,7.9831495
49,2715,7.866217
49,2730,7.7461925
49,2745,7.623589
49,2760,7.49886
49,2775,7.3724475
49,2790,7.244726
49,2805,7.1160593
49,2820,6.9867682
49,2835,6.857149
49,2850,6.7274694
49,2865,6.597977
49,2880,6.4688854
49,2895,6.356685
49,2910,6.294706
49,2925,6.2782407
49,2940,6.3010125
49,2955,6.3587437
49,2970,6.4479346
49,2985,6.565454
49,3000,6.70844
49,3015,6.8742633
49,3030,7.060483
49,3045,7.264833
49,3060,7.4852324
49,3075,7.719776
49,3090,7.966686
49,3105,8.203686
49,3120,8.399968
49,3135,8.560404
49,3150,8.68986
49,3165,8.791486
49,3180,8.867786
49,3195,8.920998
49,3210,8.953188
49,3225,8.966264
49,3240,8.961986
49,3255,8.941988
49,3270,8.907788
49,3285,8.860787
49,3300,8.802279
49,3315,8.733455
49,3330,8.65541
49,3345,8.569162
49,3360,8.475639
49,3375,8.375703
49,3390,8.270144
49,3405,8.159686
49,3420,8.044993
49,3435,7.926687
49,3450,7.80532
49,3465,7.6813965
49,3480,7.555406
49,3495,7.427749
49,3510,7.2988186
49,3525,7.168977
49,3540,7.0385275
49,3555,6.9077773
49,3570,6.7769885
49,3585,6.6464047
49,3600,6.516242
49,3615,6.403
49,3630,6.3400044
49,3645,6.322546
49,3660,6.3443484
49,3675,6.401133
49,3690,6.4894
49,3705,6.6060176
49,3720,6.748122
49,3735,6.913085
49,3750,7.0984645
49,3765,7.301995
49,3780,7.521593
49,3795,7.755355
49,3810,8.0015
49,3825,8.237755
49,3840,8.433309
49,3855,8.593033
49,3870,8.721794
49,3885,8.822741
49,3900,8.898378
49,3915,8.95094
49,3930,8.982498
49,3945,8.994955
49,3960,8.990071
49,3975,8.969483
49,3990,8.934706
49,4005,8.887139
49,4020,8.82808
49,4035,8.758716
49,4050,8.680143
49,4065,8.59338
49,4080,8.499353
49,4095,8.398925
49,4110,8.292885
49,4125,8.181955
49,4140,8.066802
49,4155,7.948045
49,4170,7.8262377
49,4185,7.701884
49,4200,7.5754724
49,4215,7.447404
49,4230,7.3180704
49,4245,7.1878357
49,4260,7.057002
49,4275,6.925875
49,4290,6.7947183
49,4305,6.663775
49,4320,6.5332594
49,4335,6.419673
49,4350,6.35634
49,4365,6.3385525
49,4380,6.360032
49,4395,6.4165015
49,4410,6.50446
49,4425,6.6207757
49,4440,6.7625856
49,4455,6.92726
49,4470,7.1123576
49,4485,7.315612
49,4500,7.5349402
49,4515,7.7684383
49,4530,8.014326
49,4545,8.250328
49,4560,8.445635
49,4575,8.605117
49,4590,8.733643
49,4605,8.834357
49,4620,8.909768
49,4635,8.962109
49,4650,8.993449
49,4665,9.005693
49,4680,9.000603
49,4695,8.979811
49,4710,8.944835
49,4725,8.897074
49,4740,8.837823
49,4755,8.768271
49,4770,8.689516
49,4785,8.602574
49,4800,8.508372
49,4815,8.407771
49,4830,8.301563
49,4845,8.190469
49,4860,8.075155
49,4875,7.9562387
49,4890,7.834277
49,4905,7.709771
49,4920,7.5832114
49,4935,7.454998
49,4950,7.3255215
49,4965,7.1951475
49,4980,7.064177
49,4995,6.932916
49,5010,6.801628
49,5025,6.670556
49,5040,6.5399146
49,5055,6.4262047
49,5070,6.3627505
49,5085,6.3448443
49,5100,6.366208
49,5115,6.422564
49,5130,6.510411
49,5145,6.6266174
49,5160,6.76832
49,5175,6.9328895
49,5190,7.1178846
49,5205,7.3210382
49,5220,7.5402684
49,5235,7.7736697
49,5250,8.019463
49,5265,8.255372
49,5280,8.450588
49,5295,8.609982
49,5310,8.73842
49,5325,8.839048
49,5340,8.914376
49,5355,8.966634
49,5370,8.997894
49,5385,9.010059
49,5400,9.004891
49,5415,8.984023
49,5430,8.948973
49,5445,8.901138
49,5460,8.841817
49,5475,8.772194
49,5490,8.69337
49,5505,8.60636
49,5520,8.512093
49,5535,8.411427
49,5550,8.305154
49,5565,8.193997
49,5580,8.078622
49,5595,7.9596453
49,5610,7.837624
49,5625,7.7130604
49,5640,7.5864434
49,5655,7.458174
49,5670,7.3286433
49,5685,7.198215
49,5700,7.067192
49,5715,6.935879
49,5730,6.8045406
49,5745,6.6734185
49,5760,6.542728
49,5775,6.42897
49,5790,6.3654685
49,5805,6.347516
49,5820,6.368834
49,5835,6.425145
49,5850,6.512948
49,5865,6.629112
49,5880,6.7707725
49,5895,6.9353004
49,5910,7.120255
49,5925,7.3233685
49,5940,7.5425596
49,5955,7.775923
49,5970,8.021678
49,5985,8.25755
49,6000,8.45273
49,6015,8.612088
49,6030,8.740491
49,6045,8.841085
49,6060,8.916379
49,6075,8.968604
49,6090,8.999831
49,6105,9.011965
49,6120,9.006765
49,6135,8.985867
49,6150,8.950786
49,6165,8.902922
49,6180,8.843571
49,6195,8.77392
49,6210,8.695067
49,6225,8.60803
49,6240,8.513735
49,6255,8.413042
49,6270,8.306744
49,6285,8.19556
49,6300,8.08016
49,6315,7.9611588
49,6330,7.8391128
49,6345,7.7145247
49,6360,7.5878844
49,6375,7.459592
49,6390,7.3300376
49,6405,7.1995873
49,6420,7.0685425
49,6435,6.9372077
49,6450,6.8058476
49,6465,6.6747046
49,6480,6.5439935
49,6495,6.41392
49,6510,6.2846603
49,6525,6.15637
49,6540,6.0291963
49,6555,5.9032598
49,6570,5.7786736
49,6585,5.6555347
49,6600,5.533929
49,6615,5.4139304
49,6630,5.295604
49,6645,5.1790066
49,6660,5.064187
49,6675,4.951182
49,6690,4.8400273
49,6705,4.7307506
49,6720,4.6233697
49,6735,4.5179014
49,6750,4.414355
49,6765,4.312735
49,6780,4.2130446
49,6795,4.1152797
49,6810,4.019435
49,6825,3.9255028
49,6840,3.8334708
49,6855,3.7433262
49,6870,3.6550531
49,6885,3.5686338
49,6900,3.4840496
49,6915,3.4012785
49,6930,3.3202991
49,6945,3.2410882
49,6960,3.1636205
49,6975,3.0878716
49,6990,3.0138147
49,7005,2.9414234
49,7020,2.8706708
49,7035,2.801529
49,7050,2.7339702
49,7065,2.6679664
49,7080,2.603489
49,7095,2.5405102
49,7110,2.479001
49,7125,2.4189332
49,7140,2.3602786
49,7155,2.3030088
49,7170,2.2470958
49,7185,2.1925116
49,7200,2.1392283
50,0,0
50,3,0.00014244708
50,6,0.0010413679
50,9,0.003143856
50,12,0.0066754883
50,15,0.011727886
50,18,0.018319963
50,21,0.026434254
50,24,0.036037143
50,27,0.04708908
50,30,0.059549376
50,33,0.07337852
50,36,0.08853894
50,39,0.10499533
50,42,0.12271441
50,45,0.14166471
50,48,0.16181637
50,51,0.18314077
50,54,0.20561038
50,57,0.22919865
50,60,0.25387982
50,63,0.27962884
50,66,0.3064214
50,69,0.3342336
50,72,0.36304235
50,75,0.39282474
50,78,0.4235584
50,81,0.4552214
50,84,0.48779213
50,87,0.52124935
50,90,0.5555723
50,93,0.59074044
50,96,0.6267337
50,99,0.66353244
50,102,0.70111704
50,105,0.7394685
50,108,0.7785681
50,111,0.81839716
50,114,0.85893774
50,117,0.9001719
50,120,0.942082
50,135,1.1611792
50,150,1.3947103
50,165,1.6407968
50,180,1.8977194
50,195,2.1639063
50,210,2.4379015
50,225,2.703536
50,240,2.937814
50,255,3.1425154
50,270,3.3207207
50,285,3.4748492
50,300,3.606975
50,315,3.718992
50,330,3.812643
50,345,3.889538
50,360,3.9511673
50,375,3.9989076
50,390,4.034027
50,405,4.0576973
50,420,4.0709953
50,435,4.0749097
50,450,4.070355
50,465,4.0581665
50,480,4.0391164
50,495,4.013916
50,510,3.9832156
50,525,3.9476147
50,540,3.9076645
50,555,3.863868
50,570,3.8166885
50,585,3.7665553
50,600,3.7138498
50,615,3.6589348
50,630,3.602131
50,645,3.5437267
50,660,3.4840033
50,675,3.4231975
50,690,3.3615384
50,705,3.2992318
50,720,3.236465
50,735,3.1851385
50,750,3.169785
50,765,3.1887298
50,780,3.2379181
50,795,3.3140934
50,810,3.4144247
50,825,3.5363533
50,840,3.6775339
50,855,3.8357997
50,870,4.009163
50,885,4.1958017
50,900,4.3940454
50,915,4.602367
50,930,4.819348
50,945,5.028855
50,960,5.207905
50,975,5.358296
50,990,5.4831314
50,1005,5.5848403
50,1020,5.6655073
50,1035,5.727031
50,1050,5.7711635
50,1065,5.799518
50,1080,5.813583
50,1095,5.8147326
50,1110,5.80423
50,1125,5.7832403
50,1140,5.752834
50,1155,5.7139964
50,1170,5.66763
50,1185,5.614565
50,1200,5.555563
50,1215,5.4913235
50,1230,5.422486
50,1245,5.349636
50,1260,5.27331
50,1275,5.194001
50,1290,5.1121593
50,1305,5.0281935
50,1320,4.9424796
50,1335,4.8553543
50,1350,4.7671285
50,1365,4.6780834
50,1380,4.5884776
50,1395,4.49855
50,1410,4.408498
50,1425,4.318517
50,1440,4.228789
50,1455,4.151149
50,1470,4.1101556
50,1485,4.104119
50,1500,4.128971
50,1515,4.181442
50,1530,4.258687
50,1545,4.358131
50,1560,4.477417
50,1575,4.614365
50,1590,4.766973
50,1605,4.933405
50,1620,5.1119776
50,1635,5.301151
50,1650,5.4994926
50,1665,5.6908584
50,1680,5.8522487
50,1695,5.9854507
50,1710,6.093556
50,1725,6.178979
50,1740,6.2437944
50,1755,6.2898893
50,1770,6.3190045
50,1785,6.3327427
50,1800,6.3325806
50,1815,6.3198805
50,1830,6.2958994
50,1845,6.261792
50,1860,6.2186203
50,1875,6.1673574
50,1890,6.108899
50,1905,6.0440664
50,1920,5.973613
50,1935,5.8982277
50,1950,5.8185434
50,1965,5.7351384
50,1980,5.6485415
50,1995,5.559242
50,2010,5.4676733
50,2025,5.37425
50,2040,5.279322
50,2055,5.183238
50,2070,5.0862856
50,2085,4.9887533
50,2100,4.89088
50,2115,4.7929015
50,2130,4.695016
50,2145,4.597413
50,2160,4.500255
50,2175,4.4154205
50,2190,4.3674126
50,2205,4.3545637
50,2220,4.372781
50,2235,4.4187965
50,2250,4.489775
50,2265,4.5831137
50,2280,4.6964474
50,2295,4.8276134
50,2310,4.974601
50,2325,5.135564
50,2340,5.3088155
50,2355,5.4928117
50,2370,5.686118
50,2385,5.8725853
50,2400,6.029209
50,2415,6.157774
50,2430,6.261367
50,2445,6.3424
50,2460,6.4029436
50,2475,6.444882
50,2490,6.4699516
50,2505,6.479754
50,2520,6.475761
50,2535,6.4593334
50,2550,6.431724
50,2565,6.394087
50,2580,6.3474784
50,2595,6.292871
50,2610,6.2311573
50,2625,6.163156
50,2640,6.089619
50,2655,6.011233
50,2670,5.928627
50,2685,5.842378
50,2700,5.753013
50,2715,5.661018
50,2730,5.566828
50,2745,5.470849
50,2760,5.37344
50,2775,5.274934
50,2790,5.1756306
50,2805,5.0758033
50,2820,4.9757023
50,2835,4.87555
50,2850,4.7755513
50,2865,4.6758885
50,2880,4.5767283
50,2895,4.4899426
50,2910,4.4400353
50,2925,4.425338
50,2940,4.4417553
50,2955,4.4860196
50,2970,4.5552936
50,2985,4.646973
50,3000,4.7586913
50,3015,4.888284
50,3030,5.033741
50,3045,5.193215
50,3060,5.3650165
50,3075,5.5476007
50,3090,5.7395334
50,3105,5.9246626
50,3120,6.0799847
50,3135,6.207282
50,3150,6.3096404
50,3165,6.389472
50,3180,6.448845
50,3195,6.4896436
50,3210,6.513603
50,3225,6.5223246
50,3240,6.5172787
50,3255,6.499826
50,3270,6.4712186
50,3285,6.432608
50,3300,6.385052
50,3315,6.329522
50,3330,6.266909
50,3345,6.1980324
50,3360,6.123642
50,3375,6.0444245
50,3390,5.9610085
50,3405,5.873971
50,3420,5.7838373
50,3435,5.691093
50,3450,5.5961733
50,3465,5.4994826
50,3480,5.401381
50,3495,5.3021994
50,3510,5.2022395
50,3525,5.101771
50,3540,5.0010457
50,3555,4.900284
50,3570,4.799693
50,3585,4.699452
50,3600,4.599728
50,3615,4.5123935
50,3630,4.4619513
50,3645,4.446732
50,3660,4.4626417
50,3675,4.5064106
50,3690,4.575202
50,3705,4.666411
50,3720,4.777671
50,3735,4.9068174
50,3750,5.051839
50,3765,5.2108884
50,3780,5.382277
50,3795,5.5644584
50,3810,5.755998
50,3825,5.940745
50,3840,6.095694
50,3855,6.222627
50,3870,6.324631
50,3885,6.404117
50,3900,6.463153
50,3915,6.503623
50,3930,6.527262
50,3945,6.5356708
50,3960,6.5303206
50,3975,6.5125704
50,3990,6.4836726
50,4005,6.44478
50,4020,6.396948
50,4035,6.3411484
50,4050,6.278273
50,4065,6.2091403
50,4080,6.1345
50,4095,6.0550385
50,4110,5.971385
50,4125,5.8841147
50,4140,5.793755
50,4155,5.700789
50,4170,5.6056542
50,4185,5.508753
50,4200,5.410446
50,4215,5.3110633
50,4230,5.210908
50,4245,5.110248
50,4260,5.009337
50,4275,4.9083934
50,4290,4.807625
50,4305,4.70721
50,4320,4.6073174
50,4335,4.519818
50,4350,4.469214
50,4365,4.4538374
50,4380,4.469593
50,4395,4.5132117
50,4410,4.5818567
50,4425,4.672923
50,4440,4.7840433
50,4455,4.9130535
50,4470,5.057942
50,4485,5.2168617
50,4500,5.388123
50,4515,5.570181
50,4530,5.7615995
50,4545,5.9462285
50,4560,6.1010623
50,4575,6.2278833
50,4590,6.3297772
50,4605,6.4091554
50,4620,6.4680867
50,4635,6.5084543
50,4650,6.5319934
50,4665,6.540304
50,4680,6.534858
50,4695,6.5170145
50,4710,6.4880257
50,4725,6.4490438
50,4740,6.4011245
50,4755,6.3452396
50,4770,6.282281
50,4785,6.213067
50,4800,6.1383467
50,4815,6.0588074
50,4830,5.9750776
50,4845,5.8877335
50,4860,5.797301
50,4875,5.7042637
50,4890,5.6090593
50,4905,5.5120893
50,4920,5.4137163
50,4935,5.3142686
50,4950,5.21405
50,4965,5.1133275
50,4980,5.0123553
50,4995,4.911352
50,5010,4.8105254
50,5025,4.7100534
50,5040,4.610105
50,5055,4.5225506
50,5070,4.471894
50,5085,4.456465
50,5100,4.4721694
50,5115,4.5157385
50,5130,4.5843344
50,5145,4.6753526
50,5160,4.7864265
50,5175,4.9153905
50,5190,5.0602345
50,5205,5.21911
50,5220,5.390329
50,5235,5.572345
50,5250,5.7637224
50,5265,5.9483113
50,5280,6.1031055
50,5295,6.229888
50,5310,6.3317447
50,5325,6.4110856
50,5340,6.4699807
50,5355,6.510313
50,5370,6.533818
50,5385,6.542094
50,5400,6.536615
50,5415,6.518739
50,5430,6.4897184
50,5445,6.450705
50,5460,6.4027553
50,5475,6.3468404
50,5490,6.2838526
50,5505,6.2146096
50,5520,6.1398616
50,5535,6.060294
50,5550,5.9765377
50,5565,5.889167
50,5580,5.7987084
50,5595,5.7056456
50,5610,5.6104164
50,5625,5.513422
50,5640,5.4150248
50,5655,5.3155537
50,5670,5.2153115
50,5685,5.114567
50,5700,5.0135727
50,5715,4.9125476
50,5730,4.8117
50,5745,4.711207
50,5760,4.611238
50,5775,4.5236635
50,5790,4.472987
50,5805,4.457539
50,5820,4.4732246
50,5835,4.5167747
50,5850,4.5853524
50,5865,4.676353
50,5880,4.7874093
50,5895,4.9163566
50,5910,5.0611835
50,5925,5.2200427
50,5940,5.3912454
50,5955,5.5732455
50,5970,5.7646074
50,5985,5.949181
50,6000,6.1039605
50,6015,6.230728
50,6030,6.3325706
50,6045,6.4118977
50,6060,6.470779
50,6075,6.5110974
50,6090,6.534589
50,6105,6.5428524
50,6120,6.53736
50,6135,6.5194716
50,6150,6.4904385
50,6165,6.451413
50,6180,6.4034514
50,6195,6.347525
50,6210,6.2845254
50,6225,6.2152715
50,6240,6.140512
50,6255,6.060934
50,6270,5.9771667
50,6285,5.8897853
50,6300,5.7993164
50,6315,5.7062435
50,6330,5.6110044
50,6345,5.5140004
50,6360,5.4155936
50,6375,5.316113
50,6390,5.215862
50,6405,5.115108
50,6420,5.014105
50,6435,4.913071
50,6450,4.8122144
50,6465,4.7117133
50,6480,4.6117363
50,6495,4.5124254
50,6510,4.413917
50,6525,4.3163238
50,6540,4.219753
50,6555,4.1242924
50,6570,4.0300293
50,6585,3.93703
50,6600,3.8453505
50,6615,3.7550547
50,6630,3.6661782
50,6645,3.5787535
50,6660,3.4928212
50,6675,3.4084003
50,6690,3.325509
50,6705,3.2441642
50,6720,3.1643758
50,6735,3.0861526
50,6750,3.0094943
50,6765,2.9344015
50,6780,2.8608727
50,6795,2.7889004
50,6810,2.7184741
50,6825,2.6495845
50,6840,2.5822175
50,6855,2.5163577
50,6870,2.4519882
50,6885,2.3890908
50,6900,2.3276467
50,6915,2.2676356
50,6930,2.2090366
50,6945,2.151827
50,6960,2.0959861
50,6975,2.0414908
50,6990,1.9883165
50,7005,1.9364408
50,7020,1.88584
50,7035,1.8364892
50,7050,1.7883643
50,7065,1.7414412
50,7080,1.6956952
50,7095,1.651102
50,7110,1.6076372
50,7125,1.5652766
50,7140,1.5239962
50,7155,1.4837725
50,7170,1.4445815
50,7185,1.4064001
50,7200,1.3692054
51,0,0
51,3,0.00017793587
51,6,0.0013229806
51,9,0.0040490236
51,12,0.008663743
51,15,0.015281418
51,18,0.023913644
51,21,0.034523524
51,24,0.047055367
51,27,0.061448496
51,30,0.07764381
51,33,0.09558637
51,36,0.11522584
51,39,0.1365164
51,42,0.15941618
51,45,0.18388653
51,48,0.2098914
51,51,0.23739672
51,54,0.26637015
51,57,0.2967807
51,60,0.32859856
51,63,0.36179477
51,66,0.39634144
51,69,0.43221104
51,72,0.46937728
51,75,0.50781375
51,78,0.54749495
51,81,0.58839566
51,84,0.63049096
51,87,0.6737564
51,90,0.718168
51,93,0.7637021
51,96,0.81033534
51,99,0.85804486
51,102,0.90680814
51,105,0.95660305
51,108,1.0074072
51,111,1.0591991
51,114,1.1119579
51,117,1.1656628
51,120,1.2202934
51,135,1.5066239
51,150,1.8131744
51,165,2.1377027
51,180,2.4781365
51,195,2.8325653
51,210,3.1992042
51,225,3.5570488
51,240,3.8762448
51,255,4.159973
51,270,4.412147
51,285,4.635497
51,300,4.832281
51,315,5.0045643
51,330,5.1542563
51,345,5.2831354
51,360,5.3928657
51,375,5.4849977
51,390,5.5609717
51,405,5.6221232
51,420,5.669694
51,435,5.7048335
51,450,5.7286115
51,465,5.7420096
51,480,5.745943
51,495,5.7412605
51,510,5.7287393
51,525,5.709107
51,540,5.683033
51,555,5.6511335
51,570,5.613982
51,585,5.572106
51,600,5.5259905
51,615,5.476093
51,630,5.4228196
51,645,5.366555
51,660,5.3076563
51,675,5.246428
51,690,5.1831865
51,705,5.118192
51,720,5.051695
51,735,4.999207
51,750,4.9927764
51,765,5.0293593
51,780,5.103766
51,795,5.2121844
51,810,5.3514156
51,825,5.5184994
51,840,5.7107472
51,855,5.9257007
51,870,6.1610117
51,885,6.414516
51,900,6.684234
51,915,6.968347
51,930,7.2651353
51,945,7.5536513
51,960,7.804082
51,975,8.019658
51,990,8.204336
51,1005,8.360884
51,1020,8.4915905
51,1035,8.598546
51,1050,8.683691
51,1065,8.748828
51,1080,8.795635
51,1095,8.825677
51,1110,8.840407
51,1125,8.841175
51,1140,8.829227
51,1155,8.805723
51,1170,8.771735
51,1185,8.728252
51,1200,8.676198
51,1215,8.6164055
51,1230,8.549667
51,1245,8.476693
51,1260,8.398158
51,1275,8.314669
51,1290,8.226796
51,1305,8.13506
51,1320,8.039943
51,1335,7.9418864
51,1350,7.8412957
51,1365,7.738556
51,1380,7.634004
51,1395,7.5279417
51,1410,7.4206877
51,1425,7.312486
51,1440,7.203561
51,1455,7.109404
51,1470,7.062073
51,1485,7.058524
51,1500,7.0935483
51,1515,7.1633267
51,1530,7.2646337
51,1545,7.394536
51,1560,7.550331
51,1575,7.7295074
51,1590,7.9297295
51,1605,8.148837
51,1620,8.384831
51,1635,8.635868
51,1650,8.900223
51,1665,9.156949
51,1680,9.376206
51,1695,9.561219
51,1710,9.715929
51,1725,9.843093
51,1740,9.944989
51,1755,10.023694
51,1770,10.081139
51,1785,10.119114
51,1800,10.139289
51,1815,10.143221
51,1830,10.132351
51,1845,10.108022
51,1860,10.071467
51,1875,10.023835
51,1890,9.966188
51,1905,9.8995075
51,1920,9.8246975
51,1935,9.7425995
51,1950,9.653987
51,1965,9.55957
51,1980,9.460011
51,1995,9.355918
51,2010,9.247847
51,2025,9.136312
51,2040,9.02179
51,2055,8.904698
51,2070,8.785454
51,2085,8.664407
51,2100,8.541895
51,2115,8.418231
51,2130,8.2936945
51,2145,8.168545
51,2160,8.043021
51,2175,7.932621
51,2190,7.869365
51,2205,7.8502073
51,2220,7.8699293
51,2235,7.92471
51,2250,8.011316
51,2265,8.12681
51,2280,8.268483
51,2295,8.433818
51,2310,8.620475
51,2325,8.826286
51,2340,9.049251
51,2355,9.287518
51,2370,9.539356
51,2385,9.783817
51,2400,9.991053
51,2415,10.164281
51,2430,10.307439
51,2445,10.42328
51,2460,10.514075
51,2475,10.581897
51,2490,10.628673
51,2505,10.656188
51,2520,10.666109
51,2535,10.659986
51,2550,10.639258
51,2565,10.605264
51,2580,10.559232
51,2595,10.502309
51,2610,10.435553
51,2625,10.359936
51,2640,10.276367
51,2655,10.185679
51,2670,10.088642
51,2685,9.985967
51,2700,9.878308
51,2715,9.766269
51,2730,9.65041
51,2745,9.531232
51,2760,9.40922
51,2775,9.28479
51,2790,9.158338
51,2805,9.030231
51,2820,8.900795
51,2835,8.77034
51,2850,8.639143
51,2865,8.507462
51,2880,8.375528
51,2895,8.258844
51,2910,8.189427
51,2925,8.164228
51,2940,8.178026
51,2955,8.226998
51,2970,8.307909
51,2985,8.41782
51,3000,8.554019
51,3015,8.713986
51,3030,8.895381
51,3045,9.096035
51,3060,9.313942
51,3075,9.54725
51,3090,9.794228
51,3105,10.033923
51,3120,10.236485
51,3135,10.40513
51,3150,10.543796
51,3165,10.65523
51,3180,10.741704
51,3195,10.805288
51,3210,10.847907
51,3225,10.8713455
51,3240,10.877268
51,3255,10.867223
51,3270,10.8426485
51,3285,10.80488
51,3300,10.755148
51,3315,10.694595
51,3330,10.624276
51,3345,10.545167
51,3360,10.458171
51,3375,10.364121
51,3390,10.263786
51,3405,10.157875
51,3420,10.047042
51,3435,9.931887
51,3450,9.812972
51,3465,9.690798
51,3480,9.565843
51,3495,9.438529
51,3510,9.309245
51,3525,9.178364
51,3540,9.046204
51,3555,8.913075
51,3570,8.779256
51,3585,8.645001
51,3600,8.510544
51,3615,8.391382
51,3630,8.319534
51,3645,8.291951
51,3660,8.30341
51,3675,8.350087
51,3690,8.428747
51,3705,8.53645
51,3720,8.670484
51,3735,8.828327
51,3750,9.007638
51,3765,9.206247
51,3780,9.422151
51,3795,9.653492
51,3810,9.898541
51,3825,10.136345
51,3840,10.33705
51,3855,10.503876
51,3870,10.640755
51,3885,10.750436
51,3900,10.83519
51,3915,10.897087
51,3930,10.93805
51,3945,10.959864
51,3960,10.964192
51,3975,10.952582
51,3990,10.926473
51,4005,10.8871975
51,4020,10.835986
51,4035,10.773982
51,4050,10.702238
51,4065,10.621731
51,4080,10.533363
51,4095,10.437966
51,4110,10.3363085
51,4125,10.2291
51,4140,10.116993
51,4155,10.000587
51,4170,9.8804455
51,4185,9.757067
51,4200,9.630927
51,4215,9.502454
51,4230,9.37203
51,4245,9.240029
51,4260,9.106772
51,4275,8.972567
51,4290,8.837689
51,4305,8.702396
51,4320,8.566918
51,4335,8.446756
51,4350,8.373925
51,4365,8.345377
51,4380,8.355888
51,4395,8.401637
51,4410,8.479385
51,4425,8.586192
51,4440,8.719348
51,4455,8.876329
51,4470,9.054793
51,4485,9.252573
51,4500,9.46766
51,4515,9.698202
51,4530,9.942466
51,4545,10.1795
51,4560,10.379449
51,4575,10.545531
51,4590,10.681682
51,4605,10.7906475
51,4620,10.8747
51,4635,10.935907
51,4650,10.976193
51,4665,10.997343
51,4680,11.001019
51,4695,10.988768
51,4710,10.9620285
51,4725,10.922135
51,4740,10.8703165
51,4755,10.807717
51,4770,10.735389
51,4785,10.654306
51,4800,10.565374
51,4815,10.469423
51,4830,10.367221
51,4845,10.259479
51,4860,10.146846
51,4875,10.029924
51,4890,9.909276
51,4905,9.7854
51,4920,9.6587715
51,4935,9.529819
51,4950,9.398923
51,4965,9.266459
51,4980,9.132749
51,4995,8.9980955
51,5010,8.86278
51,5025,8.727056
51,5040,8.591154
51,5055,8.470576
51,5070,8.397336
51,5085,8.368387
51,5100,8.378505
51,5115,8.423866
51,5130,8.501234
51,5145,8.607669
51,5160,8.740458
51,5175,8.8970785
51,5190,9.075191
51,5205,9.272622
51,5220,9.487369
51,5235,9.717576
51,5250,9.961512
51,5265,10.198222
51,5280,10.397854
51,5295,10.563625
51,5310,10.6994705
51,5325,10.808135
51,5340,10.891893
51,5355,10.95281
51,5370,10.992811
51,5385,11.013681
51,5400,11.017082
51,5415,11.004561
51,5430,10.977557
51,5445,10.937403
51,5460,10.885328
51,5475,10.822477
51,5490,10.749902
51,5505,10.668576
51,5520,10.579405
51,5535,10.483219
51,5550,10.380787
51,5565,10.272817
51,5580,10.159962
51,5595,10.042822
51,5610,9.921958
51,5625,9.797871
51,5640,9.671034
51,5655,9.541877
51,5670,9.41078
51,5685,9.27812
51,5700,9.144215
51,5715,9.009371
51,5730,8.873868
51,5745,8.737961
51,5760,8.601878
51,5775,8.481122
51,5790,8.407707
51,5805,8.378587
51,5820,8.3885355
51,5835,8.433731
51,5850,8.510936
51,5865,8.61721
51,5880,8.749841
51,5895,8.906308
51,5910,9.084268
51,5925,9.28155
51,5940,9.49615
51,5955,9.726213
51,5970,9.970007
51,5985,10.206578
51,6000,10.406074
51,6015,10.571711
51,6030,10.707423
51,6045,10.815959
51,6060,10.899589
51,6075,10.960381
51,6090,11.000258
51,6105,11.021007
51,6120,11.024288
51,6135,11.01165
51,6150,10.984531
51,6165,10.944263
51,6180,10.892078
51,6195,10.829117
51,6210,10.7564335
51,6225,10.675002
51,6240,10.585728
51,6255,10.489439
51,6270,10.386906
51,6285,10.278838
51,6300,10.165885
51,6315,10.04865
51,6330,9.927691
51,6345,9.803512
51,6360,9.676584
51,6375,9.547338
51,6390,9.416153
51,6405,9.283406
51,6420,9.149416
51,6435,9.014488
51,6450,8.878903
51,6465,8.742914
51,6480,8.606752
51,6495,8.470634
51,6510,8.334749
51,6525,8.199272
51,6540,8.0643635
51,6555,7.930162
51,6570,7.7967978
51,6585,7.6643863
51,6600,7.533031
51,6615,7.4028244
51,6630,7.273847
51,6645,7.146176
51,6660,7.0198784
51,6675,6.8950086
51,6690,6.7716117
51,6705,6.649739
51,6720,6.529434
51,6735,6.4107294
51,6750,6.2936463
51,6765,6.1782103
51,6780,6.064437
51,6795,5.952339
51,6810,5.8419228
51,6825,5.733197
51,6840,5.626164
51,6855,5.5208225
51,6870,5.4171724
51,6885,5.3152103
51,6900,5.214931
51,6915,5.1163254
51,6930,5.0193863
51,6945,4.924102
51,6960,4.830459
51,6975,4.7384443
51,6990,4.6480427
51,7005,4.559238
51,7020,4.4720125
51,7035,4.386349
51,7050,4.3022294
51,7065,4.2196345
51,7080,4.138545
51,7095,4.058942
51,7110,3.9808047
51,7125,3.9041128
51,7140,3.8288462
51,7155,3.7549837
51,7170,3.6825042
51,7185,3.6113868
51,7200,3.54161
52,0,0
52,3,0.00015086815
52,6,0.0011384404
52,9,0.0035341508
52,12,0.007673893
52,15,0.013726122
52,18,0.021755416
52,21,0.03176707
52,24,0.04373484
52,27,0.05761729
52,30,0.073366486
52,33,0.09093272
52,36,0.11026684
52,39,0.13132146
52,42,0.1540512
52,45,0.17841275
52,48,0.20436478
52,51,0.23186778
52,54,0.2608837
52,57,0.2913758
52,60,0.3233084
52,63,0.356647
52,66,0.39135805
52,69,0.42740873
52,72,0.46476722
52,75,0.5034022
52,78,0.54328305
52,81,0.58437973
52,84,0.6266627
52,87,0.67010295
52,90,0.71467197
52,93,0.7603419
52,96,0.80708516
52,99,0.8548748
52,102,0.9036844
52,105,0.9534876
52,108,1.0042585
52,111,1.0559723
52,114,1.1086042
52,117,1.1621304
52,120,1.2165266
52,135,1.5007396
52,150,1.8033305
52,165,2.1217334
52,180,2.4535968
52,195,2.7967741
52,210,3.1492882
52,225,3.4918258
52,240,3.793303
52,255,4.0544596
52,270,4.2794003
52,285,4.4715037
52,300,4.633648
52,315,4.7684536
52,330,4.878334
52,345,4.9655237
52,360,5.032099
52,375,5.079983
52,390,5.1109567
52,405,5.1266603
52,420,5.128607
52,435,5.118191
52,450,5.0966964
52,465,5.065304
52,480,5.025098
52,495,4.9770737
52,510,4.922145
52,525,4.861153
52,540,4.7948575
52,555,4.7239666
52,570,4.649108
52,585,4.570873
52,600,4.4897847
52,615,4.406332
52,630,4.320956
52,645,4.2340574
52,660,4.146003
52,675,4.0571194
52,690,3.9677064
52,705,3.878031
52,720,3.7883337
52,735,3.7125523
52,750,3.6830983
52,765,3.6996112
52,780,3.7567148
52,795,3.8498943
52,810,3.9752433
52,825,4.129239
52,840,4.308664
52,855,4.5105433
52,870,4.7321396
52,885,4.970944
52,900,5.224656
52,915,5.491173
52,930,5.768548
52,945,6.037494
52,960,6.2669353
52,975,6.4576077
52,990,6.6136413
52,1005,6.7384014
52,1020,6.834771
52,1035,6.905359
52,1050,6.952574
52,1065,6.978642
52,1080,6.985621
52,1095,6.9754167
52,1110,6.94979
52,1125,6.9103656
52,1140,6.8586364
52,1155,6.7959743
52,1170,6.72364
52,1185,6.642791
52,1200,6.5544868
52,1215,6.4596987
52,1230,6.3593125
52,1245,6.2541413
52,1260,6.1449265
52,1275,6.0323386
52,1290,5.916992
52,1305,5.7994394
52,1320,5.6801844
52,1335,5.559686
52,1350,5.4383554
52,1365,5.3165708
52,1380,5.1946635
52,1395,5.072943
52,1410,4.9516745
52,1425,4.831106
52,1440,4.711448
52,1455,4.606612
52,1470,4.5490007
52,1485,4.538209
52,1500,4.56886
52,1515,4.636406
52,1530,4.73693
52,1545,4.866887
52,1560,5.023007
52,1575,5.2023034
52,1590,5.402041
52,1605,5.619685
52,1620,5.8529077
52,1635,6.099582
52,1650,6.3577456
52,1665,6.6080923
52,1680,6.8195233
52,1695,6.992757
52,1710,7.1319065
52,1725,7.2403183
52,1740,7.320861
52,1755,7.376124
52,1770,7.408501
52,1785,7.420204
52,1800,7.413276
52,1815,7.3896084
52,1830,7.350948
52,1845,7.2989025
52,1860,7.234955
52,1875,7.160465
52,1890,7.07668
52,1905,6.984746
52,1920,6.8857102
52,1935,6.7805324
52,1950,6.6700892
52,1965,6.55518
52,1980,6.4365396
52,1995,6.314824
52,2010,6.1906486
52,2025,6.0645432
52,2040,5.937019
52,2055,5.8085074
52,2070,5.679428
52,2085,5.550135
52,2100,5.4209666
52,2115,5.29221
52,2130,5.164137
52,2145,5.036976
52,2160,4.910941
52,2175,4.7999306
52,2190,4.7363424
52,2205,4.7197666
52,2220,4.7448196
52,2235,4.806948
52,2250,4.9022303
52,2265,5.0271134
52,2280,5.178325
52,2295,5.35287
52,2310,5.5480084
52,2325,5.761204
52,2340,5.990121
52,2355,6.232629
52,2370,6.48676
52,2385,6.7332044
52,2400,6.940858
52,2415,7.110435
52,2430,7.246046
52,2445,7.3510313
52,2460,7.4282565
52,2475,7.4803076
52,2490,7.5095754
52,2505,7.5182667
52,2520,7.508423
52,2535,7.4819317
52,2550,7.440536
52,2565,7.3858423
52,2580,7.3193297
52,2595,7.2423544
52,2610,7.1561637
52,2625,7.0618987
52,2640,6.9606047
52,2655,6.8532395
52,2670,6.740677
52,2685,6.6237154
52,2700,6.5030847
52,2715,6.379443
52,2730,6.253399
52,2745,6.1254854
52,2760,5.996207
52,2775,5.865998
52,2790,5.735273
52,2805,5.604385
52,2820,5.473671
52,2835,5.3434167
52,2850,5.2138915
52,2865,5.0853233
52,2880,4.9579253
52,2895,4.8455925
52,2910,4.780723
52,2925,4.762905
52,2940,4.786755
52,2955,4.847717
52,2970,4.9418683
52,2985,5.065654
52,3000,5.2157907
52,3015,5.389316
52,3030,5.583474
52,3045,5.795701
52,3060,6.0236683
52,3075,6.265268
52,3090,6.5185227
52,3105,6.7641087
52,3120,6.9709325
52,3135,7.1397057
52,3150,7.274537
52,3165,7.378766
52,3180,7.455258
52,3195,7.506597
52,3210,7.5351744
52,3225,7.5431957
52,3240,7.532701
52,3255,7.505579
52,3270,7.4635706
52,3285,7.4082823
52,3300,7.341192
52,3315,7.263656
52,3330,7.176921
52,3345,7.082127
52,3360,6.98032
52,3375,6.872456
52,3390,6.759409
52,3405,6.6419773
52,3420,6.5208893
52,3435,6.3968043
52,3450,6.270328
52,3465,6.141996
52,3480,6.01231
52,3495,5.881705
52,3510,5.7505956
52,3525,5.6193337
52,3540,5.488257
52,3555,5.3576493
52,3570,5.227781
52,3585,5.098879
52,3600,4.971156
52,3615,4.858508
52,3630,4.7933316
52,3645,4.7752156
52,3660,4.7987747
52,3675,4.8594546
52,3690,4.953332
52,3705,5.076851
52,3720,5.2267284
52,3735,5.4000015
52,3750,5.5939145
52,3765,5.8059025
52,3780,6.0336375
52,3795,6.275011
52,3810,6.5280466
52,3825,6.7734184
52,3840,6.9800344
52,3855,7.148605
52,3870,7.2832394
52,3885,7.3872766
52,3900,7.463581
52,3915,7.5147386
52,3930,7.543138
52,3945,7.550987
52,3960,7.5403237
52,3975,7.5130377
52,3990,7.4708695
52,4005,7.4154253
52,4020,7.348183
52,4035,7.270499
52,4050,7.18362
52,4065,7.088685
52,4080,6.9867406
52,4095,6.8787427
52,4110,6.7655654
52,4125,6.648006
52,4140,6.526794
52,4155,6.402588
52,4170,6.275993
52,4185,6.147546
52,4200,6.017747
52,4215,5.887032
52,4230,5.7558155
52,4245,5.624449
52,4260,5.4932694
52,4275,5.3625617
52,4290,5.232596
52,4305,5.1035986
52,4320,4.975783
52,4335,4.863044
52,4350,4.7977786
52,4365,4.779576
52,4380,4.8030505
52,4395,4.863648
52,4410,4.957444
52,4425,5.0808845
52,4440,5.2306848
52,4455,5.4038825
52,4470,5.597722
52,4485,5.809638
52,4500,6.037303
52,4515,6.278608
52,4530,6.531576
52,4545,6.7768826
52,4560,6.9834347
52,4575,7.1519423
52,4590,7.286515
52,4605,7.390493
52,4620,7.4667387
52,4635,7.5178385
52,4650,7.546182
52,4665,7.5539756
52,4680,7.543259
52,4695,7.5159206
52,4710,7.4737005
52,4725,7.4182057
52,4740,7.350914
52,4755,7.273182
52,4770,7.186255
52,4785,7.091274
52,4800,6.989284
52,4815,6.8812413
52,4830,6.7680206
52,4845,6.6504183
52,4860,6.529164
52,4875,6.404917
52,4890,6.2782817
52,4905,6.149795
52,4920,6.0199575
52,4935,5.8892045
52,4950,5.757951
52,4965,5.6265473
52,4980,5.4953322
52,4995,5.3645897
52,5010,5.2345896
52,5025,5.1055584
52,5040,4.97771
52,5055,4.8649383
52,5070,4.799641
52,5085,4.7814074
52,5100,4.804851
52,5115,4.8654184
52,5130,4.959185
52,5145,5.082597
52,5160,5.2323685
52,5175,5.4055386
52,5190,5.5993505
52,5205,5.81124
52,5220,6.038879
52,5235,6.280158
52,5250,6.533101
52,5265,6.778383
52,5280,6.9849105
52,5295,7.153394
52,5310,7.287944
52,5325,7.391898
52,5340,7.4681215
52,5355,7.5191994
52,5370,7.547521
52,5385,7.555293
52,5400,7.5445557
52,5415,7.517196
52,5430,7.4749565
52,5445,7.4194417
52,5460,7.3521304
52,5475,7.274379
52,5490,7.1874332
52,5505,7.0924335
52,5520,6.990425
52,5535,6.8823647
52,5550,6.769126
52,5565,6.6515064
52,5580,6.5302353
52,5595,6.405971
52,5610,6.27932
52,5625,6.150817
52,5640,6.0209637
52,5655,5.890195
52,5670,5.7589254
52,5685,5.627507
52,5700,5.496277
52,5715,5.3655195
52,5730,5.235505
52,5745,5.1064596
52,5760,4.978597
52,5775,4.865812
52,5790,4.8005013
52,5805,4.782254
52,5820,4.805685
52,5835,4.8662395
52,5850,4.959994
52,5865,5.0833926
52,5880,5.2331524
52,5895,5.4063106
52,5910,5.600111
52,5925,5.811989
52,5940,6.039616
52,5955,6.2808843
52,5970,6.5338163
52,5985,6.779087
52,6000,6.985604
52,6015,7.1540775
52,6030,7.2886167
52,6045,7.392561
52,6060,7.4687743
52,6075,7.519842
52,6090,7.5481544
52,6105,7.555917
52,6120,7.5451703
52,6135,7.517802
52,6150,7.4755526
52,6165,7.4200287
52,6180,7.352709
52,6195,7.2749486
52,6210,7.1879945
52,6225,7.092986
52,6240,6.9909697
52,6255,6.882901
52,6270,6.7696548
52,6285,6.652027
52,6300,6.530748
52,6315,6.4064765
52,6330,6.2798176
52,6345,6.151307
52,6360,6.021446
52,6375,5.890671
52,6390,5.759394
52,6405,5.627969
52,6420,5.4967318
52,6435,5.3659678
52,6450,5.2359467
52,6465,5.1068945
52,6480,4.979026
52,6495,4.852517
52,6510,4.727535
52,6525,4.604217
52,6540,4.4826946
52,6555,4.363066
52,6570,4.2454185
52,6585,4.129844
52,6600,4.0163903
52,6615,3.905103
52,6630,3.7960405
52,6645,3.6892226
52,6660,3.5846698
52,6675,3.4824042
52,6690,3.3824332
52,6705,3.2847624
52,6720,3.1893833
52,6735,3.0962932
52,6750,3.005483
52,6765,2.9169285
52,6780,2.8306131
52,6795,2.7465138
52,6810,2.664601
52,6825,2.584846
52,6840,2.5072157
52,6855,2.431677
52,6870,2.3581946
52,6885,2.286732
52,6900,2.2172508
52,6915,2.1497135
52,6930,2.084082
52,6945,2.020316
52,6960,1.958375
52,6975,1.8982207
52,6990,1.839812
52,7005,1.7831081
52,7020,1.7280692
52,7035,1.674655
52,7050,1.6228251
52,7065,1.5725399
52,7080,1.5237602
52,7095,1.4764467
52,7110,1.4305613
52,7125,1.3860662
52,7140,1.3429238
52,7155,1.3010978
52,7170,1.2605522
52,7185,1.2212512
52,7200,1.1831604
53,0,0
53,3,0.00014686243
53,6,0.0011120276
53,9,0.003437984
53,12,0.007417182
53,15,0.013174277
53,18,0.020737937
53,21,0.030087285
53,24,0.04117905
53,27,0.05396182
53,30,0.06838304
53,33,0.08439234
53,36,0.10194271
53,39,0.120990895
53,42,0.14149709
53,45,0.16342454
53,48,0.18673906
53,51,0.21140857
53,54,0.23740274
53,57,0.2646927
53,60,0.2932509
53,63,0.32305062
53,66,0.3540665
53,69,0.38627338
53,72,0.4196476
53,75,0.45416534
53,78,0.48980382
53,81,0.5265404
53,84,0.5643529
53,87,0.60321975
53,90,0.6431194
53,93,0.68403095
53,96,0.7259338
53,99,0.76880765
53,102,0.8126326
53,105,0.8573892
53,108,0.90305746
53,111,0.9496186
53,114,0.9970541
53,117,1.0453458
53,120,1.0944757
53,135,1.3520721
53,150,1.628044
53,165,1.9204103
53,180,2.2273364
53,195,2.5471284
53,210,2.8782043
53,225,3.2023566
53,240,3.492253
53,255,3.7502372
53,270,3.9800262
53,285,4.1842012
53,300,4.3648114
53,315,4.5236874
53,330,4.6625032
53,345,4.782814
53,360,4.886075
53,375,4.973643
53,390,5.0467787
53,405,5.106653
53,420,5.154355
53,435,5.190895
53,450,5.2172127
53,465,5.234176
53,480,5.2425933
53,495,5.2432113
53,510,5.236726
53,525,5.2237716
53,540,5.2049475
53,555,5.1807914
53,570,5.1518164
53,585,5.1184826
53,600,5.0812287
53,615,5.0404487
53,630,4.9965158
53,645,4.949768
53,660,4.900521
53,675,4.849063
53,690,4.795661
53,705,4.740561
53,720,4.6839876
53,735,4.6393166
53,750,4.635635
53,765,4.670869
53,780,4.7401814
53,795,4.84001
53,810,4.9674497
53,825,5.119893
53,840,5.294947
53,855,5.4904213
53,870,5.7042747
53,885,5.9346137
53,900,6.17968
53,915,6.43785
53,930,6.7076063
53,945,6.9708037
53,960,7.2001467
53,975,7.398021
53,990,7.5681953
53,1005,7.71328
53,1020,7.8353577
53,1035,7.936284
53,1050,8.017765
53,1065,8.08138
53,1080,8.128593
53,1095,8.160776
53,1110,8.17921
53,1125,8.18508
53,1140,8.179484
53,1155,8.163444
53,1170,8.1379
53,1185,8.10373
53,1200,8.061745
53,1215,8.012697
53,1230,7.957276
53,1245,7.8961277
53,1260,7.829834
53,1275,7.7589474
53,1290,7.6839633
53,1305,7.605353
53,1320,7.5235395
53,1335,7.4389224
53,1350,7.351863
53,1365,7.2626977
53,1380,7.1717343
53,1395,7.0792546
53,1410,6.9855227
53,1425,6.890777
53,1440,6.795228
53,1455,6.7122436
53,1470,6.670907
53,1485,6.6691456
53,1500,6.702109
53,1515,6.766228
53,1530,6.858592
53,1545,6.9765906
53,1560,7.117816
53,1575,7.280057
53,1590,7.4612794
53,1605,7.6595793
53,1620,7.873191
53,1635,8.10048
53,1650,8.339921
53,1665,8.573357
53,1680,8.773478
53,1695,8.942664
53,1710,9.084673
53,1725,9.202106
53,1740,9.297038
53,1755,9.371312
53,1770,9.426628
53,1785,9.464556
53,1800,9.486552
53,1815,9.493981
53,1830,9.4881115
53,1845,9.470121
53,1860,9.441103
53,1875,9.402067
53,1890,9.3539505
53,1905,9.29762
53,1920,9.23388
53,1935,9.163475
53,1950,9.087088
53,1965,9.005355
53,1980,8.918853
53,1995,8.828126
53,2010,8.733665
53,2025,8.635932
53,2040,8.53535
53,2055,8.432305
53,2070,8.327161
53,2085,8.220243
53,2100,8.1118555
53,2115,8.002273
53,2130,7.8917484
53,2145,7.780516
53,2160,7.6687875
53,2175,7.5699515
53,2190,7.513005
53,2205,7.4959593
53,2220,7.513913
53,2235,7.5632997
53,2250,7.6411905
53,2265,7.744995
53,2280,7.872303
53,2295,8.020893
53,2310,8.188711
53,2325,8.373852
53,2340,8.57455
53,2355,8.789168
53,2370,9.016173
53,2385,9.237407
53,2400,9.425554
53,2415,9.582989
53,2430,9.713466
53,2445,9.819579
53,2460,9.903401
53,2475,9.966769
53,2490,10.01138
53,2505,10.038799
53,2520,10.050482
53,2535,10.047788
53,2550,10.031979
53,2565,10.004231
53,2580,9.965633
53,2595,9.917194
53,2610,9.859846
53,2625,9.794453
53,2640,9.721815
53,2655,9.642675
53,2670,9.557712
53,2685,9.467562
53,2700,9.372794
53,2715,9.273954
53,2730,9.171528
53,2745,9.065973
53,2760,8.95771
53,2775,8.847124
53,2790,8.734574
53,2805,8.620385
53,2820,8.504858
53,2835,8.388267
53,2850,8.270862
53,2865,8.152873
53,2880,8.034511
53,2895,7.929153
53,2910,7.8658195
53,2925,7.8424954
53,2940,7.8542895
53,2955,7.8976297
53,2970,7.9695873
53,2985,8.067562
53,3000,8.189143
53,3015,8.332112
53,3030,8.494421
53,3045,8.674152
53,3060,8.8695345
53,3075,9.078934
53,3090,9.300822
53,3105,9.517036
53,3120,9.700253
53,3135,9.852844
53,3150,9.978566
53,3165,10.080011
53,3180,10.159249
53,3195,10.218117
53,3210,10.258308
53,3225,10.281388
53,3240,10.288811
53,3255,10.281932
53,3270,10.262015
53,3285,10.230232
53,3300,10.187673
53,3315,10.135343
53,3330,10.074173
53,3345,10.005028
53,3360,9.928703
53,3375,9.845944
53,3390,9.757426
53,3405,9.663785
53,3420,9.56559
53,3435,9.463385
53,3450,9.357652
53,3465,9.248849
53,3480,9.137396
53,3495,9.023676
53,3510,8.908047
53,3525,8.790834
53,3540,8.672337
53,3555,8.552828
53,3570,8.432558
53,3585,8.311756
53,3600,8.19063
53,3615,8.082556
53,3630,8.016559
53,3645,7.990618
53,3660,7.99984
53,3675,8.0406685
53,3690,8.110157
53,3705,8.205663
53,3720,8.324865
53,3735,8.465506
53,3750,8.625485
53,3765,8.802948
53,3780,8.996116
53,3795,9.203341
53,3810,9.423082
53,3825,9.63718
53,3840,9.818324
53,3855,9.968884
53,3870,10.092612
53,3885,10.192099
53,3900,10.269412
53,3915,10.32639
53,3930,10.364725
53,3945,10.385981
53,3960,10.391612
53,3975,10.382974
53,3990,10.361328
53,4005,10.3278475
53,4020,10.283619
53,4035,10.229649
53,4050,10.166869
53,4065,10.096141
53,4080,10.018263
53,4095,9.933976
53,4110,9.843957
53,4125,9.748842
53,4140,9.649199
53,4155,9.545569
53,4170,9.438438
53,4185,9.328262
53,4200,9.215458
53,4215,9.100412
53,4230,8.983479
53,4245,8.8649845
53,4260,8.745228
53,4275,8.624482
53,4290,8.502996
53,4305,8.381
53,4320,8.2587
53,4335,8.14947
53,4350,8.082342
53,4365,8.055287
53,4380,8.063416
53,4395,8.103169
53,4410,8.171597
53,4425,8.266076
53,4440,8.384245
53,4455,8.523872
53,4470,8.682888
53,4485,8.859386
53,4500,9.0516
53,4515,9.25789
53,4530,9.476717
53,4545,9.68992
53,4560,9.870183
53,4575,10.019875
53,4590,10.142749
53,4605,10.241396
53,4620,10.317885
53,4635,10.374053
53,4650,10.411592
53,4665,10.432066
53,4680,10.436928
53,4695,10.427534
53,4710,10.405146
53,4725,10.3709345
53,4740,10.325989
53,4755,10.271314
53,4770,10.207842
53,4785,10.136432
53,4800,10.057884
53,4815,9.9729395
53,4830,9.882273
53,4845,9.786523
53,4860,9.686254
53,4875,9.58201
53,4890,9.474277
53,4905,9.363505
53,4920,9.250118
53,4935,9.134499
53,4950,9.017001
53,4965,8.897953
53,4980,8.77765
53,4995,8.656368
53,5010,8.534356
53,5025,8.411841
53,5040,8.289033
53,5055,8.179303
53,5070,8.111683
53,5085,8.084145
53,5100,8.091797
53,5115,8.131068
53,5130,8.199033
53,5145,8.29309
53,5160,8.4108305
53,5175,8.550004
53,5190,8.708578
53,5205,8.884662
53,5220,9.076466
53,5235,9.282347
53,5250,9.5007715
53,5265,9.713579
53,5280,9.893455
53,5295,10.042768
53,5310,10.165268
53,5325,10.263549
53,5340,10.339678
53,5355,10.395491
53,5370,10.432681
53,5385,10.452812
53,5400,10.457337
53,5415,10.447613
53,5430,10.424898
53,5445,10.3903675
53,5460,10.345107
53,5475,10.290122
53,5490,10.226345
53,5505,10.154636
53,5520,10.075794
53,5535,9.99056
53,5550,9.899609
53,5565,9.803578
53,5580,9.703034
53,5595,9.59852
53,5610,9.49052
53,5625,9.379487
53,5640,9.265842
53,5655,9.149969
53,5670,9.032222
53,5685,8.912929
53,5700,8.792385
53,5715,8.670866
53,5730,8.54862
53,5745,8.425877
53,5760,8.302842
53,5775,8.19289
53,5790,8.1250515
53,5805,8.0973
53,5820,8.104741
53,5835,8.143805
53,5850,8.211565
53,5865,8.305423
53,5880,8.422965
53,5895,8.561944
53,5910,8.720327
53,5925,8.896224
53,5940,9.087843
53,5955,9.293543
53,5970,9.511789
53,5985,9.724422
53,6000,9.904125
53,6015,10.0532675
53,6030,10.175602
53,6045,10.273719
53,6060,10.349687
53,6075,10.405341
53,6090,10.442375
53,6105,10.462353
53,6120,10.466727
53,6135,10.456854
53,6150,10.433993
53,6165,10.399319
53,6180,10.353917
53,6195,10.298794
53,6210,10.2348795
53,6225,10.163036
53,6240,10.084061
53,6255,9.998696
53,6270,9.907618
53,6285,9.8114605
53,6300,9.710793
53,6315,9.606156
53,6330,9.498036
53,6345,9.386886
53,6360,9.273124
53,6375,9.157136
53,6390,9.039277
53,6405,8.919873
53,6420,8.79922
53,6435,8.677594
53,6450,8.555243
53,6465,8.432395
53,6480,8.309258
53,6495,8.186026
53,6510,8.062867
53,6525,7.9399447
53,6540,7.8173976
53,6555,7.6953564
53,6570,7.5739427
53,6585,7.45327
53,6600,7.3334146
53,6615,7.2144732
53,6630,7.0965333
53,6645,6.9796753
53,6660,6.8639455
53,6675,6.749407
53,6690,6.636107
53,6705,6.5240865
53,6720,6.413378
53,6735,6.304012
53,6750,6.1960163
53,6765,6.0894117
53,6780,5.9842176
53,6795,5.8804502
53,6810,5.778125
53,6825,5.677247
53,6840,5.577827
53,6855,5.479869
53,6870,5.383373
53,6885,5.2883396
53,6900,5.1947656
53,6915,5.1026464
53,6930,5.0119753
53,6945,4.922745
53,6960,4.8349476
53,6975,4.7485723
53,6990,4.6636086
53,7005,4.5800447
53,7020,4.497869
53,7035,4.417067
53,7050,4.337626
53,7065,4.259531
53,7080,4.1827664
53,7095,4.1073174
53,7110,4.033167
53,7125,3.9602995
53,7140,3.8886979
53,7155,3.818345
53,7170,3.7492244
53,7185,3.6813188
53,7200,3.6146104
54,0,0
54,3,0.00015822236
54,6,0.0011752344
54,9,0.0035922695
54,12,0.0076801395
54,15,0.013536307
54,18,0.02116421
54,21,0.030523285
54,24,0.041555546
54,27,0.054199852
54,30,0.06839743
54,33,0.08409445
54,36,0.101242356
54,39,0.11979763
54,42,0.13972107
54,45,0.16097704
54,48,0.18353269
54,51,0.20735733
54,54,0.23242213
54,57,0.25869963
54,60,0.2861636
54,63,0.3147888
54,66,0.34455088
54,69,0.37542605
54,72,0.40739152
54,75,0.4404246
54,78,0.47450334
54,81,0.50960606
54,84,0.5457113
54,87,0.58279824
54,90,0.62084615
54,93,0.65983474
54,96,0.69974416
54,99,0.7405547
54,102,0.7822471
54,105,0.8248025
54,108,0.8682018
54,111,0.9124265
54,114,0.9574587
54,117,1.0032806
54,120,1.0498751
54,135,1.2938284
54,150,1.5545937
54,165,1.830255
54,180,2.1190417
54,195,2.4193225
54,210,2.729573
54,225,3.0312588
54,240,3.2984118
54,255,3.534666
54,270,3.7438054
54,285,3.928286
54,300,4.0900917
54,315,4.2309885
54,330,4.352628
54,345,4.4565477
54,360,4.5441756
54,375,4.6168423
54,390,4.6757884
54,405,4.7221665
54,420,4.757046
54,435,4.781416
54,450,4.796196
54,465,4.8022337
54,480,4.8003163
54,495,4.791174
54,510,4.7754784
54,525,4.753853
54,540,4.726873
54,555,4.695074
54,570,4.6589465
54,585,4.618935
54,600,4.5754747
54,615,4.528929
54,630,4.4796515
54,645,4.4279785
54,660,4.3741913
54,675,4.318574
54,690,4.2613797
54,705,4.2028413
54,720,4.1431713
54,735,4.0961146
54,750,4.0896463
54,765,4.1203136
54,780,4.1831694
54,795,4.274816
54,810,4.392461
54,825,4.533602
54,840,4.695923
54,855,4.877278
54,870,5.0756826
54,885,5.289299
54,900,5.5164266
54,915,5.755495
54,930,6.005032
54,945,6.2465467
54,960,6.454143
54,975,6.6314554
54,990,6.7823157
54,1005,6.909208
54,1020,7.0141315
54,1035,7.0988793
54,1050,7.165125
54,1065,7.2144203
54,1080,7.248209
54,1095,7.267834
54,1110,7.2745366
54,1125,7.2694817
54,1140,7.2537355
54,1155,7.228296
54,1170,7.1940846
54,1185,7.1519485
54,1200,7.1026773
54,1215,7.046994
54,1230,6.9855704
54,1245,6.919027
54,1260,6.84793
54,1275,6.772808
54,1290,6.6941442
54,1305,6.612382
54,1320,6.527933
54,1335,6.4411716
54,1350,6.352443
54,1365,6.26207
54,1380,6.1703386
54,1395,6.077514
54,1410,5.983845
54,1425,5.889544
54,1440,5.7948217
54,1455,5.7133884
54,1470,5.6732297
54,1485,5.6708784
54,1500,5.701383
54,1515,5.7613454
54,1530,5.8479424
54,1545,5.9586606
54,1560,6.091191
54,1575,6.243373
54,1590,6.4132075
54,1605,6.5988474
54,1620,6.79858
54,1635,7.0108256
54,1650,7.234101
54,1665,7.449902
54,1680,7.632324
54,1695,7.7849874
54,1710,7.911715
54,1725,8.014977
54,1740,8.096769
54,1755,8.158867
54,1770,8.202934
54,1785,8.230516
54,1800,8.243046
54,1815,8.241856
54,1830,8.228179
54,1845,8.203169
54,1860,8.16789
54,1875,8.123328
54,1890,8.0703945
54,1905,8.009932
54,1920,7.942718
54,1935,7.8694706
54,1950,7.790853
54,1965,7.7074757
54,1980,7.619902
54,1995,7.52865
54,2010,7.4342
54,2025,7.336983
54,2040,7.2374125
54,2055,7.135844
54,2070,7.0326233
54,2085,6.928056
54,2100,6.822423
54,2115,6.715988
54,2130,6.6089897
54,2145,6.5016427
54,2160,6.3941493
54,2175,6.300226
54,2190,6.2478437
54,2205,6.233526
54,2220,6.2523203
54,2235,6.300827
54,2250,6.37621
54,2265,6.475945
54,2280,6.597731
54,2295,6.739399
54,2310,6.8989406
54,2325,7.0745077
54,2340,7.2643905
54,2355,7.467001
54,2370,7.6808486
54,2385,7.8874154
54,2400,8.0608
54,2415,8.2046175
54,2430,8.322688
54,2445,8.417476
54,2460,8.490974
54,2475,8.544952
54,2490,8.581072
54,2505,8.600873
54,2520,8.605786
54,2535,8.59714
54,2550,8.576165
54,2565,8.544009
54,2580,8.501736
54,2595,8.450325
54,2610,8.390686
54,2625,8.32366
54,2640,8.250019
54,2655,8.17048
54,2670,8.085701
54,2685,7.996293
54,2700,7.9028134
54,2715,7.8057785
54,2730,7.7056665
54,2745,7.602908
54,2760,7.4979086
54,2775,7.3910317
54,2790,7.2826056
54,2805,7.172948
54,2820,7.062329
54,2835,6.9510117
54,2850,6.8392305
54,2865,6.727201
54,2880,6.615119
54,2895,6.516705
54,2910,6.4599257
54,2925,6.441303
54,2940,6.455882
54,2955,6.5002656
54,2970,6.5715947
54,2985,6.667384
54,3000,6.7853184
54,3015,6.923182
54,3030,7.079013
54,3045,7.250959
54,3060,7.43729
54,3075,7.6364145
54,3090,7.8468447
54,3105,8.05007
54,3120,8.220187
54,3135,8.360806
54,3150,8.475746
54,3165,8.567469
54,3180,8.637964
54,3195,8.689003
54,3210,8.722243
54,3225,8.739224
54,3240,8.741377
54,3255,8.730025
54,3270,8.706402
54,3285,8.671653
54,3300,8.626838
54,3315,8.572938
54,3330,8.510861
54,3345,8.441448
54,3360,8.365469
54,3375,8.283638
54,3390,8.196616
54,3405,8.105009
54,3420,8.009377
54,3435,7.9102316
54,3450,7.8080535
54,3465,7.7032714
54,3480,7.5962877
54,3495,7.4874697
54,3510,7.3771405
54,3525,7.2656198
54,3540,7.153176
54,3555,7.0400696
54,3570,6.926536
54,3585,6.81279
54,3600,6.6990247
54,3615,6.5989623
54,3630,6.540568
54,3645,6.520363
54,3660,6.533392
54,3675,6.5762587
54,3690,6.6461005
54,3705,6.7404327
54,3720,6.8569455
54,3735,6.993408
54,3750,7.147868
54,3765,7.318474
54,3780,7.5034904
54,3795,7.7013264
54,3810,7.9104977
54,3825,8.112492
54,3840,8.281401
54,3855,8.420836
54,3870,8.5346155
54,3885,8.6252
54,3900,8.694583
54,3915,8.74453
54,3930,8.7767
54,3945,8.792633
54,3960,8.793758
54,3975,8.781401
54,3990,8.75679
54,4005,8.721074
54,4020,8.675312
54,4035,8.620483
54,4050,8.557497
54,4065,8.487192
54,4080,8.410338
54,4095,8.327651
54,4110,8.239789
54,4125,8.147359
54,4140,8.050919
54,4155,7.950983
54,4170,7.8480296
54,4185,7.742488
54,4200,7.6347585
54,4215,7.5252104
54,4230,7.4141655
54,4245,7.3019433
54,4260,7.1888123
54,4275,7.0750318
54,4290,6.9608374
54,4305,6.8464427
54,4320,6.7320423
54,4335,6.6313567
54,4350,6.572351
54,4365,6.551547
54,4380,6.5639896
54,4395,6.6062818
54,4410,6.6755595
54,4425,6.769338
54,4440,6.885309
54,4455,7.021241
54,4470,7.1751804
54,4485,7.3452764
54,4500,7.529793
54,4515,7.727138
54,4530,7.935829
54,4545,8.137353
54,4560,8.3058
54,4575,8.444783
54,4590,8.558119
54,4605,8.648269
54,4620,8.717224
54,4635,8.766753
54,4650,8.798512
54,4665,8.814044
54,4680,8.8147745
54,4695,8.80203
54,4710,8.7770405
54,4725,8.7409525
54,4740,8.694825
54,4755,8.639639
54,4770,8.576302
54,4785,8.505652
54,4800,8.42846
54,4815,8.345442
54,4830,8.257255
54,4845,8.164506
54,4860,8.067754
54,4875,7.967511
54,4890,7.864257
54,4905,7.75842
54,4920,7.650401
54,4935,7.5405693
54,4950,7.4292455
54,4965,7.31675
54,4980,7.203351
54,4995,7.0893073
54,5010,6.974855
54,5025,6.860207
54,5040,6.745558
54,5055,6.6446285
54,5070,6.585384
54,5085,6.5643454
54,5100,6.576557
54,5115,6.6186237
54,5130,6.6876802
54,5145,6.7812414
54,5160,6.896999
54,5175,7.0327215
54,5190,7.186456
54,5205,7.356351
54,5220,7.54067
54,5235,7.7378216
54,5250,7.946323
54,5265,8.147659
54,5280,8.315925
54,5295,8.454727
54,5310,8.567887
54,5325,8.657865
54,5340,8.726651
54,5355,8.776013
54,5370,8.80761
54,5385,8.822981
54,5400,8.823554
54,5415,8.810656
54,5430,8.785514
54,5445,8.749278
54,5460,8.703005
54,5475,8.6476755
54,5490,8.584197
54,5505,8.51341
54,5520,8.436083
54,5535,8.352931
54,5550,8.264613
54,5565,8.171737
54,5580,8.074858
54,5595,7.974492
54,5610,7.871116
54,5625,7.7651606
54,5640,7.6570244
54,5655,7.5470777
54,5670,7.4356413
54,5685,7.3230352
54,5700,7.209528
54,5715,7.0953774
54,5730,6.98082
54,5745,6.8660693
54,5760,6.7513194
54,5775,6.6502905
54,5790,6.5909486
54,5805,6.569814
54,5820,6.581932
54,5835,6.6239066
54,5850,6.6928725
54,5865,6.7863445
54,5880,6.9020143
54,5895,7.037652
54,5910,7.1913023
54,5925,7.3611145
54,5940,7.5453525
54,5955,7.742425
54,5970,7.9508476
54,5985,8.152107
54,6000,8.320297
54,6015,8.459026
54,6030,8.572113
54,6045,8.662019
54,6060,8.730736
54,6075,8.780029
54,6090,8.811558
54,6105,8.826862
54,6120,8.827371
54,6135,8.814407
54,6150,8.789204
54,6165,8.752906
54,6180,8.706572
54,6195,8.651182
54,6210,8.5876465
54,6225,8.516801
54,6240,8.439417
54,6255,8.35621
54,6270,8.267838
54,6285,8.174907
54,6300,8.077976
54,6315,7.977558
54,6330,7.874131
54,6345,7.7681255
54,6360,7.6599402
54,6375,7.5499454
54,6390,7.4384613
54,6405,7.3258085
54,6420,7.2122555
54,6435,7.0980597
54,6450,6.983458
54,6465,6.8686643
54,6480,6.753871
54,6495,6.639261
54,6510,6.524991
54,6525,6.4112086
54,6540,6.298045
54,6555,6.1856174
54,6570,6.0740314
54,6585,5.9633813
54,6600,5.8537517
54,6615,5.745218
54,6630,5.6378465
54,6645,5.5316978
54,6660,5.426822
54,6675,5.3232665
54,6690,5.2210693
54,6705,5.120264
54,6720,5.0208783
54,6735,4.922936
54,6750,4.8264556
54,6765,4.731452
54,6780,4.637936
54,6795,4.545916
54,6810,4.4553967
54,6825,4.36638
54,6840,4.2788663
54,6855,4.1928525
54,6870,4.1083336
54,6885,4.0253034
54,6900,3.9437535
54,6915,3.863674
54,6930,3.7850533
54,6945,3.707879
54,6960,3.6321378
54,6975,3.557815
54,6990,3.484895
54,7005,3.4133618
54,7020,3.3431983
54,7035,3.2743874
54,7050,3.206911
54,7065,3.1407506
54,7080,3.0758877
54,7095,3.012303
54,7110,2.9499776
54,7125,2.8888917
54,7140,2.8290257
54,7155,2.77036
54,7170,2.7128751
54,7185,2.6565506
54,7200,2.6013675
55,0,0
55,3,0.0001377798
55,6,0.0010373425
55,9,0.0031859146
55,12,0.0068458593
55,15,0.012135599
55,18,0.01909125
55,21,0.027705342
55,24,0.037949223
55,27,0.049785167
55,30,0.0631724
55,33,0.078070164
55,36,0.09443907
55,39,0.11224165
55,42,0.1314424
55,45,0.15200761
55,48,0.17390527
55,51,0.19710475
55,54,0.22157665
55,57,0.24729256
55,60,0.274225
55,63,0.3023472
55,66,0.33163336
55,69,0.36205798
55,72,0.39359662
55,75,0.42622486
55,78,0.45991912
55,81,0.4946561
55,84,0.53041285
55,87,0.5671669
55,90,0.6048962
55,93,0.6435788
55,96,0.68319356
55,99,0.72371936
55,102,0.7651355
55,105,0.80742174
55,108,0.8505577
55,111,0.8945237
55,114,0.93930054
55,117,0.98486936
55,120,1.0312115
55,135,1.2738789
55,150,1.5332246
55,165,1.8072182
55,180,2.0939884
55,195,2.3918157
55,210,2.6991034
55,225,2.9989789
55,240,3.265859
55,255,3.5009248
55,270,3.707383
55,285,3.8877418
55,300,4.044161
55,315,4.1785836
55,330,4.2928133
55,345,4.3885264
55,360,4.46728
55,375,4.5305204
55,390,4.579591
55,405,4.6157384
55,420,4.6401167
55,435,4.653794
55,450,4.657756
55,465,4.6529126
55,480,4.640107
55,495,4.620118
55,510,4.593661
55,525,4.5613985
55,540,4.523941
55,555,4.4818506
55,570,4.435649
55,585,4.3858004
55,600,4.3327594
55,615,4.276913
55,630,4.2186193
55,645,4.1582327
55,660,4.096045
55,675,4.032342
55,690,3.9673867
55,705,3.9014163
55,720,3.8346448
55,735,3.7794158
55,750,3.76269
55,765,3.7835054
55,780,3.8376148
55,795,3.9215531
55,810,4.0323267
55,825,4.1672287
55,840,4.3237796
55,855,4.4996777
55,870,4.692795
55,885,4.9011707
55,900,5.1229997
55,915,5.3566194
55,930,5.6004815
55,945,5.8377657
55,960,6.0428925
55,975,6.21709
55,990,6.3635907
55,1005,6.484928
55,1020,6.583264
55,1035,6.6605654
55,1050,6.718651
55,1065,6.7591996
55,1080,6.7837734
55,1095,6.793824
55,1110,6.7906938
55,1125,6.775631
55,1140,6.749787
55,1155,6.714226
55,1170,6.669929
55,1185,6.617801
55,1200,6.5586786
55,1215,6.493332
55,1230,6.422467
55,1245,6.346737
55,1260,6.266739
55,1275,6.1830235
55,1290,6.0960984
55,1305,6.006425
55,1320,5.9144273
55,1335,5.820493
55,1350,5.7249713
55,1365,5.628191
55,1380,5.530439
55,1395,5.4319925
55,1410,5.3330884
55,1425,5.2339573
55,1440,5.1347947
55,1455,5.047913
55,1470,5.0002747
55,1485,4.9909124
55,1500,5.0155554
55,1515,5.0707254
55,1530,5.1534214
55,1545,5.260925
55,1560,5.3907313
55,1575,5.540527
55,1590,5.7081757
55,1605,5.891705
55,1620,6.0892944
55,1635,6.2992663
55,1650,6.520058
55,1665,6.734836
55,1680,6.918007
55,1695,7.070786
55,1710,7.196392
55,1725,7.297355
55,1740,7.375808
55,1755,7.433703
55,1770,7.4728665
55,1785,7.4949594
55,1800,7.5015254
55,1815,7.4940047
55,1830,7.4737372
55,1845,7.4419603
55,1860,7.3998137
55,1875,7.348349
55,1890,7.2885394
55,1905,7.2212844
55,1920,7.1474085
55,1935,7.067679
55,1950,6.9827833
55,1965,6.8933735
55,1980,6.800027
55,1995,6.7032933
55,2010,6.603663
55,2025,6.5015945
55,2040,6.3975034
55,2055,6.29177
55,2070,6.184744
55,2085,6.0767384
55,2100,5.968046
55,2115,5.8589253
55,2130,5.749618
55,2145,5.640337
55,2160,5.5312796
55,2175,5.4347486
55,2190,5.3777013
55,2205,5.3591623
55,2220,5.3748574
55,2235,5.421303
55,2250,5.495491
55,2265,5.594699
55,2280,5.7164173
55,2295,5.858327
55,2310,6.018286
55,2325,6.194319
55,2340,6.3845983
55,2355,6.587444
55,2370,6.801287
55,2385,7.00929
55,2400,7.1858554
55,2415,7.332192
55,2430,7.451516
55,2445,7.546353
55,2460,7.6188326
55,2475,7.6708994
55,2490,7.7043796
55,2505,7.7209296
55,2520,7.7220907
55,2535,7.709297
55,2550,7.6838856
55,2565,7.647091
55,2580,7.60005
55,2595,7.5438113
55,2610,7.4793453
55,2625,7.407546
55,2640,7.3292394
55,2655,7.245183
55,2670,7.1560726
55,2685,7.0625463
55,2700,6.9651875
55,2715,6.8645396
55,2730,6.761089
55,2745,6.6552963
55,2760,6.547568
55,2775,6.438289
55,2790,6.3278
55,2805,6.2164197
55,2820,6.104431
55,2835,5.9920974
55,2850,5.879653
55,2865,5.767312
55,2880,5.65527
55,2895,5.5558257
55,2910,5.495936
55,2925,5.474624
55,2940,5.487614
55,2955,5.53142
55,2970,5.603034
55,2985,5.699731
55,3000,5.8189993
55,3015,5.9585185
55,3030,6.1161466
55,3045,6.2899046
55,3060,6.4779654
55,3075,6.678646
55,3090,6.8903785
55,3105,7.0963216
55,3120,7.2708764
55,3135,7.415252
55,3150,7.532663
55,3165,7.6256323
55,3180,7.69629
55,3195,7.746578
55,3210,7.7783227
55,3225,7.793179
55,3240,7.79268
55,3255,7.778272
55,3270,7.7512894
55,3285,7.712958
55,3300,7.6644144
55,3315,7.6067123
55,3330,7.5408196
55,3345,7.4676294
55,3360,7.3879614
55,3375,7.302569
55,3390,7.212149
55,3405,7.11734
55,3420,7.0187316
55,3435,6.916862
55,3450,6.8122253
55,3465,6.7052736
55,3480,6.5964193
55,3495,6.4860396
55,3510,6.374478
55,3525,6.2620482
55,3540,6.149036
55,3555,6.0357003
55,3570,5.9222765
55,3585,5.808981
55,3600,5.696004
55,3615,5.595657
55,3630,5.534885
55,3645,5.512712
55,3660,5.5248604
55,3675,5.567845
55,3690,5.6386557
55,3705,5.7345686
55,3720,5.853071
55,3735,5.9918427
55,3750,6.148741
55,3765,6.321785
55,3780,6.5091496
55,3795,6.70915
55,3810,6.9202175
55,3825,7.1255116
55,3840,7.2994328
55,3855,7.443189
55,3870,7.5599947
55,3885,7.652373
55,3900,7.7224536
55,3915,7.7721777
55,3930,7.803371
55,3945,7.817689
55,3960,7.8166633
55,3975,7.801741
55,3990,7.7742558
55,4005,7.735433
55,4020,7.68641
55,4035,7.6282387
55,4050,7.5618873
55,4065,7.4882493
55,4080,7.408143
55,4095,7.322323
55,4110,7.231485
55,4125,7.1362667
55,4140,7.0372586
55,4155,6.9349976
55,4170,6.829979
55,4185,6.7226534
55,4200,6.6134343
55,4215,6.5026975
55,4230,6.3907866
55,4245,6.2780156
55,4260,6.16467
55,4275,6.051008
55,4290,5.9372654
55,4305,5.823658
55,4320,5.7103763
55,4335,5.6097307
55,4350,5.5486674
55,4365,5.5262094
55,4380,5.5380793
55,4395,5.580791
55,4410,5.6513352
55,4425,5.7469873
55,4440,5.8652353
55,4455,6.0037584
55,4470,6.1604123
55,4485,6.333219
55,4500,6.5203505
55,4515,6.7201233
55,4530,6.9309688
55,4545,7.136045
55,4560,7.3097534
55,4575,7.453302
55,4590,7.569904
55,4605,7.662083
55,4620,7.7319694
55,4635,7.7815027
55,4650,7.8125095
55,4665,7.826645
55,4680,7.8254414
55,4695,7.810344
55,4710,7.782688
55,4725,7.743698
55,4740,7.694512
55,4755,7.6361804
55,4770,7.569672
55,4785,7.4958806
55,4800,7.4156246
55,4815,7.3296576
55,4830,7.2386756
55,4845,7.1433167
55,4860,7.0441704
55,4875,6.941775
55,4890,6.836624
55,4905,6.7291694
55,4920,6.6198235
55,4935,6.5089626
55,4950,6.3969307
55,4965,6.284041
55,4980,6.1705785
55,4995,6.056803
55,5010,5.942949
55,5025,5.8292317
55,5040,5.715843
55,5055,5.615093
55,5070,5.5539274
55,5085,5.5313687
55,5100,5.54314
55,5115,5.585756
55,5130,5.6562057
55,5145,5.7517657
55,5160,5.869923
55,5175,6.0083575
55,5190,6.1649246
55,5205,6.3376465
55,5220,6.524695
55,5235,6.724386
55,5250,6.9351516
55,5265,7.14015
55,5280,7.313782
55,5295,7.457256
55,5310,7.5737844
55,5325,7.6658916
55,5340,7.7357073
55,5355,7.7851715
55,5370,7.816111
55,5385,7.83018
55,5400,7.8289113
55,5415,7.8137507
55,5430,7.786032
55,5445,7.746981
55,5460,7.697735
55,5475,7.639344
55,5490,7.5727787
55,5505,7.498931
55,5520,7.4186196
55,5535,7.332598
55,5550,7.241563
55,5565,7.146152
55,5580,7.0469546
55,5595,6.9445086
55,5610,6.8393087
55,5625,6.731806
55,5640,6.6224127
55,5655,6.5115056
55,5670,6.399428
55,5685,6.2864933
55,5700,6.1729875
55,5715,6.0591693
55,5730,5.9452724
55,5745,5.8315144
55,5760,5.7180853
55,5775,5.6172957
55,5790,5.556091
55,5805,5.533494
55,5820,5.545228
55,5835,5.5878067
55,5850,5.658221
55,5865,5.753745
55,5880,5.871868
55,5895,6.010268
55,5910,6.1668024
55,5925,6.3394914
55,5940,6.526508
55,5955,6.7261677
55,5970,6.936902
55,5985,7.14187
55,6000,7.3154726
55,6015,7.458917
55,6030,7.575417
55,6045,7.667496
55,6060,7.737284
55,6075,7.7867217
55,6090,7.8176346
55,6105,7.8316774
55,6120,7.8303833
55,6135,7.8151975
55,6150,7.7874546
55,6165,7.748379
55,6180,7.699109
55,6195,7.6406956
55,6210,7.574107
55,6225,7.5002365
55,6240,7.4199033
55,6255,7.3338604
55,6270,7.2428036
55,6285,7.1473722
55,6300,7.048154
55,6315,6.945688
55,6330,6.8404684
55,6345,6.732946
55,6360,6.6235332
55,6375,6.5126076
55,6390,6.4005117
55,6405,6.287559
55,6420,6.1740355
55,6435,6.0601997
55,6450,5.946286
55,6465,5.8325114
55,6480,5.7190657
55,6495,5.6061234
55,6510,5.493845
55,6525,5.382366
55,6540,5.2718153
55,6555,5.1623054
55,6570,5.0539336
55,6585,4.9467893
55,6600,4.8409495
55,6615,4.736481
55,6630,4.6334443
55,6645,4.5318885
55,6660,4.431856
55,6675,4.333386
55,6690,4.2365055
55,6705,4.14124
55,6720,4.0476093
55,6735,3.9556262
55,6750,3.865302
55,6765,3.7766418
55,6780,3.689648
55,6795,3.60432
55,6810,3.5206535
55,6825,3.438642
55,6840,3.3582773
55,6855,3.2795472
55,6870,3.2024395
55,6885,3.1269395
55,6900,3.0530305
55,6915,2.9806955
55,6930,2.9099157
55,6945,2.8406706
55,6960,2.7729404
55,6975,2.7067027
55,6990,2.641936
55,7005,2.5786173
55,7020,2.5167234
55,7035,2.4562304
55,7050,2.3971148
55,7065,2.3393524
55,7080,2.2829185
55,7095,2.227789
55,7110,2.1739395
55,7125,2.1213453
55,7140,2.0699818
55,7155,2.0198252
55,7170,1.970851
55,7185,1.9230349
55,7200,1.8763533
56,0,0
56,3,0.00016102058
56,6,0.0011845432
56,9,0.0036202974
56,12,0.0077611366
56,15,0.013729226
56,18,0.021548333
56,21,0.031191692
56,24,0.04260926
56,27,0.055742923
56,30,0.07053368
56,33,0.08692511
56,36,0.104864575
56,39,0.12430357
56,42,0.14519736
56,45,0.16750456
56,48,0.19118653
56,51,0.2162069
56,54,0.2425312
56,57,0.27012655
56,60,0.29896146
56,63,0.3290055
56,66,0.36022952
56,69,0.39260483
56,72,0.4261042
56,75,0.4607004
56,78,0.49636737
56,81,0.5330792
56,84,0.5708107
56,87,0.609537
56,90,0.6492338
56,93,0.6898774
56,96,0.73144436
56,99,0.77391183
56,102,0.8172573
56,105,0.86145866
56,108,0.90649366
56,111,0.9523414
56,114,0.99898106
56,117,1.0463924
56,120,1.0945557
56,135,1.3459502
56,150,1.6132894
56,165,1.8944144
56,180,2.1873484
56,195,2.490286
56,210,2.8015575
56,225,3.1022346
56,240,3.3645992
56,255,3.5917156
56,270,3.787923
56,285,3.956292
56,300,4.0993395
56,315,4.2192883
56,330,4.3181767
56,345,4.3978806
56,360,4.460125
56,375,4.506504
56,390,4.5384917
56,405,4.5574474
56,420,4.5646257
56,435,4.5611777
56,450,4.548166
56,465,4.526569
56,480,4.497289
56,495,4.4611535
56,510,4.4189234
56,525,4.371298
56,540,4.3189254
56,555,4.2623897
56,570,4.202227
56,585,4.138943
56,600,4.07296
56,615,4.0047135
56,630,3.9345608
56,645,3.862838
56,660,3.789868
56,675,3.715931
56,690,3.6412823
56,705,3.5661623
56,720,3.4907858
56,735,3.4290733
56,750,3.4105575
56,765,3.432467
56,780,3.4892762
56,795,3.5769067
56,810,3.6919687
56,825,3.8314729
56,840,3.992693
56,855,4.173118
56,870,4.3704543
56,885,4.582604
56,900,4.8076434
56,915,5.04381
56,930,5.2894664
56,945,5.525704
56,960,5.7248454
56,975,5.889955
56,990,6.0253725
56,1005,6.134196
56,1020,6.2189317
56,1035,6.281816
56,1050,6.3248873
56,1065,6.3500137
56,1080,6.358909
56,1095,6.353162
56,1110,6.334237
56,1125,6.3034835
56,1140,6.262142
56,1155,6.2113523
56,1170,6.1521616
56,1185,6.085534
56,1200,6.012353
56,1215,5.9334297
56,1230,5.8495064
56,1245,5.761268
56,1260,5.669331
56,1275,5.5742726
56,1290,5.476597
56,1305,5.3767886
56,1320,5.2752633
56,1335,5.172424
56,1350,5.068615
56,1365,4.964168
56,1380,4.859367
56,1395,4.7544823
56,1410,4.6497455
56,1425,4.545375
56,1440,4.4415574
56,1455,4.352186
56,1470,4.3067904
56,1485,4.302583
56,1500,4.334016
56,1515,4.396993
56,1530,4.4881144
56,1545,4.6043634
56,1560,4.742992
56,1575,4.9014797
56,1590,5.0775175
56,1605,5.268989
56,1620,5.473953
56,1635,5.6906266
56,1650,5.917359
56,1665,6.1352296
56,1680,6.3165407
56,1695,6.4643397
56,1710,6.5829544
56,1725,6.675466
56,1740,6.744369
56,1755,6.7918825
56,1770,6.820034
56,1785,6.8306775
56,1800,6.8255167
56,1815,6.806126
56,1830,6.773958
56,1845,6.73035
56,1860,6.676531
56,1875,6.6136303
56,1890,6.542686
56,1905,6.46465
56,1920,6.380398
56,1935,6.2907286
56,1950,6.196376
56,1965,6.098012
56,1980,5.9962544
56,1995,5.8916554
56,2010,5.7847342
56,2025,5.6759415
56,2040,5.56571
56,2055,5.454411
56,2070,5.342402
56,2085,5.229989
56,2100,5.1174636
56,2115,5.005078
56,2130,4.893066
56,2145,4.781631
56,2160,4.6709623
56,2175,4.5749407
56,2190,4.523092
56,2205,4.5126233
56,2220,4.537981
56,2235,4.5950646
56,2250,4.6804676
56,2265,4.791169
56,2280,4.924416
56,2295,5.077682
56,2310,5.2486544
56,2325,5.4352117
56,2340,5.635408
56,2355,5.847457
56,2370,6.0697017
56,2385,6.2832193
56,2400,6.4603066
56,2415,6.604007
56,2430,6.7186456
56,2445,6.8072977
56,2460,6.872454
56,2475,6.9163346
56,2490,6.94096
56,2505,6.9481773
56,2520,6.9396915
56,2535,6.917073
56,2550,6.8817725
56,2565,6.8351254
56,2580,6.7783566
56,2595,6.712592
56,2610,6.638868
56,2625,6.5581374
56,2640,6.4712687
56,2655,6.3790636
56,2670,6.282246
56,2685,6.181487
56,2700,6.077394
56,2715,5.970527
56,2730,5.8613935
56,2745,5.750459
56,2760,5.6381435
56,2775,5.5248294
56,2790,5.4108624
56,2805,5.296554
56,2820,5.182187
56,2835,5.068015
56,2850,4.954266
56,2865,4.841145
56,2880,4.728838
56,2895,4.631236
56,2910,4.5778527
56,2925,4.5658937
56,2940,4.5898037
56,2955,4.6454816
56,2970,4.72952
56,2985,4.8388953
56,3000,4.9708548
56,3015,5.1228704
56,3030,5.2926283
56,3045,5.4780064
56,3060,5.6770573
56,3075,5.8879933
56,3090,6.109158
56,3105,6.321626
56,3120,6.497694
56,3135,6.640404
56,3150,6.7540803
56,3165,6.841798
56,3180,6.906046
56,3195,6.949044
56,3210,6.972811
56,3225,6.9791956
56,3240,6.9698997
56,3255,6.9464936
56,3270,6.9104285
56,3285,6.8630376
56,3300,6.805546
56,3315,6.7390785
56,3330,6.6646714
56,3345,6.5832763
56,3360,6.495762
56,3375,6.402929
56,3390,6.3055015
56,3405,6.2041492
56,3420,6.099479
56,3435,5.992051
56,3450,5.8823714
56,3465,5.7709064
56,3480,5.658075
56,3495,5.544259
56,3510,5.4298034
56,3525,5.3150206
56,3540,5.2001915
56,3555,5.0855703
56,3570,4.9713845
56,3585,4.857838
56,3600,4.7451177
56,3615,4.647114
56,3630,4.5933385
56,3645,4.580999
56,3660,4.6045384
56,3675,4.6598563
56,3690,4.7435436
56,3705,4.8525786
56,3720,4.984206
56,3735,5.135899
56,3750,5.305343
56,3765,5.4904156
56,3780,5.689169
56,3795,5.899816
56,3810,6.120699
56,3825,6.3328934
56,3840,6.5086946
56,3855,6.651145
56,3870,6.764569
56,3885,6.85204
56,3900,6.9160485
56,3915,6.9588137
56,3930,6.9823537
56,3945,6.988517
56,3960,6.9790053
56,3975,6.9553895
56,3990,6.91912
56,4005,6.8715296
56,4020,6.8138437
56,4035,6.7471876
56,4050,6.672596
56,4065,6.5910215
56,4080,6.503332
56,4095,6.4103284
56,4110,6.3127346
56,4125,6.2112203
56,4140,6.106393
56,4155,5.998811
56,4170,5.888981
56,4185,5.7773695
56,4200,5.664395
56,4215,5.55044
56,4230,5.4358487
56,4245,5.3209333
56,4260,5.2059755
56,4275,5.091229
56,4290,4.97692
56,4305,4.863254
56,4320,4.7504168
56,4335,4.6522985
56,4350,4.598412
56,4365,4.585964
56,4380,4.6093984
56,4395,4.6646123
56,4410,4.7481995
56,4425,4.857136
56,4440,4.9886675
56,4455,5.1402674
56,4470,5.30962
56,4485,5.494603
56,4500,5.6932697
56,4515,5.9038324
56,4530,6.1246324
56,4545,6.3367457
56,4560,6.5124683
56,4575,6.654842
56,4590,6.7681904
56,4605,6.8555884
56,4620,6.919525
56,4635,6.96222
56,4650,6.985692
56,4665,6.9917884
56,4680,6.9822116
56,4695,6.958532
56,4710,6.9221997
56,4725,6.8745484
56,4740,6.816803
56,4755,6.7500887
56,4770,6.6754403
56,4785,6.59381
56,4800,6.5060663
56,4815,6.4130096
56,4830,6.315364
56,4845,6.2137985
56,4860,6.108921
56,4875,6.0012903
56,4890,5.891413
56,4905,5.7797556
56,4920,5.666735
56,4935,5.552736
56,4950,5.438101
56,4965,5.323143
56,4980,5.208143
56,4995,5.0933557
56,5010,4.9790072
56,5025,4.865302
56,5040,4.752426
56,5055,4.6542706
56,5070,4.600348
56,5085,4.587864
56,5100,4.611263
56,5115,4.666443
56,5130,4.749996
56,5145,4.8588996
56,5160,4.990399
56,5175,5.141967
56,5190,5.311289
56,5205,5.496242
56,5220,5.694879
56,5235,5.905412
56,5250,6.126184
56,5265,6.3382697
56,5280,6.513965
56,5295,6.656312
56,5310,6.7696342
56,5325,6.857007
56,5340,6.920919
56,5355,6.963589
56,5370,6.9870367
56,5385,6.993109
56,5400,6.9835095
56,5415,6.9598074
56,5430,6.923453
56,5445,6.8757796
56,5460,6.818013
56,5475,6.751278
56,5490,6.6766086
56,5505,6.594959
56,5520,6.507195
56,5535,6.414119
56,5550,6.316454
56,5565,6.2148705
56,5580,6.1099744
56,5595,6.0023255
56,5610,5.8924313
56,5625,5.780756
56,5640,5.667719
56,5655,5.5537024
56,5670,5.4390516
56,5685,5.3240776
56,5700,5.209062
56,5715,5.094259
56,5730,4.9798956
56,5745,4.866175
56,5760,4.753285
56,5775,4.655115
56,5790,4.601178
56,5805,4.5886803
56,5820,4.612066
56,5835,4.6672325
56,5850,4.7507725
56,5865,4.8596635
56,5880,4.9911504
56,5895,5.142706
56,5910,5.3120155
56,5925,5.496957
56,5940,5.6955824
56,5955,5.906104
56,5970,6.1268644
56,5985,6.338939
56,6000,6.5146236
56,6015,6.65696
56,6030,6.770272
56,6045,6.857634
56,6060,6.921536
56,6075,6.964196
56,6090,6.987634
56,6105,6.993697
56,6120,6.984088
56,6135,6.9603763
56,6150,6.9240127
56,6165,6.876331
56,6180,6.8185554
56,6195,6.7518115
56,6210,6.677134
56,6225,6.5954757
56,6240,6.507704
56,6255,6.4146194
56,6270,6.316947
56,6285,6.2153554
56,6300,6.1104517
56,6315,6.0027957
56,6330,5.892894
56,6345,5.781211
56,6360,5.6681666
56,6375,5.5541434
56,6390,5.4394855
56,6405,5.324505
56,6420,5.2094827
56,6435,5.094673
56,6450,4.980303
56,6465,4.8665767
56,6480,4.7536798
56,6495,4.6417723
56,6510,4.5309987
56,6525,4.4214926
56,6540,4.31336
56,6555,4.2067018
56,6570,4.1016064
56,6585,3.998141
56,6600,3.8963711
56,6615,3.79635
56,6630,3.6981177
56,6645,3.601711
56,6660,3.5071578
56,6675,3.4144766
56,6690,3.323684
56,6705,3.2347894
56,6720,3.1477947
56,6735,3.0627015
56,6750,2.9795055
56,6765,2.8981967
56,6780,2.818765
56,6795,2.7411957
56,6810,2.665471
56,6825,2.591572
56,6840,2.5194774
56,6855,2.449163
56,6870,2.3806045
56,6885,2.3137755
56,6900,2.2486484
56,6915,2.1851957
56,6930,2.123387
56,6945,2.0631933
56,6960,2.0045846
56,6975,1.9475287
56,6990,1.8919954
56,7005,1.8379534
56,7020,1.7853707
56,7035,1.7342161
56,7050,1.6844581
56,7065,1.6360651
56,7080,1.5890058
56,7095,1.5432495
56,7110,1.4987649
56,7125,1.4555217
56,7140,1.4134898
56,7155,1.3726393
56,7170,1.3329409
56,7185,1.2943656
56,7200,1.2568848
57,0,0
57,3,0.00015812305
57,6,0.001134909
57,9,0.0034289379
57,12,0.007305495
57,15,0.012875223
57,18,0.020159816
57,21,0.029134812
57,24,0.039754886
57,27,0.051967245
57,30,0.06571818
57,33,0.08095628
57,36,0.097633466
57,39,0.1157054
57,42,0.13513112
57,45,0.15587266
57,48,0.17789458
57,51,0.20116349
57,54,0.22564772
57,57,0.2513171
57,60,0.2781427
57,63,0.30609652
57,66,0.33515182
57,69,0.3652822
57,72,0.39646265
57,75,0.42866817
57,78,0.46187478
57,81,0.49605873
57,84,0.5311967
57,87,0.56726605
57,90,0.6042443
57,93,0.64210945
57,96,0.68084013
57,99,0.7204151
57,102,0.7608137
57,105,0.8020156
57,108,0.84400016
57,111,0.8867479
57,114,0.93023956
57,117,0.9744565
57,120,1.0193802
57,135,1.253956
57,150,1.5035588
57,165,1.7661796
57,180,2.039974
57,195,2.3232555
57,210,2.61446
57,225,2.8958523
57,240,3.1418939
57,255,3.3553312
57,270,3.5400958
57,285,3.6990001
57,300,3.8343272
57,315,3.948118
57,330,4.042232
57,345,4.118389
57,360,4.1781874
57,375,4.223107
57,390,4.2545147
57,405,4.2736735
57,420,4.2817526
57,435,4.279827
57,450,4.2688923
57,465,4.249863
57,480,4.2235837
57,495,4.19083
57,510,4.1523175
57,525,4.108698
57,540,4.060578
57,555,4.008501
57,570,3.9529762
57,585,3.894461
57,600,3.83338
57,615,3.7701206
57,630,3.7050357
57,645,3.6384506
57,660,3.5706575
57,675,3.5019245
57,690,3.4324932
57,705,3.3625832
57,720,3.2923923
57,735,3.2349718
57,750,3.2176006
57,765,3.2377453
57,780,3.290361
57,795,3.3717055
57,810,3.4786713
57,825,3.6085021
57,840,3.758684
57,855,3.926902
57,870,4.1110287
57,885,4.30911
57,900,4.519354
57,915,4.7401137
57,930,4.969859
57,945,5.1908836
57,960,5.3776603
57,975,5.532954
57,990,5.660709
57,1005,5.7637467
57,1020,5.8443537
57,1035,5.904577
57,1050,5.946276
57,1065,5.971164
57,1080,5.980832
57,1095,5.9767556
57,1110,5.960297
57,1125,5.9327087
57,1140,5.8951483
57,1155,5.848682
57,1170,5.7942905
57,1185,5.732871
57,1200,5.6652555
57,1215,5.592198
57,1230,5.514396
57,1245,5.4324913
57,1260,5.3470626
57,1275,5.2586474
57,1290,5.1677313
57,1305,5.074759
57,1320,4.980146
57,1335,4.884252
57,1350,4.787407
57,1365,4.689937
57,1380,4.59209
57,1395,4.4941077
57,1410,4.3962364
57,1425,4.2986536
57,1440,4.201538
57,1455,4.117926
57,1470,4.075094
57,1485,4.0704904
57,1500,4.0990543
57,1515,4.1570272
57,1530,4.241284
57,1545,4.3490505
57,1560,4.4777985
57,1575,4.625197
57,1590,4.7891016
57,1605,4.9675417
57,1620,5.15871
57,1635,5.3609457
57,1650,5.5727034
57,1665,5.776281
57,1680,5.946082
57,1695,6.0848927
57,1710,6.1966624
57,1725,6.284174
57,1740,6.3497014
57,1755,6.39528
57,1770,6.4227624
57,1785,6.4338555
57,1800,6.4301248
57,1815,6.413035
57,1830,6.3839393
57,1845,6.3440824
57,1860,6.294611
57,1875,6.2365785
57,1890,6.1709538
57,1905,6.098629
57,1920,6.0204234
57,1935,5.937088
57,1950,5.8493104
57,1965,5.7577214
57,1980,5.6628985
57,1995,5.565365
57,2010,5.465601
57,2025,5.3640375
57,2040,5.2610755
57,2055,5.15707
57,2070,5.0523524
57,2085,4.9472165
57,2100,4.841932
57,2115,4.73674
57,2130,4.631859
57,2145,4.527484
57,2160,4.423789
57,2175,4.3337965
57,2190,4.284772
57,2205,4.274157
57,2220,4.296887
57,2235,4.3491974
57,2250,4.4279585
57,2265,4.5303917
57,2280,4.6539636
57,2295,4.796339
57,2310,4.9553685
57,2325,5.1290774
57,2340,5.315654
57,2355,5.5134335
57,2370,5.7208667
57,2385,5.9202476
57,2400,6.085975
57,2415,6.220832
57,2430,6.3287635
57,2445,6.412549
57,2460,6.47446
57,2475,6.516527
57,2490,6.5406017
57,2505,6.548385
57,2520,6.541442
57,2535,6.5212326
57,2550,6.489108
57,2565,6.4463105
57,2580,6.393984
57,2595,6.3331785
57,2610,6.2648616
57,2625,6.189923
57,2640,6.1091785
57,2655,6.0233784
57,2670,5.9332066
57,2685,5.839292
57,2700,5.742212
57,2715,5.642484
57,2730,5.5405917
57,2745,5.4369597
57,2760,5.3319902
57,2775,5.226034
57,2790,5.119423
57,2805,5.0124464
57,2820,4.9053755
57,2835,4.798447
57,2850,4.6918807
57,2865,4.585867
57,2880,4.480582
57,2895,4.3890443
57,2910,4.3385186
57,2925,4.3264465
57,2940,4.3477597
57,2955,4.398695
57,2970,4.476121
57,2985,4.577256
57,3000,4.6995683
57,3015,4.8407197
57,3030,4.9985604
57,3045,5.171115
57,3060,5.3565702
57,3075,5.5532603
57,3090,5.759635
57,3105,5.9579883
57,3120,6.122717
57,3135,6.2566032
57,3150,6.363592
57,3165,6.4464617
57,3180,6.507482
57,3195,6.548684
57,3210,6.571918
57,3225,6.578884
57,3240,6.5711465
57,3255,6.550165
57,3270,6.5172896
57,3285,6.4737625
57,3300,6.4207263
57,3315,6.3592315
57,3330,6.2902436
57,3345,6.2146525
57,3360,6.133275
57,3375,6.046858
57,3390,5.9560866
57,3405,5.861589
57,3420,5.763942
57,3435,5.6636624
57,3450,5.5612345
57,3465,5.4570804
57,3480,5.3516045
57,3495,5.2451544
57,3510,5.1380634
57,3525,5.03062
57,3540,4.923095
57,3555,4.815725
57,3570,4.708729
57,3585,4.602297
57,3600,4.4966054
57,3615,4.4046717
57,3630,4.3537607
57,3645,4.3413134
57,3660,4.3622627
57,3675,4.412843
57,3690,4.4899235
57,3705,4.5907235
57,3720,4.7127085
57,3735,4.8535423
57,3750,5.0110736
57,3765,5.183327
57,3780,5.3684893
57,3795,5.564894
57,3810,5.770992
57,3825,5.9690747
57,3840,6.133541
57,3855,6.2671714
57,3870,6.373911
57,3885,6.4565377
57,3900,6.517322
57,3915,6.5582943
57,3930,6.581304
57,3945,6.588052
57,3960,6.580102
57,3975,6.558913
57,3990,6.5258365
57,4005,6.4821124
57,4020,6.428885
57,4035,6.367203
57,4050,6.298034
57,4065,6.222266
57,4080,6.1407156
57,4095,6.05413
57,4110,5.963195
57,4125,5.8685374
57,4140,5.7707343
57,4155,5.670303
57,4170,5.5677266
57,4185,5.4634285
57,4200,5.3578115
57,4215,5.251224
57,4230,5.1439996
57,4245,5.0364256
57,4260,4.9287734
57,4275,4.821279
57,4290,4.714162
57,4305,4.6076117
57,4320,4.501805
57,4335,4.4097586
57,4350,4.358738
57,4365,4.346184
57,4380,4.3670287
57,4395,4.417507
57,4410,4.4944887
57,4425,4.5951915
57,4440,4.717082
57,4455,4.8578234
57,4470,5.015265
57,4485,5.1874304
57,4500,5.372507
57,4515,5.5688286
57,4530,5.774844
57,4545,5.9728475
57,4560,6.137236
57,4575,6.2707906
57,4590,6.3774557
57,4605,6.4600105
57,4620,6.5207243
57,4635,6.5616274
57,4650,6.5845695
57,4665,6.5912514
57,4680,6.583237
57,4695,6.561986
57,4710,6.528847
57,4725,6.4850636
57,4740,6.4317775
57,4755,6.370038
57,4770,6.3008127
57,4785,6.22499
57,4800,6.143386
57,4815,6.0567484
57,4830,5.9657617
57,4845,5.871054
57,4860,5.7732024
57,4875,5.672723
57,4890,5.5701
57,4905,5.465756
57,4920,5.360094
57,4935,5.253463
57,4950,5.146196
57,4965,5.0385795
57,4980,4.9308867
57,4995,4.823352
57,5010,4.7161956
57,5025,4.6096067
57,5040,4.5037627
57,5055,4.4116797
57,5070,4.360623
57,5085,4.3480334
57,5100,4.3688436
57,5115,4.4192886
57,5130,4.496237
57,5145,4.596907
57,5160,4.718766
57,5175,4.8594766
57,5190,5.016888
57,5205,5.189024
57,5220,5.3740716
57,5235,5.5703645
57,5250,5.7763524
57,5265,5.9743285
57,5280,6.1386905
57,5295,6.2722187
57,5310,6.3788586
57,5325,6.461388
57,5340,6.522077
57,5355,6.5629563
57,5370,6.585875
57,5385,6.592534
57,5400,6.5844965
57,5415,6.5632234
57,5430,6.530063
57,5445,6.486258
57,5460,6.432951
57,5475,6.3711915
57,5490,6.3019457
57,5505,6.2261033
57,5520,6.1444798
57,5535,6.057823
57,5550,5.9668183
57,5565,5.8720922
57,5580,5.7742224
57,5595,5.6737256
57,5610,5.5710855
57,5625,5.4667244
57,5640,5.3610463
57,5655,5.254399
57,5670,5.1471157
57,5685,5.039484
57,5700,4.9317756
57,5715,4.824226
57,5730,4.717055
57,5745,4.6104517
57,5760,4.504593
57,5775,4.412496
57,5790,4.361426
57,5805,4.348823
57,5820,4.36962
57,5835,4.420052
57,5850,4.4969873
57,5865,4.5976453
57,5880,4.719492
57,5895,4.860191
57,5910,5.01759
57,5925,5.1897144
57,5940,5.3747506
57,5955,5.5710325
57,5970,5.7770095
57,5985,5.974975
57,6000,6.139326
57,6015,6.272844
57,6030,6.3794737
57,6045,6.4619937
57,6060,6.5226727
57,6075,6.5635424
57,6090,6.586451
57,6105,6.593101
57,6120,6.585055
57,6135,6.563772
57,6150,6.5306034
57,6165,6.4867897
57,6180,6.433474
57,6195,6.371706
57,6210,6.302452
57,6225,6.2266016
57,6240,6.1449704
57,6255,6.058306
57,6270,5.9672933
57,6285,5.87256
57,6300,5.7746825
57,6315,5.6741786
57,6330,5.5715313
57,6345,5.467163
57,6360,5.361478
57,6375,5.2548237
57,6390,5.147534
57,6405,5.0398955
57,6420,4.932181
57,6435,4.8246245
57,6450,4.7174473
57,6465,4.610838
57,6480,4.5049734
57,6495,4.400004
57,6510,4.29607
57,6525,4.193291
57,6540,4.0917797
57,6555,3.9916222
57,6570,3.892898
57,6585,3.795689
57,6600,3.700042
57,6615,3.6060007
57,6630,3.5136228
57,6645,3.4229312
57,6660,3.3339503
57,6675,3.2467065
57,6690,3.1612132
57,6705,3.0774834
57,6720,2.9955182
57,6735,2.915321
57,6750,2.8368926
57,6765,2.760224
57,6780,2.6853044
57,6795,2.6121233
57,6810,2.5406647
57,6825,2.47091
57,6840,2.40284
57,6855,2.3364327
57,6870,2.2716658
57,6885,2.2085147
57,6900,2.1469545
57,6915,2.0869586
57,6930,2.0285013
57,6945,1.9715556
57,6960,1.9160919
57,6975,1.8620832
57,6990,1.8095016
57,7005,1.7583171
57,7020,1.7085007
57,7035,1.6600239
57,7050,1.6128571
57,7065,1.5669711
57,7080,1.5223367
57,7095,1.4789253
57,7110,1.4367082
57,7125,1.3956572
57,7140,1.3557442
57,7155,1.3169414
57,7170,1.2792217
57,7185,1.2425584
57,7200,1.2069244
58,0,0
58,3,0.00016245821
58,6,0.0012168079
58,9,0.0037353258
58,12,0.008012542
58,15,0.014164772
58,18,0.022210905
58,21,0.032122113
58,24,0.043849662
58,27,0.057338867
58,30,0.07253537
58,33,0.08938804
58,36,0.10784968
58,39,0.12787715
58,42,0.14943086
58,45,0.17247431
58,48,0.19697347
58,51,0.2228963
58,54,0.25021237
58,57,0.2788927
58,60,0.3089094
58,63,0.34023544
58,66,0.37284502
58,69,0.40671247
58,72,0.4418136
58,75,0.47812387
58,78,0.51562
58,81,0.55427855
58,84,0.5940767
58,87,0.63499206
58,90,0.67700243
58,93,0.7200861
58,96,0.76422167
58,99,0.80938816
58,102,0.8555649
58,105,0.90273154
58,108,0.95086753
58,111,0.99995327
58,114,1.0499693
58,117,1.1008968
58,120,1.1527171
58,135,1.4245579
58,150,1.7160289
58,165,2.025064
58,180,2.3497484
58,195,2.6883132
58,210,3.0391028
58,225,3.3826213
58,240,3.6905763
58,255,3.9656475
58,270,4.2115135
58,285,4.4307256
58,300,4.625356
58,315,4.797281
58,330,4.948223
58,345,5.0797906
58,360,5.193489
58,375,5.290724
58,390,5.372802
58,405,5.4409356
58,420,5.4962564
58,435,5.539812
58,450,5.572573
58,465,5.5954456
58,480,5.609263
58,495,5.6148005
58,510,5.6127796
58,525,5.6038632
58,540,5.5886683
58,555,5.567767
58,570,5.5416846
58,585,5.51091
58,600,5.4758997
58,615,5.4370656
58,630,5.3947945
58,645,5.3494444
58,660,5.3013334
58,675,5.250775
58,690,5.1980395
58,705,5.1433854
58,720,5.0870533
58,735,5.043426
58,750,5.0427747
58,765,5.0826054
58,780,5.158062
58,795,5.265571
58,810,5.4021716
58,825,5.5651727
58,840,5.7520895
58,855,5.9606495
58,870,6.1887302
58,885,6.4343543
58,900,6.6956925
58,915,6.971053
58,930,7.25885
58,945,7.539674
58,960,7.785205
58,975,7.9982367
58,990,8.1825
58,1005,8.340583
58,1020,8.474544
58,1035,8.586325
58,1050,8.6777
58,1065,8.750276
58,1080,8.8055725
58,1095,8.845038
58,1110,8.86999
58,1125,8.881653
58,1140,8.881171
58,1155,8.869606
58,1170,8.847942
58,1185,8.817087
58,1200,8.7778845
58,1215,8.731107
58,1230,8.677479
58,1245,8.617667
58,1260,8.552292
58,1275,8.481924
58,1290,8.407093
58,1305,8.328284
58,1320,8.245947
58,1335,8.160495
58,1350,8.072307
58,1365,7.9817367
58,1380,7.8891068
58,1395,7.7947164
58,1410,7.6988397
58,1425,7.601729
58,1440,7.503615
58,1455,7.4188714
58,1470,7.3777633
58,1485,7.3778005
58,1500,7.414109
58,1515,7.4831157
58,1530,7.5818415
58,1545,7.7075963
58,1560,7.8579073
58,1575,8.0304785
58,1590,8.223171
58,1605,8.434004
58,1620,8.661138
58,1635,8.902875
58,1650,9.157622
58,1665,9.405972
58,1680,9.619576
58,1695,9.801231
58,1710,9.954654
58,1725,10.082406
58,1740,10.186582
58,1755,10.269084
58,1770,10.331666
58,1785,10.375952
58,1800,10.403455
58,1815,10.415591
58,1830,10.413677
58,1845,10.398938
58,1860,10.372507
58,1875,10.335434
58,1890,10.288695
58,1905,10.233193
58,1920,10.169765
58,1935,10.099186
58,1950,10.022171
58,1965,9.939378
58,1980,9.851416
58,1995,9.758848
58,2010,9.662193
58,2025,9.561933
58,2040,9.458509
58,2055,9.352333
58,2070,9.24378
58,2085,9.133196
58,2100,9.020899
58,2115,8.90718
58,2130,8.792308
58,2145,8.676528
58,2160,8.560066
58,2175,8.457291
58,2190,8.398462
58,2205,8.38109
58,2220,8.40029
58,2235,8.452485
58,2250,8.534694
58,2265,8.644219
58,2280,8.778585
58,2295,8.935492
58,2310,9.112793
58,2325,9.308504
58,2340,9.520781
58,2355,9.747915
58,2370,9.988308
58,2385,10.222571
58,2400,10.422336
58,2415,10.59039
58,2430,10.73045
58,2445,10.845071
58,2460,10.936343
58,2475,11.006165
58,2490,11.056282
58,2505,11.088317
58,2520,11.103783
58,2535,11.104091
58,2550,11.090555
58,2565,11.064396
58,2580,11.02674
58,2595,10.978639
58,2610,10.92106
58,2625,10.8549
58,2640,10.780998
58,2655,10.700119
58,2670,10.612977
58,2685,10.520231
58,2700,10.422487
58,2715,10.320307
58,2730,10.214211
58,2745,10.104675
58,2760,9.992137
58,2775,9.877007
58,2790,9.759644
58,2805,9.640401
58,2820,9.5195875
58,2835,9.397491
58,2850,9.274383
58,2865,9.150505
58,2880,9.026081
58,2895,8.915484
58,2910,8.848964
58,2925,8.824042
58,2940,8.835815
58,2955,8.880713
58,2970,8.955749
58,2985,9.058226
58,3000,9.185657
58,3015,9.335744
58,3030,9.506356
58,3045,9.695502
58,3060,9.901333
58,3075,10.122133
58,3090,10.356305
58,3105,10.584437
58,3120,10.778175
58,3135,10.940309
58,3150,11.074548
58,3165,11.183449
58,3180,11.269097
58,3195,11.333391
58,3210,11.378076
58,3225,11.404769
58,3240,11.414985
58,3255,11.410132
58,3270,11.391523
58,3285,11.360376
58,3300,11.317817
58,3315,11.264896
58,3330,11.202578
58,3345,11.13176
58,3360,11.053278
58,3375,10.9678955
58,3390,10.876327
58,3405,10.779228
58,3420,10.677203
58,3435,10.570816
58,3450,10.460582
58,3465,10.346978
58,3480,10.230438
58,3495,10.111375
58,3510,9.990148
58,3525,9.867103
58,3540,9.742553
58,3555,9.616783
58,3570,9.490061
58,3585,9.362631
58,3600,9.234713
58,3615,9.120681
58,3630,9.050782
58,3645,9.02254
58,3660,9.031049
58,3675,9.072738
58,3690,9.144617
58,3705,9.243993
58,3720,9.368375
58,3735,9.515472
58,3750,9.683151
58,3765,9.869398
58,3780,10.072369
58,3795,10.290359
58,3810,10.521779
58,3825,10.747215
58,3840,10.938296
58,3855,11.0978155
58,3870,11.229485
58,3885,11.335859
58,3900,11.419024
58,3915,11.480875
58,3930,11.523157
58,3945,11.547489
58,3960,11.555383
58,3975,11.548245
58,3990,11.527391
58,4005,11.494036
58,4020,11.449305
58,4035,11.394248
58,4050,11.329829
58,4065,11.256947
58,4080,11.176433
58,4095,11.089052
58,4110,10.995519
58,4125,10.896487
58,4140,10.7925625
58,4155,10.684306
58,4170,10.572232
58,4185,10.456821
58,4200,10.338502
58,4215,10.2176895
58,4230,10.094743
58,4245,9.970005
58,4260,9.843792
58,4275,9.716385
58,4290,9.588053
58,4305,9.459039
58,4320,9.329564
58,4335,9.214
58,4350,9.142595
58,4365,9.112871
58,4380,9.119922
58,4395,9.160178
58,4410,9.230648
58,4425,9.328638
58,4440,9.451657
58,4455,9.597414
58,4470,9.763775
58,4485,9.948728
58,4500,10.150423
58,4515,10.367161
58,4530,10.597349
58,4545,10.821573
58,4560,11.011464
58,4575,11.169811
58,4590,11.300328
58,4605,11.405569
58,4620,11.487619
58,4635,11.548374
58,4650,11.589578
58,4665,11.612849
58,4680,11.6196995
58,4695,11.611537
58,4710,11.589673
58,4725,11.555324
58,4740,11.509616
58,4755,11.453599
58,4770,11.388234
58,4785,11.314422
58,4800,11.232993
58,4815,11.144712
58,4830,11.050294
58,4845,10.950391
58,4860,10.845609
58,4875,10.736509
58,4890,10.623606
58,4905,10.507378
58,4920,10.388255
58,4935,10.266653
58,4950,10.14293
58,4965,10.0174265
58,4980,9.890461
58,4995,9.762314
58,5010,9.633253
58,5025,9.503523
58,5040,9.373343
58,5055,9.257085
58,5070,9.184998
58,5085,9.154602
58,5100,9.160993
58,5115,9.200599
58,5130,9.27043
58,5145,9.36779
58,5160,9.490191
58,5175,9.63534
58,5190,9.801102
58,5205,9.985466
58,5220,10.186583
58,5235,10.40275
58,5250,10.632379
58,5265,10.856052
58,5280,11.0454
58,5295,11.203215
58,5310,11.333207
58,5325,11.437932
58,5340,11.519475
58,5355,11.579729
58,5370,11.620441
58,5385,11.6432295
58,5400,11.649604
58,5415,11.640972
58,5430,11.618648
58,5445,11.583845
58,5460,11.537691
58,5475,11.481235
58,5490,11.415438
58,5505,11.341201
58,5520,11.259354
58,5535,11.170661
58,5550,11.075837
58,5565,10.975535
58,5580,10.870361
58,5595,10.760875
58,5610,10.647592
58,5625,10.53099
58,5640,10.411498
58,5655,10.289534
58,5670,10.165454
58,5685,10.039599
58,5700,9.912289
58,5715,9.783802
58,5730,9.654407
58,5745,9.524347
58,5760,9.393844
58,5775,9.2772665
58,5790,9.2048645
58,5805,9.17416
58,5820,9.180246
58,5835,9.219553
58,5850,9.28909
58,5865,9.386161
58,5880,9.508277
58,5895,9.653145
58,5910,9.818631
58,5925,10.002724
58,5940,10.203573
58,5955,10.419478
58,5970,10.648848
58,5985,10.872267
58,6000,11.061364
58,6015,11.218932
58,6030,11.348682
58,6045,11.453169
58,6060,11.534476
58,6075,11.5945
58,6090,11.634985
58,6105,11.657549
58,6120,11.663702
58,6135,11.654855
58,6150,11.632316
58,6165,11.597303
58,6180,11.550942
58,6195,11.494283
58,6210,11.428286
58,6225,11.353851
58,6240,11.27181
58,6255,11.182926
58,6270,11.0879135
58,6285,10.987427
58,6300,10.88207
58,6315,10.772405
58,6330,10.658943
58,6345,10.542168
58,6360,10.422505
58,6375,10.300372
58,6390,10.1761265
58,6405,10.050109
58,6420,9.922636
58,6435,9.793991
58,6450,9.66444
58,6465,9.534226
58,6480,9.403572
58,6495,9.27268
58,6510,9.14174
58,6525,9.010917
58,6540,8.880367
58,6555,8.750232
58,6570,8.620636
58,6585,8.491695
58,6600,8.363515
58,6615,8.236188
58,6630,8.1097975
58,6645,7.98442
58,6660,7.860126
58,6675,7.736981
58,6690,7.615024
58,6705,7.4943132
58,6720,7.374894
58,6735,7.256811
58,6750,7.140086
58,6765,7.024751
58,6780,6.9108286
58,6795,6.7983375
58,6810,6.68729
58,6825,6.5776987
58,6840,6.469574
58,6855,6.362921
58,6870,6.257745
58,6885,6.154047
58,6900,6.051831
58,6915,5.9510922
58,6930,5.8518295
58,6945,5.754039
58,6960,5.6577125
58,6975,5.5628433
58,6990,5.469422
58,7005,5.3774385
58,7020,5.2868814
58,7035,5.197739
58,7050,5.1099997
58,7065,5.0236487
58,7080,4.9386725
58,7095,4.8550577
58,7110,4.7727895
58,7125,4.6918526
58,7140,4.6122313
58,7155,4.5339103
58,7170,4.456873
58,7185,4.381103
58,7200,4.306585
59,0,0
59,3,0.0001852344
59,6,0.0013735584
59,9,0.004190199
59,12,0.0089570265
59,15,0.015797896
59,18,0.024725297
59,21,0.03569622
59,24,0.0486447
59,27,0.06349835
59,30,0.0801863
59,33,0.09864273
59,36,0.11880771
59,39,0.14062718
59,42,0.16405219
59,45,0.18903819
59,48,0.215544
59,51,0.24353115
59,54,0.2729634
59,57,0.3038063
59,60,0.33602694
59,63,0.3695934
59,66,0.40447527
59,69,0.4406425
59,72,0.47806656
59,75,0.51671875
59,78,0.55657166
59,81,0.59759784
59,84,0.6397705
59,87,0.68306345
59,90,0.72745067
59,93,0.77290684
59,96,0.81940705
59,99,0.86692667
59,102,0.9154417
59,105,0.96492845
59,108,1.0153629
59,111,1.0667225
59,114,1.1189849
59,117,1.1721281
59,120,1.2261305
59,135,1.5082755
59,150,1.8088032
59,165,2.1253555
59,180,2.4557655
59,195,2.798048
59,210,3.1503594
59,225,3.491012
59,240,3.789248
59,255,4.049291
59,270,4.2759113
59,285,4.472262
59,300,4.6409273
59,315,4.7842083
59,330,4.904241
59,345,5.0030146
59,360,5.082373
59,375,5.144023
59,390,5.1895475
59,405,5.2204123
59,420,5.2379737
59,435,5.243487
59,450,5.238105
59,465,5.2229
59,480,5.198847
59,495,5.1668525
59,510,5.127752
59,525,5.0823073
59,540,5.031231
59,555,4.975167
59,570,4.914713
59,585,4.850417
59,600,4.782778
59,615,4.7122574
59,630,4.6392775
59,645,4.5642285
59,660,4.4874496
59,675,4.409275
59,690,4.3299956
59,705,4.249853
59,720,4.169111
59,735,4.1037297
59,750,4.086806
59,765,4.1143312
59,780,4.180161
59,795,4.280041
59,810,4.4104104
59,825,4.568109
59,840,4.750206
59,855,4.9540215
59,870,5.1770844
59,885,5.417107
59,900,5.671981
59,915,5.939776
59,930,6.2186923
59,945,6.4871054
59,960,6.7142396
59,975,6.904373
59,990,7.0623064
59,1005,7.191218
59,1020,7.2936153
59,1035,7.371916
59,1050,7.4282327
59,1065,7.4645267
59,1080,7.4826484
59,1095,7.4843225
59,1110,7.471126
59,1125,7.4445133
59,1140,7.40583
59,1155,7.3563223
59,1170,7.2971363
59,1185,7.2293267
59,1200,7.1538606
59,1215,7.071626
59,1230,6.9834447
59,1245,6.8900642
59,1260,6.7921743
59,1275,6.6904097
59,1290,6.5853453
59,1305,6.4775105
59,1320,6.367389
59,1335,6.255422
59,1350,6.1420126
59,1365,6.0275207
59,1380,5.9122863
59,1395,5.7965984
59,1410,5.680738
59,1425,5.564946
59,1440,5.449445
59,1455,5.3502216
59,1470,5.300311
59,1485,5.2957044
59,1500,5.3302402
59,1515,5.399623
59,1530,5.5002947
59,1545,5.6290736
59,1560,5.783021
59,1575,5.959429
59,1590,6.1558
59,1605,6.369835
59,1620,6.5994143
59,1635,6.842587
59,1650,7.097541
59,1665,7.3426313
59,1680,7.547063
59,1695,7.7151003
59,1710,7.8515267
59,1725,7.9594784
59,1740,8.041527
59,1755,8.099992
59,1770,8.136995
59,1785,8.154503
59,1800,8.1543455
59,1815,8.13822
59,1830,8.107697
59,1845,8.064221
59,1860,8.009127
59,1875,7.943643
59,1890,7.8689046
59,1905,7.785958
59,1920,7.6957583
59,1935,7.599189
59,1950,7.4970527
59,1965,7.390091
59,1980,7.278982
59,1995,7.1643496
59,2010,7.046761
59,2025,6.9267397
59,2040,6.8047576
59,2055,6.681248
59,2070,6.556603
59,2085,6.431179
59,2100,6.3052993
59,2115,6.1792574
59,2130,6.053316
59,2145,5.927717
59,2160,5.802677
59,2175,5.6941776
59,2190,5.635239
59,2205,5.621848
59,2220,5.647838
59,2235,5.708905
59,2250,5.8014865
59,2265,5.9223948
59,2280,6.068685
59,2295,6.237643
59,2310,6.4267664
59,2325,6.63375
59,2340,6.85647
59,2355,7.0929694
59,2370,7.3414316
59,2385,7.5802064
59,2400,7.7784915
59,2415,7.940549
59,2430,8.0711565
59,2445,8.173446
59,2460,8.249983
59,2475,8.303083
59,2490,8.334867
59,2505,8.347294
59,2520,8.342191
59,2535,8.321253
59,2550,8.286043
59,2565,8.238008
59,2580,8.178473
59,2595,8.108667
59,2610,8.029721
59,2625,7.9426785
59,2640,7.848491
59,2655,7.74804
59,2670,7.6421247
59,2685,7.531484
59,2700,7.416793
59,2715,7.298672
59,2730,7.1776876
59,2745,7.054359
59,2760,6.9291573
59,2775,6.8025126
59,2790,6.674815
59,2805,6.5464187
59,2820,6.4176445
59,2835,6.2887845
59,2850,6.1600995
59,2865,6.031828
59,2880,5.9041862
59,2895,5.7931523
59,2910,5.7317457
59,2925,5.7159524
59,2940,5.7396026
59,2955,5.7983923
59,2970,5.888756
59,2985,6.0075045
59,3000,6.151693
59,3015,6.3186035
59,3030,6.505734
59,3045,6.7107773
59,3060,6.931608
59,3075,7.166268
59,3090,7.4129395
59,3105,7.64997
59,3120,7.8465567
59,3135,8.00696
59,3150,8.135957
59,3165,8.236676
59,3180,8.311684
59,3195,8.363296
59,3210,8.393627
59,3225,8.404641
59,3240,8.398161
59,3255,8.37588
59,3270,8.339363
59,3285,8.290052
59,3300,8.229277
59,3315,8.15826
59,3330,8.0781355
59,3345,7.9899426
59,3360,7.8946347
59,3375,7.7930913
59,3390,7.686111
59,3405,7.5744333
59,3420,7.4587307
59,3435,7.339624
59,3450,7.217678
59,3465,7.0934124
59,3480,6.967297
59,3495,6.8397617
59,3510,6.7111955
59,3525,6.5819526
59,3540,6.452353
59,3555,6.3226876
59,3570,6.193218
59,3585,6.064181
59,3600,5.935793
59,3615,5.8240314
59,3630,5.761915
59,3645,5.7454295
59,3660,5.768405
59,3675,5.8265367
59,3690,5.916259
59,3705,6.0343823
59,3720,6.1779604
59,3735,6.344277
59,3750,6.5308275
59,3765,6.735306
59,3780,6.955585
59,3795,7.1897073
59,3810,7.4358544
59,3825,7.672374
59,3840,7.868462
59,3855,8.0283785
59,3870,8.1569
59,3885,8.257157
59,3900,8.331714
59,3915,8.382884
59,3930,8.412786
59,3945,8.42338
59,3960,8.41649
59,3975,8.393809
59,3990,8.356902
59,4005,8.30721
59,4020,8.246062
59,4035,8.174683
59,4050,8.094203
59,4065,8.005664
59,4080,7.910018
59,4095,7.808145
59,4110,7.7008424
59,4125,7.58885
59,4140,7.47284
59,4155,7.353433
59,4170,7.2311935
59,4185,7.106642
59,4200,6.9802465
59,4215,6.852438
59,4230,6.723605
59,4245,6.594101
59,4260,6.4642467
59,4275,6.334333
59,4290,6.20462
59,4305,6.0753455
59,4320,5.9467254
59,4335,5.834737
59,4350,5.772399
59,4365,5.7556973
59,4380,5.778461
59,4395,5.836386
59,4410,5.925906
59,4425,6.0438323
59,4440,6.187218
59,4455,6.353346
59,4470,6.539713
59,4485,6.744011
59,4500,6.9641147
59,4515,7.1980653
59,4530,7.4440446
59,4545,7.6804004
59,4560,7.876328
59,4575,8.036088
59,4590,8.164457
59,4605,8.2645645
59,4620,8.338974
59,4635,8.390001
59,4650,8.419763
59,4665,8.43022
59,4680,8.423197
59,4695,8.400385
59,4710,8.363349
59,4725,8.313532
59,4740,8.252261
59,4755,8.180762
59,4770,8.100164
59,4785,8.011511
59,4800,7.9157524
59,4815,7.813769
59,4830,7.7063584
59,4845,7.5942607
59,4860,7.478147
59,4875,7.3586392
59,4890,7.236301
59,4905,7.1116524
59,4920,6.9851623
59,4935,6.8572607
59,4950,6.728337
59,4965,6.598744
59,4980,6.4688025
59,4995,6.3388033
59,5010,6.209007
59,5025,6.0796504
59,5040,5.95095
59,5055,5.8388834
59,5070,5.7764683
59,5085,5.759691
59,5100,5.7823815
59,5115,5.8402343
59,5130,5.9296837
59,5145,6.0475407
59,5160,6.1908584
59,5175,6.35692
59,5190,6.5432215
59,5205,6.747456
59,5220,6.9674973
59,5235,7.201387
59,5250,7.4473066
59,5265,7.6836033
59,5280,7.8794737
59,5295,8.039178
59,5310,8.167491
59,5325,8.267545
59,5340,8.341901
59,5355,8.392877
59,5370,8.422587
59,5385,8.432995
59,5400,8.425922
59,5415,8.403062
59,5430,8.36598
59,5445,8.316116
59,5460,8.254801
59,5475,8.183257
59,5490,8.102615
59,5505,8.013919
59,5520,7.918119
59,5535,7.8160944
59,5550,7.708644
59,5565,7.5965066
59,5580,7.4803543
59,5595,7.3608084
59,5610,7.238433
59,5625,7.1137476
59,5640,6.9872212
59,5655,6.859285
59,5670,6.730326
59,5685,6.6006994
59,5700,6.4707246
59,5715,6.3406925
59,5730,6.210864
59,5745,6.081476
59,5760,5.952745
59,5775,5.8406477
59,5790,5.778203
59,5805,5.7613964
59,5820,5.7840576
59,5835,5.841882
59,5850,5.931304
59,5865,6.049134
59,5880,6.1924253
59,5895,6.3584604
59,5910,6.544737
59,5925,6.748946
59,5940,6.9689627
59,5955,7.202828
59,5970,7.448724
59,5985,7.684997
59,6000,7.8808446
59,6015,8.040526
59,6030,8.1688175
59,6045,8.268848
59,6060,8.343184
59,6075,8.394138
59,6090,8.423829
59,6105,8.434216
59,6120,8.427123
59,6135,8.404244
59,6150,8.367143
59,6165,8.317261
59,6180,8.255926
59,6195,8.184364
59,6210,8.103705
59,6225,8.014991
59,6240,7.9191737
59,6255,7.8171325
59,6270,7.7096653
59,6285,7.5975113
59,6300,7.481343
59,6315,7.361781
59,6330,7.23939
59,6345,7.1146894
59,6360,6.988148
59,6375,6.860197
59,6390,6.7312236
59,6405,6.6015825
59,6420,6.471594
59,6435,6.341548
59,6450,6.2117057
59,6465,6.0823045
59,6480,5.95356
59,6495,5.8256574
59,6510,5.698772
59,6525,5.5730586
59,6540,5.448646
59,6555,5.325659
59,6570,5.2042017
59,6585,5.0843635
59,6600,4.966226
59,6615,4.8498564
59,6630,4.7353125
59,6645,4.622644
59,6660,4.51189
59,6675,4.4030843
59,6690,4.2962527
59,6705,4.191414
59,6720,4.0885816
59,6735,3.987765
59,6750,3.8889663
59,6765,3.7921853
59,6780,3.6974173
59,6795,3.604653
59,6810,3.5138814
59,6825,3.4250882
59,6840,3.338256
59,6855,3.2533658
59,6870,3.170396
59,6885,3.0893245
59,6900,3.0101264
59,6915,2.9327753
59,6930,2.8572452
59,6945,2.7835078
59,6960,2.7115338
59,6975,2.6412945
59,6990,2.5727592
59,7005,2.5058975
59,7020,2.4406786
59,7035,2.377071
59,7050,2.3150434
59,7065,2.2545648
59,7080,2.1956031
59,7095,2.1381273
59,7110,2.082106
59,7125,2.027508
59,7140,1.9743024
59,7155,1.9224585
59,7170,1.8719457
59,7185,1.8227341
59,7200,1.7747939
60,0,0
60,3,0.00016080387
60,6,0.0012099933
60,9,0.0037208188
60,12,0.007995555
60,15,0.014161272
60,18,0.022247009
60,21,0.03223199
60,24,0.044073105
60,27,0.05771915
60,30,0.073117584
60,33,0.09021775
60,36,0.108972
60,39,0.12933604
60,42,0.15126869
60,45,0.17473143
60,48,0.19968806
60,51,0.22610424
60,54,0.25394717
60,57,0.28318536
60,60,0.31378844
60,63,0.34572697
60,66,0.37897244
60,69,0.41349685
60,72,0.44927332
60,75,0.486275
60,78,0.52447593
60,81,0.5638504
60,84,0.60437316
60,87,0.64601934
60,90,0.6887646
60,93,0.73258483
60,96,0.7774566
60,99,0.8233565
60,102,0.8702617
60,105,0.91814977
60,108,0.96699846
60,111,1.0167859
60,114,1.0674906
60,117,1.1190913
60,120,1.1715672
60,135,1.4463669
60,150,1.7400975
60,165,2.0504959
60,180,2.3754756
60,195,2.7131174
60,210,3.0616333
60,225,3.4014127
60,240,3.7033672
60,255,3.9697042
60,270,4.204219
60,285,4.409693
60,300,4.588482
60,315,4.7427087
60,330,4.874355
60,345,4.9852686
60,360,5.077171
60,375,5.151662
60,390,5.210231
60,405,5.254262
60,420,5.2850356
60,435,5.303739
60,450,5.3114686
60,465,5.3092356
60,480,5.2979803
60,495,5.2785687
60,510,5.251799
60,525,5.2184105
60,540,5.179084
60,555,5.1344466
60,570,5.0850835
60,585,5.031514
60,600,4.974244
60,615,4.9137125
60,630,4.850316
60,645,4.7844567
60,660,4.7164617
60,675,4.64665
60,690,4.5753202
60,705,4.5027394
60,720,4.429149
60,735,4.368944
60,750,4.352983
60,765,4.379296
60,780,4.442846
60,795,4.539787
60,810,4.666825
60,825,4.8209724
60,840,4.999491
60,855,5.1998315
60,870,5.419629
60,885,5.656704
60,900,5.909045
60,915,6.174798
60,930,6.452233
60,945,6.7217765
60,960,6.954404
60,975,7.152333
60,990,7.3193874
60,1005,7.4583898
60,1020,7.571705
60,1035,7.6614814
60,1050,7.729717
60,1065,7.7782683
60,1080,7.808863
60,1095,7.8231115
60,1110,7.8225045
60,1125,7.8084264
60,1140,7.782158
60,1155,7.7448835
60,1170,7.697696
60,1185,7.6416054
60,1200,7.5775433
60,1215,7.5063696
60,1230,7.4288745
60,1245,7.345786
60,1260,7.2577744
60,1275,7.1654553
60,1290,7.069398
60,1305,6.9701195
60,1320,6.8680973
60,1335,6.7637672
60,1350,6.6575212
60,1365,6.5497313
60,1380,6.440724
60,1395,6.3308225
60,1410,6.2202883
60,1425,6.1093607
60,1440,5.9983096
60,1455,5.901424
60,1470,5.849607
60,1485,5.8408685
60,1500,5.870174
60,1515,5.9336495
60,1530,6.027986
60,1545,6.150195
60,1560,6.297514
60,1575,6.4673758
60,1590,6.657406
60,1605,6.8654113
60,1620,7.089364
60,1635,7.3273945
60,1650,7.577754
60,1665,7.8208685
60,1680,8.027689
60,1695,8.200419
60,1710,8.34287
60,1725,8.457847
60,1740,8.5477
60,1755,8.614568
60,1770,8.660434
60,1785,8.687143
60,1800,8.69641
60,1815,8.68983
60,1830,8.668885
60,1845,8.634951
60,1860,8.589294
60,1875,8.533089
60,1890,8.467416
60,1905,8.393276
60,1920,8.311593
60,1935,8.223212
60,1950,8.128918
60,1965,8.029427
60,1980,7.925406
60,1995,7.817454
60,2010,7.7061386
60,2025,7.5919547
60,2040,7.4753823
60,2055,7.3568344
60,2070,7.236715
60,2085,7.1153693
60,2100,6.993134
60,2115,6.8702974
60,2130,6.7471375
60,2145,6.6238933
60,2160,6.5007925
60,2175,6.3921857
60,2190,6.328927
60,2205,6.309017
60,2220,6.3274193
60,2235,6.380252
60,2250,6.4642
60,2265,6.5762696
60,2280,6.713692
60,2295,6.873895
60,2310,7.054498
60,2325,7.2533026
60,2340,7.4682755
60,2355,7.697542
60,2370,7.9393477
60,2385,8.174103
60,2400,8.372785
60,2415,8.537554
60,2430,8.672244
60,2445,8.77964
60,2460,8.8621
60,2475,8.921742
60,2490,8.960551
60,2505,8.98037
60,2520,8.982914
60,2535,8.969773
60,2550,8.942432
60,2565,8.902246
60,2580,8.850489
60,2595,8.788323
60,2610,8.716829
60,2625,8.63701
60,2640,8.549771
60,2655,8.45597
60,2670,8.356376
60,2685,8.25171
60,2700,8.14263
60,2715,8.029736
60,2730,7.9135876
60,2745,7.794687
60,2760,7.673503
60,2775,7.550458
60,2790,7.425941
60,2805,7.300309
60,2820,7.173882
60,2835,7.0469584
60,2850,6.9198017
60,2865,6.7926583
60,2880,6.665748
60,2895,6.5534225
60,2910,6.4865313
60,2925,6.463074
60,2940,6.478012
60,2955,6.5274615
60,2970,6.608106
60,2985,6.71695
60,3000,6.851222
60,3015,7.008349
60,3030,7.185949
60,3045,7.3818197
60,3060,7.5939283
60,3075,7.8203983
60,3090,8.059473
60,3105,8.291561
60,3120,8.487638
60,3135,8.649862
60,3150,8.782069
60,3165,8.887037
60,3180,8.967126
60,3195,9.024453
60,3210,9.060998
60,3225,9.078606
60,3240,9.078991
60,3255,9.06374
60,3270,9.034337
60,3285,8.992136
60,3300,8.938411
60,3315,8.874322
60,3330,8.800949
60,3345,8.719291
60,3360,8.630258
60,3375,8.534702
60,3390,8.433394
60,3405,8.327054
60,3420,8.216335
60,3435,8.101841
60,3450,7.9841285
60,3465,7.863699
60,3480,7.741021
60,3495,7.616515
60,3510,7.490572
60,3525,7.363544
60,3540,7.235753
60,3555,7.1074963
60,3570,6.9790363
60,3585,6.8506193
60,3600,6.722463
60,3615,6.60892
60,3630,6.5408397
60,3645,6.5162196
60,3660,6.5300207
60,3675,6.578359
60,3690,6.6579185
60,3705,6.7657013
60,3720,6.8989363
60,3735,7.05505
60,3750,7.231659
60,3765,7.426562
60,3780,7.6377244
60,3795,7.86327
60,3810,8.10144
60,3825,8.332645
60,3840,8.52786
60,3855,8.6892395
60,3870,8.820621
60,3885,8.924783
60,3900,9.004083
60,3915,9.060637
60,3930,9.096429
60,3945,9.113298
60,3960,9.112963
60,3975,9.097006
60,3990,9.066914
60,4005,9.024037
60,4020,8.969652
60,4035,8.904918
60,4050,8.830914
60,4065,8.748638
60,4080,8.659
60,4095,8.562855
60,4110,8.460968
60,4125,8.354061
60,4140,8.242789
60,4155,8.127754
60,4170,8.009511
60,4185,7.888563
60,4200,7.7653785
60,4215,7.6403766
60,4230,7.5139475
60,4245,7.3864446
60,4260,7.2581887
60,4275,7.129477
60,4290,7.000572
60,4305,6.8717194
60,4320,6.743137
60,4335,6.6291766
60,4350,6.5606875
60,4365,6.535668
60,4380,6.5490785
60,4395,6.597035
60,4410,6.67622
60,4425,6.7836366
60,4440,6.9165134
60,4455,7.0722766
60,4470,7.248543
60,4485,7.44311
60,4500,7.6539445
60,4515,7.8791685
60,4530,8.117025
60,4545,8.347923
60,4560,8.542835
60,4575,8.703921
60,4590,8.835014
60,4605,8.938894
60,4620,9.017917
60,4635,9.074202
60,4650,9.109729
60,4665,9.126339
60,4680,9.125749
60,4695,9.109544
60,4710,9.079207
60,4725,9.036094
60,4740,8.981476
60,4755,8.916512
60,4770,8.842284
60,4785,8.759789
60,4800,8.669937
60,4815,8.573581
60,4830,8.471488
60,4845,8.36438
60,4860,8.252911
60,4875,8.137681
60,4890,8.019249
60,4905,7.898115
60,4920,7.7747483
60,4935,7.6495676
60,4950,7.5229645
60,4965,7.39529
60,4980,7.2668667
60,4995,7.1379905
60,5010,7.0089245
60,5025,6.879914
60,5040,6.7511764
60,5055,6.637065
60,5070,6.5684276
60,5085,6.5432625
60,5100,6.5565305
60,5115,6.6043468
60,5130,6.6833954
60,5145,6.790678
60,5160,6.923424
60,5175,7.079058
60,5190,7.2551985
60,5205,7.449642
60,5220,7.6603556
60,5235,7.8854613
60,5250,8.123202
60,5265,8.353986
60,5280,8.548787
60,5295,8.709764
60,5310,8.84075
60,5325,8.944524
60,5340,9.023444
60,5355,9.079629
60,5370,9.115056
60,5385,9.13157
60,5400,9.130885
60,5415,9.114586
60,5430,9.084159
60,5445,9.040956
60,5460,8.986249
60,5475,8.9212
60,5490,8.846888
60,5505,8.76431
60,5520,8.6743765
60,5535,8.57794
60,5550,8.475769
60,5565,8.368585
60,5580,8.257039
60,5595,8.141737
60,5610,8.023232
60,5625,7.902027
60,5640,7.7785907
60,5655,7.653342
60,5670,7.5266714
60,5685,7.398931
60,5700,7.2704434
60,5715,7.141504
60,5730,7.012376
60,5745,6.883304
60,5760,6.754507
60,5775,6.6403365
60,5790,6.5716414
60,5805,6.54642
60,5820,6.559633
60,5835,6.6073947
60,5850,6.68639
60,5865,6.79362
60,5880,6.9263144
60,5895,7.0818987
60,5910,7.2579894
60,5925,7.452385
60,5940,7.6630507
60,5955,7.8881097
60,5970,8.125805
60,5985,8.356544
60,6000,8.551301
60,6015,8.712234
60,6030,8.843178
60,6045,8.946911
60,6060,9.02579
60,6075,9.081934
60,6090,9.117322
60,6105,9.133798
60,6120,9.133074
60,6135,9.116738
60,6150,9.086274
60,6165,9.0430355
60,6180,8.988294
60,6195,8.923209
60,6210,8.848864
60,6225,8.7662525
60,6240,8.676286
60,6255,8.579818
60,6270,8.477615
60,6285,8.370399
60,6300,8.258823
60,6315,8.143491
60,6330,8.024957
60,6345,7.903723
60,6360,7.780258
60,6375,7.654981
60,6390,7.528283
60,6405,7.400516
60,6420,7.2720017
60,6435,7.1430364
60,6450,7.0138826
60,6465,6.884786
60,6480,6.7559643
60,6495,6.62762
60,6510,6.4999266
60,6525,6.373048
60,6540,6.24713
60,6555,6.122291
60,6570,5.9986534
60,6585,5.8763165
60,6600,5.755366
60,6615,5.635885
60,6630,5.5179424
60,6645,5.401601
60,6660,5.2869086
60,6675,5.1739144
60,6690,5.062657
60,6705,4.953163
60,6720,4.84546
60,6735,4.739566
60,6750,4.635494
60,6765,4.5332546
60,6780,4.4328513
60,6795,4.3342867
60,6810,4.2375584
60,6825,4.1426606
60,6840,4.0495872
60,6855,3.9583292
60,6870,3.8688722
60,6885,3.7812037
60,6900,3.6953084
60,6915,3.6111672
60,6930,3.5287619
60,6945,3.4480724
60,6960,3.369077
60,6975,3.291753
60,6990,3.2160778
60,7005,3.1420271
60,7020,3.0695767
60,7035,2.9987013
60,7050,2.9293756
60,7065,2.8615746
60,7080,2.7952719
60,7095,2.7304413
60,7110,2.667057
60,7125,2.6050925
60,7140,2.5445216
60,7155,2.4853182
60,7170,2.4274557
60,7185,2.3709083
60,7200,2.31565
61,0,0
61,3,0.00014790134
61,6,0.0010947996
61,9,0.003347744
61,12,0.0071766977
61,15,0.0126965605
61,18,0.019934162
61,21,0.028871028
61,24,0.03946814
61,27,0.05167897
61,30,0.06545568
61,33,0.080752164
61,36,0.09752499
61,39,0.11573385
61,42,0.13534121
61,45,0.15631205
61,48,0.1786134
61,51,0.20221399
61,54,0.22708397
61,57,0.2531947
61,60,0.28051847
61,63,0.30902854
61,66,0.33869898
61,69,0.3695043
61,72,0.40142006
61,75,0.4344219
61,78,0.46848628
61,81,0.5035898
61,84,0.5397096
61,87,0.5768233
61,90,0.61490846
61,93,0.6539436
61,96,0.69390714
61,99,0.73477817
61,102,0.77653587
61,105,0.8191601
61,108,0.86263037
61,111,0.90692693
61,114,0.9520306
61,117,0.99792236
61,120,1.0445837
61,135,1.2887878
61,150,1.549566
61,165,1.8248812
61,180,2.112856
61,195,2.4117653
61,210,2.720006
61,225,3.0199955
61,240,3.2857826
61,255,3.5193841
61,270,3.7242672
61,285,3.9030042
61,300,4.057742
61,315,4.190437
61,330,4.302892
61,345,4.3967857
61,360,4.4736834
61,375,4.535044
61,390,4.58222
61,405,4.616463
61,420,4.6389375
61,435,4.6507154
61,450,4.6527905
61,465,4.646084
61,480,4.6314373
61,495,4.609636
61,510,4.5814033
61,525,4.547401
61,540,4.5082436
61,555,4.464497
61,570,4.4166775
61,585,4.3652635
61,600,4.310697
61,615,4.25338
61,630,4.193677
61,645,4.1319366
61,660,4.068452
61,675,4.003517
61,690,3.9373853
61,705,3.8702896
61,720,3.8024504
61,735,3.7467594
61,750,3.730791
61,765,3.7527027
61,780,3.8079383
61,795,3.8929653
61,810,4.0047936
61,825,4.140714
61,840,4.298232
61,855,4.475041
61,870,4.669013
61,885,4.878182
61,900,5.100732
61,915,5.334992
61,930,5.579406
61,945,5.816434
61,960,6.0201488
61,975,6.192595
61,990,6.337269
61,1005,6.4567595
61,1020,6.553231
61,1035,6.6286488
61,1050,6.684832
61,1065,6.7234664
61,1080,6.7461195
61,1095,6.75425
61,1110,6.7492123
61,1125,6.7322593
61,1140,6.7045484
61,1155,6.667148
61,1170,6.6210475
61,1185,6.5671597
61,1200,6.5063224
61,1215,6.4393115
61,1230,6.366833
61,1245,6.2895436
61,1260,6.208041
61,1275,6.12288
61,1290,6.0345654
61,1305,5.9435635
61,1320,5.850295
61,1335,5.755153
61,1350,5.65849
61,1365,5.560628
61,1380,5.4618707
61,1395,5.362476
61,1410,5.262696
61,1425,5.1627545
61,1440,5.062846
61,1455,4.975856
61,1470,4.9293337
61,1485,4.92143
61,1500,4.947568
61,1515,5.0042043
61,1530,5.0883408
61,1545,5.197247
61,1560,5.3283978
61,1575,5.4794903
61,1590,5.6483874
61,1605,5.833105
61,1620,6.0318108
61,1635,6.2428207
61,1650,6.4645643
61,1665,6.679487
61,1680,6.8616476
61,1695,7.0130744
61,1710,7.137255
61,1725,7.2367635
61,1740,7.313751
61,1755,7.3701715
61,1770,7.4078317
61,1785,7.4284077
61,1800,7.4334536
61,1815,7.4244175
61,1830,7.402642
61,1845,7.3693695
61,1860,7.3257484
61,1875,7.2728376
61,1890,7.2116146
61,1905,7.142982
61,1920,7.067772
61,1935,6.9867477
61,1950,6.9006114
61,1965,6.810006
61,1980,6.7155232
61,1995,6.6177063
61,2010,6.517054
61,2025,6.414022
61,2040,6.3090305
61,2055,6.20246
61,2070,6.094659
61,2085,5.9859424
61,2100,5.8766
61,2115,5.7668915
61,2130,5.6570554
61,2145,5.5473056
61,2160,5.437836
61,2175,5.341522
61,2190,5.2859135
61,2205,5.269153
61,2220,5.2866592
61,2235,5.334883
61,2250,5.41082
61,2265,5.5117345
61,2280,5.6351
61,2295,5.778608
61,2310,5.9401126
61,2325,6.1176248
61,2340,6.3093085
61,2355,6.5134764
61,2370,6.7285523
61,2385,6.9369783
61,2400,7.112806
61,2415,7.2580614
61,2430,7.3762264
61,2445,7.469872
61,2460,7.541145
61,2475,7.5919943
61,2490,7.6242237
61,2505,7.639506
61,2520,7.6393914
61,2535,7.6253242
61,2550,7.5986443
61,2565,7.5605903
61,2580,7.5123076
61,2595,7.4548516
61,2610,7.3891973
61,2625,7.316244
61,2640,7.236822
61,2655,7.1516905
61,2670,7.0615506
61,2685,6.967041
61,2700,6.8687525
61,2715,6.767223
61,2730,6.662951
61,2745,6.5563893
61,2760,6.447956
61,2775,6.3380284
61,2790,6.226954
61,2805,6.115046
61,2820,6.002591
61,2835,5.889848
61,2850,5.777053
61,2865,5.664418
61,2880,5.552135
61,2895,5.453077
61,2910,5.3947916
61,2925,5.3754215
61,2940,5.3903832
61,2955,5.4361258
61,2970,5.5096436
61,2985,5.6081986
61,3000,5.7292647
61,3015,5.8705306
61,3030,6.0298495
61,3045,6.2052307
61,3060,6.394836
61,3075,6.5969768
61,3090,6.810077
61,3105,7.0165763
61,3120,7.1905246
61,3135,7.333948
61,3150,7.4503264
61,3165,7.542229
61,3180,7.611802
61,3195,7.660993
61,3210,7.6916056
61,3225,7.70531
61,3240,7.703656
61,3255,7.6880875
61,3270,7.6599426
61,3285,7.62046
61,3300,7.570783
61,3315,7.5119667
61,3330,7.444985
61,3345,7.3707366
61,3360,7.290051
61,3375,7.203686
61,3390,7.112344
61,3405,7.0166597
61,3420,6.9172263
61,3435,6.814579
61,3450,6.7092156
61,3465,6.6015897
61,3480,6.4921165
61,3495,6.381175
61,3510,6.2691107
61,3525,6.1562366
61,3540,6.042839
61,3555,5.9291763
61,3570,5.8154826
61,3585,5.701972
61,3600,5.5888333
61,3615,5.48894
61,3630,5.4298396
61,3645,5.409674
61,3660,5.423859
61,3675,5.4688444
61,3690,5.541622
61,3705,5.639456
61,3720,5.7598176
61,3735,5.9003963
61,3750,6.059045
61,3765,6.233771
61,3780,6.4227376
61,3795,6.6242547
61,3810,6.836746
61,3825,7.042651
61,3840,7.2160196
61,3855,7.358877
61,3870,7.474703
61,3885,7.566066
61,3900,7.635112
61,3915,7.683789
61,3930,7.7138987
61,3945,7.7271123
61,3960,7.72498
61,3975,7.7089434
61,3990,7.6803417
61,4005,7.640413
61,4020,7.5902996
61,4035,7.531058
61,4050,7.4636602
61,4065,7.3890057
61,4080,7.3079233
61,4095,7.2211704
61,4110,7.1294494
61,4125,7.033396
61,4140,6.9336004
61,4155,6.8306003
61,4170,6.724892
61,4185,6.6169286
61,4200,6.5071263
61,4215,6.3958626
61,4230,6.2834835
61,4245,6.1703024
61,4260,6.0566044
61,4275,5.942648
61,4290,5.8286676
61,4305,5.7148767
61,4320,5.601464
61,4335,5.5013027
61,4350,5.441941
61,4365,5.4215193
61,4380,5.435455
61,4395,5.4801955
61,4410,5.552735
61,4425,5.6503353
61,4440,5.770469
61,4455,5.9108253
61,4470,6.0692563
61,4485,6.2437696
61,4500,6.4325285
61,4515,6.6338425
61,4530,6.846135
61,4545,7.0518465
61,4560,7.2250257
61,4575,7.3676972
61,4590,7.4833417
61,4605,7.5745277
61,4620,7.6434007
61,4635,7.691908
61,4650,7.721852
61,4665,7.734904
61,4680,7.7326126
61,4695,7.7164216
61,4710,7.6876683
61,4725,7.6475906
61,4740,7.597333
61,4755,7.537949
61,4770,7.4704127
61,4785,7.3956223
61,4800,7.314407
61,4815,7.2275248
61,4830,7.1356764
61,4845,7.0394983
61,4860,6.9395814
61,4875,6.836462
61,4890,6.730637
61,4905,6.62256
61,4920,6.5126457
61,4935,6.401273
61,4950,6.288787
61,4965,6.1755013
61,4980,6.0617003
61,4995,5.9476438
61,5010,5.8335657
61,5025,5.7196784
61,5040,5.6061716
61,5055,5.5059185
61,5070,5.446467
61,5085,5.425957
61,5100,5.4398065
61,5115,5.4844627
61,5130,5.556919
61,5145,5.6544385
61,5160,5.7744937
61,5175,5.914772
61,5190,6.0731273
61,5205,6.247566
61,5220,6.4362526
61,5235,6.637495
61,5250,6.8497186
61,5265,7.0553613
61,5280,7.2284737
61,5295,7.3710804
61,5310,7.486661
61,5325,7.577784
61,5340,7.6465955
61,5355,7.6950426
61,5370,7.724928
61,5385,7.737922
61,5400,7.7355747
61,5415,7.719328
61,5430,7.6905203
61,5445,7.6503897
61,5460,7.60008
61,5475,7.540645
61,5490,7.4730587
61,5505,7.398219
61,5520,7.316956
61,5535,7.2300262
61,5550,7.138132
61,5565,7.0419087
61,5580,6.9419475
61,5595,6.8387847
61,5610,6.7329173
61,5625,6.6247983
61,5640,6.5148435
61,5655,6.4034305
61,5670,6.290905
61,5685,6.177581
61,5700,6.0637426
61,5715,5.949649
61,5730,5.835534
61,5745,5.7216115
61,5760,5.60807
61,5775,5.5077825
61,5790,5.448297
61,5805,5.4277544
61,5820,5.441571
61,5835,5.486196
61,5850,5.5586214
61,5865,5.656111
61,5880,5.7761354
61,5895,5.916385
61,5910,6.0747113
61,5925,6.2491226
61,5940,6.437781
61,5955,6.6389966
61,5970,6.8511934
61,5985,7.0568104
61,6000,7.2298975
61,6015,7.372479
61,6030,7.488035
61,6045,7.579134
61,6060,7.647922
61,6075,7.6963463
61,6090,7.7262087
61,6105,7.7391806
61,6120,7.736811
61,6135,7.720543
61,6150,7.6917143
61,6165,7.651563
61,6180,7.601233
61,6195,7.5417786
61,6210,7.4741726
61,6225,7.399314
61,6240,7.318032
61,6255,7.231084
61,6270,7.1391716
61,6285,7.04293
61,6300,6.9429517
61,6315,6.8397717
61,6330,6.7338877
61,6345,6.625752
61,6360,6.5157804
61,6375,6.4043517
61,6390,6.291811
61,6405,6.178471
61,6420,6.0646176
61,6435,5.950509
61,6450,5.83638
61,6465,5.722443
61,6480,5.608887
61,6495,5.495888
61,6510,5.3836036
61,6525,5.2721667
61,6540,5.161707
61,6555,5.052338
61,6570,4.9441514
61,6585,4.837239
61,6600,4.7316775
61,6615,4.627529
61,6630,4.524854
61,6645,4.4237013
61,6660,4.32411
61,6675,4.2261167
61,6690,4.1297493
61,6705,4.03503
61,6720,3.9419763
61,6735,3.850602
61,6750,3.7609138
61,6765,3.672918
61,6780,3.5866156
61,6795,3.5020027
61,6810,3.4190755
61,6825,3.3378263
61,6840,3.2582436
61,6855,3.1803162
61,6870,3.1040294
61,6885,3.0293672
61,6900,2.9563124
61,6915,2.884846
61,6930,2.814948
61,6945,2.7465982
61,6960,2.6797743
61,6975,2.6144536
61,6990,2.5506134
61,7005,2.4882298
61,7020,2.4272785
61,7035,2.3677356
61,7050,2.3095758
61,7065,2.2527742
61,7080,2.197306
61,7095,2.1431456
61,7110,2.090268
61,7125,2.038648
61,7140,1.9882603
61,7155,1.9390802
61,7170,1.8910829
61,7185,1.8442435
61,7200,1.7985376
62,0,0
62,3,0.00015927962
62,6,0.0011858919
62,9,0.003647141
62,12,0.0078607
62,15,0.01397539
62,18,0.022039719
62,21,0.03204764
62,24,0.043965884
62,27,0.057749387
62,30,0.07334895
62,33,0.09071522
62,36,0.10980041
62,39,0.1305591
62,42,0.15294816
62,45,0.17692669
62,48,0.20245576
62,51,0.22949809
62,54,0.25801778
62,57,0.28798014
62,60,0.31935152
62,63,0.35209912
62,66,0.38619116
62,69,0.42159632
62,72,0.45828438
62,75,0.49622536
62,78,0.5353901
62,81,0.5757498
62,84,0.6172762
62,87,0.65994143
62,90,0.70371825
62,93,0.7485796
62,96,0.79449934
62,99,0.8414513
62,102,0.8894101
62,105,0.93835056
62,108,0.9882478
62,111,1.0390774
62,114,1.0908158
62,117,1.1434395
62,120,1.1969258
62,135,1.4765053
62,150,1.7743906
62,165,2.088102
62,180,2.4153666
62,195,2.7541053
62,210,3.1023984
62,225,3.4407322
62,240,3.7389522
62,255,3.9983935
62,270,4.2229943
62,285,4.415881
62,300,4.579782
62,315,4.717177
62,330,4.8303614
62,345,4.9214745
62,360,4.992499
62,375,5.045271
62,390,5.081488
62,405,5.1027203
62,420,5.1104174
62,435,5.105916
62,450,5.09045
62,465,5.065155
62,480,5.0310736
62,495,4.9891605
62,510,4.940301
62,525,4.8852925
62,540,4.8248835
62,555,4.7597466
62,570,4.6905065
62,585,4.617732
62,600,4.54194
62,615,4.4636097
62,630,4.383168
62,645,4.3010178
62,660,4.217506
62,675,4.132965
62,690,4.0476875
62,705,3.961926
62,720,3.8759363
62,735,3.8038862
62,750,3.7774453
62,765,3.7955468
62,780,3.853043
62,795,3.9456618
62,810,4.0697007
62,825,4.22179
62,840,4.398831
62,855,4.5979686
62,870,4.816578
62,885,5.052242
62,900,5.302741
62,915,5.566042
62,930,5.840261
62,945,6.105918
62,960,6.332859
62,975,6.5224495
62,990,6.6786385
62,1005,6.804561
62,1020,6.9029346
62,1035,6.9762483
62,1050,7.0267982
62,1065,7.0567102
62,1080,7.067959
62,1095,7.0623713
62,1110,7.041634
62,1125,7.007302
62,1140,6.9608083
62,1155,6.9034715
62,1170,6.836503
62,1185,6.761018
62,1200,6.678038
62,1215,6.5885024
62,1230,6.4932733
62,1245,6.3931394
62,1260,6.288809
62,1275,6.1809616
62,1290,6.0701604
62,1305,5.9569635
62,1320,5.8418627
62,1335,5.725286
62,1350,5.607661
62,1365,5.4893484
62,1380,5.3706827
62,1395,5.251971
62,1410,5.1334925
62,1425,5.0154834
62,1440,4.89817
62,1455,4.7957196
62,1470,4.7397547
62,1485,4.729196
62,1500,4.758866
62,1515,4.824474
62,1530,4.922304
62,1545,5.0489573
62,1560,5.2013016
62,1575,5.3764796
62,1590,5.57185
62,1605,5.7849665
62,1620,6.0135913
62,1635,6.255672
62,1650,6.509309
62,1665,6.755014
62,1680,6.9625936
62,1695,7.1334047
62,1710,7.271379
62,1725,7.379645
62,1740,7.460875
62,1755,7.5175614
62,1770,7.5519958
62,1785,7.5662737
62,1800,7.5623507
62,1815,7.542046
62,1830,7.5070367
62,1845,7.458863
62,1860,7.3989425
62,1875,7.328583
62,1890,7.248989
62,1905,7.1612625
62,1920,7.066415
62,1935,6.96537
62,1950,6.858972
62,1965,6.7479987
62,1980,6.633154
62,1995,6.5150843
62,2010,6.394381
62,2025,6.271576
62,2040,6.147157
62,2055,6.021567
62,2070,5.895202
62,2085,5.76843
62,2100,5.641568
62,2115,5.5149193
62,2130,5.388737
62,2145,5.2632565
62,2160,5.138692
62,2175,5.029194
62,2190,4.966395
62,2205,4.94921
62,2220,4.972455
62,2235,5.031834
62,2250,5.1236243
62,2265,5.2444205
62,2280,5.3910894
62,2295,5.5607653
62,2310,5.750798
62,2325,5.958743
62,2340,6.182355
62,2355,6.419577
62,2370,6.668504
62,2385,6.909635
62,2400,7.1127815
62,2415,7.2792954
62,2430,7.413102
62,2445,7.5173264
62,2460,7.5946374
62,2475,7.6475215
62,2490,7.6782675
62,2505,7.6889687
62,2520,7.6815753
62,2535,7.6579046
62,2550,7.6196294
62,2565,7.5682864
62,2580,7.505292
62,2595,7.43195
62,2610,7.349462
62,2625,7.258927
62,2640,7.1613545
62,2655,7.057666
62,2670,6.948702
62,2685,6.835239
62,2700,6.7179775
62,2715,6.5975623
62,2730,6.4745836
62,2745,6.34957
62,2760,6.223007
62,2775,6.095336
62,2790,5.9669514
62,2805,5.8382187
62,2820,5.709454
62,2835,5.5809574
62,2850,5.452983
62,2865,5.325762
62,2880,5.199507
62,2895,5.0883684
62,2910,5.023976
62,2925,5.0052447
62,2940,5.0269885
62,2955,5.0849104
62,2970,5.175286
62,2985,5.2947087
62,3000,5.4400444
62,3015,5.6084266
62,3030,5.797203
62,3045,6.003928
62,3060,6.2263556
62,3075,6.462428
62,3090,6.7102385
62,3105,6.9502854
62,3120,7.152379
62,3135,7.31787
62,3150,7.4506836
62,3165,7.553943
62,3180,7.6303167
62,3195,7.6822896
62,3210,7.712151
62,3225,7.7219915
62,3240,7.7137628
62,3255,7.68928
62,3270,7.650215
62,3285,7.598105
62,3300,7.534364
62,3315,7.460297
62,3330,7.377104
62,3345,7.2858834
62,3360,7.1876445
62,3375,7.0833073
62,3390,6.973713
62,3405,6.859637
62,3420,6.741779
62,3435,6.6207843
62,3450,6.497241
62,3465,6.3716784
62,3480,6.244582
62,3495,6.1163917
62,3510,5.9875016
62,3525,5.858278
62,3540,5.729035
62,3555,5.600073
62,3570,5.471646
62,3585,5.3439837
62,3600,5.2173004
62,3615,5.105744
62,3630,5.040945
62,3645,5.0218186
62,3660,5.043177
62,3675,5.100724
62,3690,5.190735
62,3705,5.3098025
62,3720,5.454793
62,3735,5.6228385
62,3750,5.811288
62,3765,6.017694
62,3780,6.2398114
62,3795,6.4755816
62,3810,6.723098
62,3825,6.962858
62,3840,7.164673
62,3855,7.329892
62,3870,7.462441
62,3885,7.5654426
62,3900,7.6415644
62,3915,7.6932926
62,3930,7.7229147
62,3945,7.732523
62,3960,7.724067
62,3975,7.6993628
62,3990,7.660082
62,4005,7.6077614
62,4020,7.5438156
62,4035,7.469548
62,4050,7.38616
62,4065,7.294749
62,4080,7.196324
62,4095,7.091806
62,4110,6.982034
62,4125,6.8677855
62,4140,6.749759
62,4155,6.6286
62,4170,6.5048966
62,4185,6.379177
62,4200,6.251928
62,4215,6.123588
62,4230,5.9945526
62,4245,5.865186
62,4260,5.735804
62,4275,5.6067066
62,4290,5.4781466
62,4305,5.350355
62,4320,5.223545
62,4335,5.111865
62,4350,5.0469456
62,4365,5.027701
62,4380,5.0489445
62,4395,5.106379
62,4410,5.1962795
62,4425,5.31524
62,4440,5.4601254
62,4455,5.6280684
62,4470,5.8164177
62,4485,6.022726
62,4500,6.2447476
62,4515,6.4804244
62,4530,6.727849
62,4545,6.96752
62,4560,7.1692476
62,4575,7.3343816
62,4590,7.466847
62,4605,7.5697665
62,4620,7.6458087
62,4635,7.6974587
62,4650,7.7270045
62,4665,7.736538
62,4680,7.7280087
62,4695,7.703233
62,4710,7.663882
62,4725,7.6114926
62,4740,7.5474796
62,4755,7.4731464
62,4770,7.3896933
62,4785,7.298219
62,4800,7.1997323
62,4815,7.0951533
62,4830,6.9853225
62,4845,6.8710155
62,4860,6.7529325
62,4875,6.6317177
62,4890,6.5079594
62,4905,6.3821864
62,4920,6.2548847
62,4935,6.1264935
62,4950,5.9974074
62,4965,5.8679914
62,4980,5.7385607
62,4995,5.609416
62,5010,5.4808097
62,5025,5.352972
62,5040,5.2261176
62,5055,5.1143937
62,5070,5.049431
62,5085,5.030144
62,5100,5.0513463
62,5115,5.1087403
62,5130,5.1986012
62,5145,5.3175225
62,5160,5.4623694
62,5175,5.6302752
62,5190,5.8185873
62,5205,6.02486
62,5220,6.246846
62,5235,6.482488
62,5250,6.729879
62,5265,6.9695168
62,5280,7.1712112
62,5295,7.336313
62,5310,7.4687467
62,5325,7.5716357
62,5340,7.6476474
62,5355,7.699268
62,5370,7.728784
62,5385,7.7382884
62,5400,7.7297316
62,5415,7.7049274
62,5430,7.6655498
62,5445,7.6131334
62,5460,7.549094
62,5475,7.4747353
62,5490,7.3912573
62,5505,7.299758
62,5520,7.2012467
62,5535,7.096644
62,5550,6.986789
62,5565,6.8724594
62,5580,6.754353
62,5595,6.633116
62,5610,6.5093355
62,5625,6.383541
62,5640,6.256218
62,5655,6.1278057
62,5670,5.998699
62,5685,5.869263
62,5700,5.739813
62,5715,5.610648
62,5730,5.482023
62,5745,5.3541665
62,5760,5.227293
62,5775,5.115551
62,5790,5.0505705
62,5805,5.031266
62,5820,5.0524507
62,5835,5.1098275
62,5850,5.1996717
62,5865,5.3185763
62,5880,5.4634075
62,5895,5.631297
62,5910,5.819594
62,5925,6.025851
62,5940,6.247822
62,5955,6.483449
62,5970,6.7308254
62,5985,6.9704485
62,6000,7.172129
62,6015,7.3372173
62,6030,7.4696374
62,6045,7.5725126
62,6060,7.6485114
62,6075,7.7001185
62,6090,7.729622
62,6105,7.7391143
62,6120,7.7305446
62,6135,7.7057285
62,6150,7.6663384
62,6165,7.6139107
62,6180,7.54986
62,6195,7.475489
62,6210,7.3919997
62,6225,7.3004894
62,6240,7.2019677
62,6255,7.097354
62,6270,6.9874887
62,6285,6.8731484
62,6300,6.755032
62,6315,6.633785
62,6330,6.5099945
62,6345,6.38419
62,6360,6.2568574
62,6375,6.1284356
62,6390,5.9993196
62,6405,5.8698745
62,6420,5.740415
62,6435,5.611242
62,6450,5.4826074
62,6465,5.3547425
62,6480,5.227861
62,6495,5.1021414
62,6510,4.9777513
62,6525,4.854837
62,6540,4.733524
62,6555,4.613925
62,6570,4.4961376
62,6585,4.3802414
62,6600,4.2663083
62,6615,4.154394
62,6630,4.044547
62,6645,3.936804
62,6660,3.8311946
62,6675,3.7277403
62,6690,3.6264527
62,6705,3.5273418
62,6720,3.4304128
62,6735,3.3356638
62,6750,3.2430763
62,6765,3.1526477
62,6780,3.0643685
62,6795,2.9782255
62,6810,2.8941884
62,6825,2.8122373
62,6840,2.7323453
62,6855,2.6544826
62,6870,2.5786157
62,6885,2.5047145
62,6900,2.4327452
62,6915,2.3626733
62,6930,2.294464
62,6945,2.2280838
62,6960,2.1634974
62,6975,2.1006672
62,6990,2.0395594
62,7005,1.9801357
62,7020,1.9223596
62,7035,1.8661941
62,7050,1.8116025
62,7065,1.7585473
62,7080,1.706992
62,7095,1.6569006
62,7110,1.6082373
62,7125,1.5609665
62,7140,1.5150534
62,7155,1.470464
62,7170,1.427164
62,7185,1.3851202
62,7200,1.3442998
63,0,0
63,3,0.00015676665
63,6,0.0012044687
63,9,0.0037419575
63,12,0.008100496
63,15,0.014432245
63,18,0.022783548
63,21,0.03314359
63,24,0.045473535
63,27,0.059722662
63,30,0.0758365
63,33,0.09376098
63,36,0.113444164
63,39,0.13483702
63,42,0.15789329
63,45,0.18256931
63,48,0.20882374
63,51,0.23661709
63,54,0.26591146
63,57,0.29667038
63,60,0.32885844
63,63,0.3624413
63,66,0.39738566
63,69,0.43365893
63,72,0.47122937
63,75,0.5100658
63,78,0.5501377
63,81,0.591415
63,84,0.63386834
63,87,0.67746866
63,90,0.7221876
63,93,0.76799726
63,96,0.8148703
63,99,0.8627797
63,102,0.9116989
63,105,0.961602
63,108,1.0124633
63,111,1.0642577
63,114,1.1169605
63,117,1.1705474
63,120,1.2249942
63,135,1.5093218
63,150,1.8117958
63,165,2.129864
63,180,2.4611938
63,195,2.8036578
63,210,3.1552956
63,225,3.495955
63,240,3.7944858
63,255,4.0527077
63,270,4.2749305
63,285,4.4645033
63,300,4.6243176
63,315,4.756986
63,330,4.8649316
63,345,4.9503965
63,360,5.015452
63,375,5.0620117
63,390,5.091845
63,405,5.106584
63,420,5.1077323
63,435,5.0966673
63,450,5.074661
63,465,5.0428815
63,480,5.002402
63,495,4.9542046
63,510,4.8991942
63,525,4.8381987
63,540,4.771978
63,555,4.701226
63,570,4.6265674
63,585,4.548599
63,600,4.4678164
63,615,4.3847127
63,630,4.2997174
63,645,4.213212
63,660,4.1255684
63,675,4.037108
63,690,3.9481235
63,705,3.8588853
63,720,3.7696383
63,735,3.6950288
63,750,3.6678066
63,765,3.686479
63,780,3.7454479
63,795,3.840211
63,810,3.9668772
63,825,4.1219344
63,840,4.3021665
63,855,4.504602
63,870,4.7265162
63,885,4.965416
63,900,5.219018
63,915,5.485233
63,930,5.762132
63,945,6.029603
63,960,6.256471
63,975,6.444586
63,990,6.5982666
63,1005,6.7208595
63,1020,6.8152385
63,1035,6.884027
63,1050,6.9296393
63,1065,6.9543004
63,1080,6.960064
63,1095,6.948831
63,1110,6.922354
63,1125,6.8822455
63,1140,6.8299856
63,1155,6.7669334
63,1170,6.6943374
63,1185,6.613343
63,1200,6.5249987
63,1215,6.430264
63,1230,6.3300157
63,1245,6.225055
63,1260,6.116117
63,1275,6.003863
63,1290,5.8888993
63,1305,5.7717724
63,1320,5.652981
63,1335,5.532976
63,1350,5.4121647
63,1365,5.290921
63,1380,5.169572
63,1395,5.048423
63,1410,4.9277353
63,1425,4.807755
63,1440,4.688689
63,1455,4.5851536
63,1470,4.529888
63,1485,4.5213842
63,1500,4.5540133
63,1515,4.6232495
63,1530,4.72519
63,1545,4.856296
63,1560,5.013318
63,1575,5.193271
63,1590,5.3934155
63,1605,5.611235
63,1620,5.8444233
63,1635,6.090872
63,1650,6.3486266
63,1665,6.597567
63,1680,6.8064876
63,1695,6.9772267
63,1710,7.1140833
63,1725,7.220387
63,1740,7.2989945
63,1755,7.3525114
63,1770,7.383338
63,1785,7.3936834
63,1800,7.385587
63,1815,7.3609357
63,1830,7.321468
63,1845,7.2687807
63,1860,7.2043424
63,1875,7.1295004
63,1890,7.0454903
63,1905,6.953447
63,1920,6.854405
63,1935,6.7493134
63,1950,6.639039
63,1965,6.5243716
63,1980,6.406031
63,1995,6.284676
63,2010,6.160904
63,2025,6.035253
63,2040,5.908215
63,2055,5.7802277
63,2070,5.651694
63,2085,5.5229774
63,2100,5.3944163
63,2115,5.2662807
63,2130,5.1388183
63,2145,5.01228
63,2160,4.8868523
63,2175,4.777154
63,2190,4.7159247
63,2205,4.7016487
63,2220,4.728692
63,2235,4.792523
63,2250,4.8892326
63,2265,5.0152764
63,2280,5.1674
63,2295,5.342613
63,2310,5.538171
63,2325,5.7515516
63,2340,5.980445
63,2355,6.222737
63,2370,6.47647
63,2385,6.7215185
63,2400,6.9266715
63,2415,7.0937643
63,2430,7.227091
63,2445,7.3299904
63,2460,7.405281
63,2475,7.4555907
63,2490,7.48332
63,2505,7.4906597
63,2520,7.4796457
63,2535,7.452171
63,2550,7.4099727
63,2565,7.3546424
63,2580,7.287644
63,2595,7.2103224
63,2610,7.123916
63,2625,7.029554
63,2640,6.9282722
63,2655,6.821013
63,2670,6.7086353
63,2685,6.591933
63,2700,6.471616
63,2715,6.3483424
63,2730,6.222707
63,2745,6.0952463
63,2760,5.9664526
63,2775,5.8367653
63,2790,5.706582
63,2805,5.5762663
63,2820,5.4461355
63,2835,5.3164825
63,2850,5.1875687
63,2865,5.059625
63,2880,4.932849
63,2895,4.8218446
63,2910,4.759349
63,2925,4.7438455
63,2940,4.769699
63,2955,4.832377
63,2970,4.927969
63,2985,5.05293
63,3000,5.204003
63,3015,5.378198
63,3030,5.572769
63,3045,5.7851934
63,3060,6.0131598
63,3075,6.254553
63,3090,6.5074143
63,3105,6.751618
63,3120,6.955952
63,3135,7.12225
63,3150,7.2548065
63,3165,7.3569584
63,3180,7.4315243
63,3195,7.48113
63,3210,7.5081773
63,3225,7.514855
63,3240,7.5031986
63,3255,7.4751
63,3270,7.4322963
63,3285,7.3763785
63,3300,7.30881
63,3315,7.230935
63,3330,7.1439915
63,3345,7.0491076
63,3360,6.9473195
63,3375,6.839568
63,3390,6.726713
63,3405,6.609547
63,3420,6.4887795
63,3435,6.3650684
63,3450,6.239008
63,3465,6.111135
63,3480,5.9819407
63,3495,5.8518634
63,3510,5.7213025
63,3525,5.5906186
63,3540,5.4601307
63,3555,5.3301306
63,3570,5.200879
63,3585,5.072608
63,3600,4.945513
63,3615,4.8341985
63,3630,4.771402
63,3645,4.755606
63,3660,4.781175
63,3675,4.8435764
63,3690,4.9388995
63,3705,5.063599
63,3720,5.2144184
63,3735,5.388367
63,3750,5.582698
63,3765,5.794889
63,3780,6.0226283
63,3795,6.2638006
63,3810,6.5164475
63,3825,6.7604427
63,3840,6.9645734
63,3855,7.1306744
63,3870,7.263038
63,3885,7.365003
63,3900,7.4393873
63,3915,7.488816
63,3930,7.5156903
63,3945,7.5221996
63,3960,7.51038
63,3975,7.4821215
63,3990,7.4391627
63,4005,7.383094
63,4020,7.3153777
63,4035,7.2373595
63,4050,7.1502757
63,4065,7.0552554
63,4080,6.953335
63,4095,6.8454537
63,4110,6.7324724
63,4125,6.6151834
63,4140,6.4942956
63,4155,6.370468
63,4170,6.244293
63,4185,6.1163087
63,4200,5.987006
63,4215,5.856823
63,4230,5.7261586
63,4245,5.5953736
63,4260,5.4647875
63,4275,5.3346915
63,4290,5.205346
63,4305,5.076984
63,4320,4.949799
63,4335,4.838398
63,4350,4.775516
63,4365,4.7596374
63,4380,4.7851257
63,4395,4.847448
63,4410,4.9426937
63,4425,5.0673184
63,4440,5.218064
63,4455,5.3919406
63,4470,5.5862017
63,4485,5.798324
63,4500,6.0259967
63,4515,6.2671037
63,4530,6.519687
63,4545,6.76362
63,4560,6.9676895
63,4575,7.133731
63,4590,7.266037
63,4605,7.367945
63,4620,7.442273
63,4635,7.4916472
63,4650,7.5184693
63,4665,7.5249267
63,4680,7.513056
63,4695,7.484748
63,4710,7.4417405
63,4725,7.385624
63,4740,7.3178616
63,4755,7.2397976
63,4770,7.1526694
63,4785,7.0576053
63,4800,6.9556417
63,4815,6.8477187
63,4830,6.7346964
63,4845,6.6173673
63,4860,6.4964404
63,4875,6.3725743
63,4890,6.2463617
63,4905,6.1183405
63,4920,5.9890013
63,4935,5.858783
63,4950,5.7280836
63,4965,5.597265
63,4980,5.4666452
63,4995,5.336517
63,5010,5.2071395
63,5025,5.0787454
63,5040,4.9515305
63,5055,4.840099
63,5070,4.7771873
63,5085,4.76128
63,5100,4.7867393
63,5115,4.8490343
63,5130,4.944253
63,5145,5.0688505
63,5160,5.21957
63,5175,5.393421
63,5190,5.587657
63,5205,5.7997546
63,5220,6.027403
63,5235,6.2684865
63,5250,6.521046
63,5265,6.7649565
63,5280,6.969004
63,5295,7.135023
63,5310,7.2673078
63,5325,7.3691945
63,5340,7.4435024
63,5355,7.492856
63,5370,7.519658
63,5385,7.5260954
63,5400,7.5142055
63,5415,7.485879
63,5430,7.442853
63,5445,7.3867183
63,5460,7.318938
63,5475,7.2408566
63,5490,7.153711
63,5505,7.05863
63,5520,6.95665
63,5535,6.8487105
63,5550,6.735672
63,5565,6.618327
63,5580,6.4973845
63,5595,6.373503
63,5610,6.247276
63,5625,6.11924
63,5640,5.9898868
63,5655,5.859654
63,5670,5.7289405
63,5685,5.5981083
63,5700,5.467475
63,5715,5.337333
63,5730,5.207943
63,5745,5.0795364
63,5760,4.952308
63,5775,4.8408647
63,5790,4.777941
63,5805,4.7620215
63,5820,4.7874694
63,5835,4.8497524
63,5850,4.9449596
63,5865,5.069546
63,5880,5.220255
63,5895,5.3940954
63,5910,5.5883203
63,5925,5.800408
63,5940,6.028046
63,5955,6.2691193
63,5970,6.5216694
63,5985,6.7655697
63,6000,6.969608
63,6015,7.1356177
63,6030,7.267893
63,6045,7.369771
63,6060,7.44407
63,6075,7.493415
63,6090,7.520208
63,6105,7.526637
63,6120,7.514739
63,6135,7.486404
63,6150,7.44337
63,6165,7.3872275
63,6180,7.319439
63,6195,7.2413497
63,6210,7.1541967
63,6225,7.0591083
63,6240,6.957121
63,6255,6.8491745
63,6270,6.736129
63,6285,6.618777
63,6300,6.4978275
63,6315,6.3739395
63,6330,6.2477055
63,6345,6.119663
63,6360,5.990303
63,6375,5.860064
63,6390,5.729345
63,6405,5.598506
63,6420,5.467867
63,6435,5.337719
63,6450,5.2083225
63,6465,5.0799103
63,6480,4.952677
63,6495,4.82682
63,6510,4.7024846
63,6525,4.579803
63,6540,4.4589095
63,6555,4.3398967
63,6570,4.222853
63,6585,4.107859
63,6600,3.994978
63,6615,3.884259
63,6630,3.7757468
63,6645,3.6694775
63,6660,3.5654688
63,6675,3.4637399
63,6690,3.364299
63,6705,3.2671463
63,6720,3.1722782
63,6735,3.079685
63,6750,2.9893534
63,6765,2.9012656
63,6780,2.8154001
63,6795,2.7317338
63,6810,2.6502402
63,6825,2.570889
63,6840,2.493651
63,6855,2.4184918
63,6870,2.3453767
63,6885,2.2742708
63,6900,2.2051356
63,6915,2.1379333
63,6930,2.0726252
63,6945,2.0091717
63,6960,1.9475334
63,6975,1.8876699
63,6990,1.8295411
63,7005,1.7731074
63,7020,1.7183282
63,7035,1.665164
63,7050,1.6135753
63,7065,1.5635225
63,7080,1.5149666
63,7095,1.4678693
63,7110,1.4221922
63,7125,1.377898
63,7140,1.3349493
63,7155,1.2933099
63,7170,1.252944
63,7185,1.2138163
63,7200,1.1758924
64,0,0
64,3,0.00014693059
64,6,0.0010778211
64,9,0.0032807894
64,12,0.0070131943
64,15,0.012382343
64,18,0.019409921
64,21,0.028073378
64,24,0.038330056
64,27,0.050130136
64,30,0.063422814
64,33,0.078159355
64,36,0.09429411
64,39,0.11178491
64,42,0.13059275
64,45,0.15068139
64,48,0.172017
64,51,0.1945676
64,54,0.2183029
64,57,0.24319392
64,60,0.26921287
64,63,0.29633284
64,66,0.32452807
64,69,0.35377315
64,72,0.38404393
64,75,0.41531625
64,78,0.44756702
64,81,0.48077318
64,84,0.51491225
64,87,0.5499622
64,90,0.5859013
64,93,0.62270844
64,96,0.66036266
64,99,0.69884354
64,102,0.7381309
64,105,0.7782052
64,108,0.8190463
64,111,0.86063534
64,114,0.9029538
64,117,0.94598335
64,120,0.9897063
64,135,1.2180933
64,150,1.461246
64,165,1.717214
64,180,1.9842064
64,195,2.2605846
64,210,2.5448303
64,225,2.8198586
64,240,3.0608668
64,255,3.270378
64,270,3.4521143
64,285,3.6087599
64,300,3.7425058
64,315,3.8553197
64,330,3.949
64,345,4.025208
64,360,4.0854893
64,375,4.1312737
64,390,4.163884
64,405,4.184544
64,420,4.1943803
64,435,4.1944346
64,450,4.18567
64,465,4.1689725
64,480,4.145159
64,495,4.11498
64,510,4.0791283
64,525,4.0382404
64,540,3.9928977
64,555,3.9436371
64,570,3.8909438
64,585,3.8352704
64,600,3.7770245
64,615,3.7165852
64,630,3.6542966
64,645,3.5904737
64,660,3.525405
64,675,3.4593499
64,690,3.3925467
64,705,3.3252096
64,720,3.2575333
64,735,3.2020736
64,750,3.1852937
64,765,3.2048538
64,780,3.2559855
64,795,3.3350883
64,810,3.439179
64,825,3.565588
64,840,3.711874
64,855,3.8757968
64,870,4.0552998
64,885,4.248488
64,900,4.45362
64,915,4.6690965
64,930,4.893434
64,945,5.109577
64,960,5.292738
64,975,5.445457
64,990,5.571473
64,1005,5.6734805
64,1020,5.753677
64,1035,5.8140306
64,1050,5.856348
64,1065,5.8822913
64,1080,5.893395
64,1095,5.8910832
64,1110,5.8766737
64,1125,5.851382
64,1140,5.8163285
64,1155,5.772544
64,1170,5.7209773
64,1185,5.662503
64,1200,5.597923
64,1215,5.5279746
64,1230,5.4533343
64,1245,5.3746233
64,1260,5.2924094
64,1275,5.2072115
64,1290,5.1195016
64,1305,5.0297112
64,1320,4.938233
64,1335,4.845427
64,1350,4.751617
64,1365,4.6571035
64,1380,4.5621514
64,1395,4.467009
64,1410,4.3718915
64,1425,4.277001
64,1440,4.182511
64,1455,4.100959
64,1470,4.0587955
64,1485,4.053673
64,1500,4.080797
64,1515,4.1365576
64,1530,4.217962
64,1545,4.3223066
64,1560,4.447127
64,1575,4.5902076
64,1590,4.7494626
64,1605,4.922948
64,1620,5.108931
64,1635,5.305815
64,1650,5.5120845
64,1665,5.7106676
64,1680,5.876767
64,1695,6.0129075
64,1710,6.122816
64,1725,6.2091727
64,1740,6.2741623
64,1755,6.31974
64,1770,6.3477006
64,1785,6.3596954
64,1800,6.3572483
64,1815,6.341771
64,1830,6.314571
64,1845,6.276851
64,1860,6.229724
64,1875,6.174209
64,1890,6.1112475
64,1905,6.041703
64,1920,5.966369
64,1935,5.8859735
64,1950,5.8011837
64,1965,5.712611
64,1980,5.62082
64,1995,5.526314
64,2010,5.4295697
64,2025,5.3309975
64,2040,5.230997
64,2055,5.129906
64,2070,5.028055
64,2085,4.9257245
64,2100,4.823185
64,2115,4.720667
64,2130,4.6183896
64,2145,4.5165396
64,2160,4.415295
64,2175,4.3271794
64,2190,4.2786407
64,2205,4.2673273
64,2220,4.2884393
64,2235,4.338361
64,2250,4.414095
64,2265,4.512934
64,2280,4.632407
64,2295,4.7702956
64,2310,4.924509
64,2325,5.093099
64,2340,5.2743287
64,2355,5.466596
64,2370,5.6683826
64,2385,5.8626127
64,2400,6.024485
64,2415,6.1565194
64,2430,6.2624407
64,2445,6.344924
64,2460,6.406151
64,2475,6.4480753
64,2490,6.4724874
64,2505,6.4810324
64,2520,6.475234
64,2535,6.4565
64,2550,6.4261365
64,2565,6.3853455
64,2580,6.3352337
64,2595,6.2768197
64,2610,6.2110405
64,2625,6.1387615
64,2640,6.06077
64,2655,5.977796
64,2670,5.890499
64,2685,5.799489
64,2700,5.705321
64,2715,5.6085057
64,2730,5.509507
64,2745,5.408751
64,2760,5.306622
64,2775,5.2034717
64,2790,5.0996165
64,2805,4.9953446
64,2820,4.890916
64,2835,4.7865653
64,2850,4.682503
64,2865,4.5789204
64,2880,4.47599
64,2895,4.3862467
64,2910,4.336126
64,2925,4.3232756
64,2940,4.342893
64,2955,4.391362
64,2970,4.465685
64,2985,4.563152
64,3000,4.681293
64,3015,4.8178854
64,3030,4.9708405
64,3045,5.138207
64,3060,5.3182454
64,3075,5.5093565
64,3090,5.7100196
64,3105,5.9031577
64,3120,6.063968
64,3135,6.19497
64,3150,6.299888
64,3165,6.381396
64,3180,6.4416738
64,3195,6.482676
64,3210,6.506191
64,3225,6.5138636
64,3240,6.507217
64,3255,6.487658
64,3270,6.456492
64,3285,6.4149203
64,3300,6.3640494
64,3315,6.3048973
64,3330,6.2384
64,3345,6.1654224
64,3360,6.0867515
64,3375,6.0031166
64,3390,5.915176
64,3405,5.8235407
64,3420,5.728764
64,3435,5.6313562
64,3450,5.5317817
64,3465,5.4304647
64,3480,5.3277903
64,3495,5.2241087
64,3510,5.1197367
64,3525,5.014962
64,3540,4.910044
64,3555,4.8052177
64,3570,4.7006927
64,3585,4.5966587
64,3600,4.493289
64,3615,4.4031186
64,3630,4.3525825
64,3645,4.3393273
64,3660,4.358551
64,3675,4.4066367
64,3690,4.480586
64,3705,4.57769
64,3720,4.695478
64,3735,4.8317266
64,3750,4.984347
64,3765,5.1513877
64,3780,5.3311086
64,3795,5.521911
64,3810,5.722274
64,3825,5.915119
64,3840,6.075645
64,3855,6.2063694
64,3870,6.3110175
64,3885,6.392262
64,3900,6.452284
64,3915,6.4930363
64,3930,6.5163083
64,3945,6.5237446
64,3960,6.516867
64,3975,6.497083
64,3990,6.4656982
64,4005,6.4239135
64,4020,6.3728347
64,4035,6.3134794
64,4050,6.246785
64,4065,6.1736145
64,4080,6.094756
64,4095,6.0109386
64,4110,5.9228196
64,4125,5.831011
64,4140,5.7360644
64,4155,5.6384916
64,4170,5.538756
64,4185,5.437282
64,4200,5.3344545
64,4215,5.2306237
64,4230,5.1261063
64,4245,5.0211897
64,4260,4.9161334
64,4275,4.8111715
64,4290,4.706515
64,4305,4.6023526
64,4320,4.4988575
64,4335,4.408565
64,4350,4.357909
64,4365,4.3445377
64,4380,4.3636484
64,4395,4.4116235
64,4410,4.485465
64,4425,4.5824633
64,4440,4.7001486
64,4455,4.836297
64,4470,4.9888196
64,4485,5.155765
64,4500,5.335393
64,4515,5.5261045
64,4530,5.7263784
64,4545,5.9191375
64,4560,6.079579
64,4575,6.210221
64,4590,6.3147883
64,4605,6.3959546
64,4620,6.4558997
64,4635,6.4965773
64,4650,6.519776
64,4665,6.5271406
64,4680,6.5201936
64,4695,6.5003414
64,4710,6.4688897
64,4725,6.42704
64,4740,6.375898
64,4755,6.3164806
64,4770,6.2497253
64,4785,6.1764956
64,4800,6.097579
64,4815,6.013705
64,4830,5.925531
64,4845,5.8336678
64,4860,5.7386684
64,4875,5.641044
64,4890,5.5412574
64,4905,5.4397345
64,4920,5.3368583
64,4935,5.2329803
64,4950,5.1284165
64,4965,5.0234547
64,4980,4.918354
64,4995,4.8133492
64,5010,4.7086506
64,5025,4.6044464
64,5040,4.500911
64,5055,4.4105787
64,5070,4.3598847
64,5085,4.346475
64,5100,4.3655486
64,5115,4.4134874
64,5130,4.4872932
64,5145,4.584257
64,5160,4.7019086
64,5175,4.8380237
64,5190,4.990514
64,5205,5.1574273
64,5220,5.337024
64,5235,5.5277057
64,5250,5.7279496
64,5265,5.9206796
64,5280,6.0810924
64,5295,6.2117066
64,5310,6.3162465
64,5325,6.3973856
64,5340,6.4573045
64,5355,6.4979568
64,5370,6.52113
64,5385,6.52847
64,5400,6.521499
64,5415,6.5016236
64,5430,6.4701486
64,5445,6.428276
64,5460,6.3771114
64,5475,6.3176727
64,5490,6.250896
64,5505,6.177645
64,5520,6.0987086
64,5535,6.014814
64,5550,5.92662
64,5565,5.834738
64,5580,5.73972
64,5595,5.642077
64,5610,5.542272
64,5625,5.440731
64,5640,5.337837
64,5655,5.233942
64,5670,5.129362
64,5685,5.0243835
64,5700,4.9192667
64,5715,4.814246
64,5730,4.7095313
64,5745,4.6053123
64,5760,4.501762
64,5775,4.411415
64,5790,4.3607063
64,5805,4.347283
64,5820,4.366342
64,5835,4.4142675
64,5850,4.48806
64,5865,4.585011
64,5880,4.702649
64,5895,4.838752
64,5910,4.99123
64,5925,5.158131
64,5940,5.337716
64,5955,5.5283856
64,5970,5.728618
64,5985,5.921337
64,6000,6.081739
64,6015,6.2123423
64,6030,6.3168716
64,6045,6.3980007
64,6060,6.457909
64,6075,6.4985514
64,6090,6.5217147
64,6105,6.529045
64,6120,6.5220647
64,6135,6.5021796
64,6150,6.4706955
64,6165,6.4288144
64,6180,6.3776407
64,6195,6.3181934
64,6210,6.251408
64,6225,6.178149
64,6240,6.099204
64,6255,6.015301
64,6270,5.9270997
64,6285,5.8352094
64,6300,5.740184
64,6315,5.6425333
64,6330,5.5427213
64,6345,5.4411726
64,6360,5.338272
64,6375,5.2343698
64,6390,5.1297827
64,6405,5.0247974
64,6420,4.919674
64,6435,4.8146467
64,6450,4.7099257
64,6465,4.6057005
64,6480,4.502144
64,6495,4.399405
64,6510,4.2976193
64,6525,4.1969113
64,6540,4.097383
64,6555,3.9991276
64,6570,3.90223
64,6585,3.806757
64,6600,3.7127688
64,6615,3.6203182
64,6630,3.529446
64,6645,3.4401872
64,6660,3.3525717
64,6675,3.2666192
64,6690,3.182347
64,6705,3.099768
64,6720,3.0188859
64,6735,2.9397042
64,6750,2.8622234
64,6765,2.7864356
64,6780,2.7123346
64,6795,2.63991
64,6810,2.569147
64,6825,2.5000312
64,6840,2.4325454
64,6855,2.3666692
64,6870,2.3023827
64,6885,2.239664
64,6900,2.1784894
64,6915,2.1188354
64,6930,2.060677
64,6945,2.0039883
64,6960,1.9487431
64,6975,1.8949153
64,6990,1.8424774
64,7005,1.7914023
64,7020,1.7416627
64,7035,1.6932307
64,7050,1.6460791
64,7065,1.60018
64,7080,1.5555059
64,7095,1.5120294
64,7110,1.4697237
64,7125,1.4285612
64,7140,1.3885157
64,7155,1.3495605
64,7170,1.3116695
64,7185,1.274817
64,7200,1.2389776
65,0,0
65,3,0.000170791
65,6,0.0012628302
65,9,0.0038512475
65,12,0.008219981
65,15,0.014472308
65,18,0.022617722
65,21,0.032623712
65,24,0.04444182
65,27,0.05802032
65,30,0.07330955
65,33,0.09026382
65,36,0.10884163
65,39,0.12900536
65,42,0.15072061
65,45,0.17395568
65,48,0.1986809
65,51,0.2248681
65,54,0.25249046
65,57,0.28152218
65,60,0.31193838
65,63,0.34371468
65,66,0.37682778
65,69,0.41125438
65,72,0.4469719
65,75,0.48395798
65,78,0.5221906
65,81,0.5616481
65,84,0.60230905
65,87,0.64415246
65,90,0.6871575
65,93,0.7313038
65,96,0.77657104
65,99,0.8229392
65,102,0.87038875
65,105,0.91890013
65,108,0.9684542
65,111,1.0190319
65,114,1.0706145
65,117,1.1231837
65,120,1.1767215
65,135,1.4583156
65,150,1.7615315
65,165,2.0843654
65,180,2.4249542
65,195,2.7815676
65,210,3.1525767
65,225,3.5181491
65,240,3.8502605
65,255,4.1513987
65,270,4.424659
65,285,4.6721854
65,300,4.895801
65,315,5.097192
65,330,5.2779417
65,345,5.4395456
65,360,5.583409
65,375,5.7108455
65,390,5.823083
65,405,5.9212637
65,420,6.0064535
65,435,6.079644
65,450,6.141758
65,465,6.1936507
65,480,6.2361193
65,495,6.269906
65,510,6.2956924
65,525,6.314122
65,540,6.3257747
65,555,6.331205
65,570,6.330912
65,585,6.3253727
65,600,6.3150215
65,615,6.3002644
65,630,6.2814803
65,645,6.259016
65,660,6.2331963
65,675,6.2043185
65,690,6.17266
65,705,6.1384754
65,720,6.102002
65,735,6.0779295
65,750,6.096377
65,765,6.1549425
65,780,6.2493668
65,795,6.376499
65,810,6.5336456
65,825,6.7182875
65,840,6.928077
65,855,7.1608696
65,870,7.4146094
65,885,7.68738
65,900,7.9774027
65,915,8.283045
65,930,8.602765
65,945,8.916828
65,960,9.197179
65,975,9.446443
65,990,9.667764
65,1005,9.86332
65,1020,10.034974
65,1035,10.18446
65,1050,10.313403
65,1065,10.423333
65,1080,10.515683
65,1095,10.5918
65,1110,10.652936
65,1125,10.700261
65,1140,10.734861
65,1155,10.757748
65,1170,10.769858
65,1185,10.77207
65,1200,10.765194
65,1215,10.749983
65,1230,10.727136
65,1245,10.697297
65,1260,10.661065
65,1275,10.618997
65,1290,10.571607
65,1305,10.519373
65,1320,10.462738
65,1335,10.402116
65,1350,10.337884
65,1365,10.270395
65,1380,10.199974
65,1395,10.126921
65,1410,10.051515
65,1425,9.97401
65,1440,9.894648
65,1455,9.828116
65,1470,9.804537
65,1485,9.821519
65,1500,9.874788
65,1515,9.961205
65,1530,10.078058
65,1545,10.222849
65,1560,10.393244
65,1575,10.587055
65,1590,10.802236
65,1605,11.036878
65,1620,11.289209
65,1635,11.557587
65,1650,11.840456
65,1665,12.118091
65,1680,12.362416
65,1695,12.576068
65,1710,12.762177
65,1725,12.922923
65,1740,13.060156
65,1755,13.175608
65,1770,13.270903
65,1785,13.347565
65,1800,13.407023
65,1815,13.450619
65,1830,13.479602
65,1845,13.495137
65,1860,13.498312
65,1875,13.4901285
65,1890,13.471525
65,1905,13.44337
65,1920,13.406466
65,1935,13.361566
65,1950,13.3093605
65,1965,13.250497
65,1980,13.185571
65,1995,13.115132
65,2010,13.039699
65,2025,12.959739
65,2040,12.875695
65,2055,12.787972
65,2070,12.696947
65,2085,12.602974
65,2100,12.506371
65,2115,12.407428
65,2130,12.306439
65,2145,12.203645
65,2160,12.099265
65,2175,12.008001
65,2190,11.959937
65,2205,11.952738
65,2220,11.982107
65,2235,12.044898
65,2250,12.138391
65,2265,12.260106
65,2280,12.407689
65,2295,12.578945
65,2310,12.771838
65,2325,12.98446
65,2340,13.215033
65,2355,13.461902
65,2370,13.723511
65,2385,13.980132
65,2400,14.203692
65,2415,14.396819
65,2430,14.562642
65,2445,14.703336
65,2460,14.820746
65,2475,14.916603
65,2490,14.992529
65,2505,15.050042
65,2520,15.090572
65,2535,15.115454
65,2550,15.125936
65,2565,15.12318
65,2580,15.108272
65,2595,15.082211
65,2610,15.045936
65,2625,15.000303
65,2640,14.946126
65,2655,14.884142
65,2670,14.815048
65,2685,14.739485
65,2700,14.658045
65,2715,14.571282
65,2730,14.479703
65,2745,14.383783
65,2760,14.283957
65,2775,14.180629
65,2790,14.074174
65,2805,13.964936
65,2820,13.853242
65,2835,13.739386
65,2850,13.6236315
65,2865,13.506248
65,2880,13.387459
65,2895,13.2819195
65,2910,13.219774
65,2925,13.198633
65,2940,13.214215
65,2955,13.263378
65,2970,13.343409
65,2985,13.451801
65,3000,13.58622
65,3015,13.744471
65,3030,13.924503
65,3045,14.124408
65,3060,14.342406
65,3075,14.576849
65,3090,14.82618
65,3105,15.070667
65,3120,15.282229
65,3135,15.463494
65,3150,15.617591
65,3165,15.746691
65,3180,15.852639
65,3195,15.937162
65,3210,16.001883
65,3225,16.048317
65,3240,16.07789
65,3255,16.09194
65,3270,16.09171
65,3285,16.078363
65,3300,16.05298
65,3315,16.016563
65,3330,15.970046
65,3345,15.914287
65,3360,15.850095
65,3375,15.778207
65,3390,15.699321
65,3405,15.614069
65,3420,15.523052
65,3435,15.426815
65,3450,15.325869
65,3465,15.220683
65,3480,15.111693
65,3495,14.999305
65,3510,14.883886
65,3525,14.765787
65,3540,14.645322
65,3555,14.522796
65,3570,14.398472
65,3585,14.272598
65,3600,14.145424
65,3615,14.03159
65,3630,13.961245
65,3645,13.931994
65,3660,13.939557
65,3675,13.980791
65,3690,14.052981
65,3705,14.153622
65,3720,14.2803755
65,3735,14.431048
65,3750,14.60359
65,3765,14.796086
65,3780,15.006762
65,3795,15.233964
65,3810,15.476137
65,3825,15.713548
65,3840,15.918113
65,3855,16.092459
65,3870,16.239716
65,3885,16.362051
65,3900,16.461311
65,3915,16.53922
65,3930,16.597399
65,3945,16.637363
65,3960,16.660542
65,3975,16.668264
65,3990,16.661777
65,4005,16.642242
65,4020,16.610739
65,4035,16.568272
65,4050,16.515766
65,4065,16.454088
65,4080,16.384039
65,4095,16.30636
65,4110,16.221746
65,4125,16.130829
65,4140,16.034208
65,4155,15.932426
65,4170,15.825998
65,4185,15.715388
65,4200,15.601036
65,4215,15.48334
65,4230,15.362674
65,4245,15.239383
65,4260,15.113783
65,4275,14.986176
65,4290,14.856829
65,4305,14.725984
65,4320,14.593891
65,4335,14.475196
65,4350,14.400042
65,4365,14.366036
65,4380,14.3688965
65,4395,14.4054785
65,4410,14.473069
65,4425,14.569161
65,4440,14.691418
65,4455,14.837644
65,4470,15.005787
65,4485,15.193934
65,4500,15.40031
65,4515,15.6232605
65,4530,15.86123
65,4545,16.094482
65,4560,16.294937
65,4575,16.46522
65,4590,16.608456
65,4605,16.726816
65,4620,16.822145
65,4635,16.896166
65,4650,16.950497
65,4665,16.98666
65,4680,17.006075
65,4695,17.010077
65,4710,16.99991
65,4725,16.976734
65,4740,16.94163
65,4755,16.895601
65,4770,16.839571
65,4785,16.77441
65,4800,16.700912
65,4815,16.619825
65,4830,16.531836
65,4845,16.437582
65,4860,16.33766
65,4875,16.232615
65,4890,16.122955
65,4905,16.00915
65,4920,15.891636
65,4935,15.770813
65,4950,15.647055
65,4965,15.520702
65,4980,15.392076
65,4995,15.261471
65,5010,15.129161
65,5025,14.995387
65,5040,14.860391
65,5055,14.738829
65,5070,14.660837
65,5085,14.624025
65,5100,14.62411
65,5115,14.657948
65,5130,14.722823
65,5145,14.816231
65,5160,14.935831
65,5175,15.079431
65,5190,15.244976
65,5205,15.430556
65,5220,15.634392
65,5235,15.854831
65,5250,16.090317
65,5265,16.321114
65,5280,16.519138
65,5295,16.68702
65,5310,16.827879
65,5325,16.94389
65,5340,17.036894
65,5355,17.108608
65,5370,17.1606
65,5385,17.194447
65,5400,17.211536
65,5415,17.21324
65,5430,17.200825
65,5445,17.17539
65,5460,17.138092
65,5475,17.08989
65,5490,17.031713
65,5505,16.964458
65,5520,16.888876
65,5535,16.80575
65,5550,16.715754
65,5565,16.619507
65,5580,16.517635
65,5595,16.410652
65,5610,16.299088
65,5625,16.183409
65,5640,16.064024
65,5655,15.941369
65,5670,15.815792
65,5685,15.687644
65,5700,15.557249
65,5715,15.424881
65,5730,15.29083
65,5745,15.155336
65,5760,15.018628
65,5775,14.895413
65,5790,14.815784
65,5805,14.77735
65,5820,14.775827
65,5835,14.808073
65,5850,14.871371
65,5865,14.963217
65,5880,15.08127
65,5895,15.223338
65,5910,15.387368
65,5925,15.571447
65,5940,15.773796
65,5955,15.992764
65,5970,16.226793
65,5985,16.45615
65,6000,16.65275
65,6015,16.819218
65,6030,16.958681
65,6045,17.073309
65,6060,17.164946
65,6075,17.235306
65,6090,17.285957
65,6105,17.318478
65,6120,17.334251
65,6135,17.334656
65,6150,17.320955
65,6165,17.294245
65,6180,17.255688
65,6195,17.206236
65,6210,17.146828
65,6225,17.078352
65,6240,17.001558
65,6255,16.917238
65,6270,16.826056
65,6285,16.728642
65,6300,16.625612
65,6315,16.51748
65,6330,16.404781
65,6345,16.287977
65,6360,16.167484
65,6375,16.04373
65,6390,15.917064
65,6405,15.787841
65,6420,15.656381
65,6435,15.522957
65,6450,15.387864
65,6465,15.251337
65,6480,15.113608
65,6495,14.974897
65,6510,14.835387
65,6525,14.695271
65,6540,14.554708
65,6555,14.413848
65,6570,14.2728405
65,6585,14.131805
65,6600,13.990869
65,6615,13.850135
65,6630,13.709702
65,6645,13.569665
65,6660,13.430104
65,6675,13.291098
65,6690,13.152715
65,6705,13.015016
65,6720,12.878061
65,6735,12.741901
65,6750,12.606584
65,6765,12.472151
65,6780,12.33864
65,6795,12.206088
65,6810,12.074523
65,6825,11.943973
65,6840,11.814464
65,6855,11.686014
65,6870,11.558644
65,6885,11.432371
65,6900,11.307207
65,6915,11.183166
65,6930,11.060256
65,6945,10.938486
65,6960,10.817863
65,6975,10.698392
65,6990,10.580077
65,7005,10.462919
65,7020,10.346921
65,7035,10.232083
65,7050,10.1184025
65,7065,10.00588
65,7080,9.894512
65,7095,9.784295
65,7110,9.675225
65,7125,9.567298
65,7140,9.460507
65,7155,9.35485
65,7170,9.250317
65,7185,9.146903
65,7200,9.044601
66,0,0
66,3,0.00015385059
66,6,0.0011494299
66,9,0.0035279505
66,12,0.0075749285
66,15,0.013408727
66,18,0.021053808
66,21,0.030487023
66,24,0.041664124
66,27,0.054533623
66,30,0.06904325
66,33,0.08514308
66,36,0.102786556
66,39,0.1219308
66,42,0.1425362
66,45,0.16456603
66,48,0.18798594
66,51,0.21276361
66,54,0.23886833
66,57,0.26627082
66,60,0.29494283
66,63,0.32485738
66,66,0.35598803
66,69,0.38830954
66,72,0.42179686
66,75,0.45642585
66,78,0.4921725
66,81,0.5290136
66,84,0.5669259
66,87,0.60588706
66,90,0.64587486
66,93,0.68686754
66,96,0.72884375
66,99,0.7717824
66,102,0.8156628
66,105,0.8604646
66,108,0.90616757
66,111,0.952752
66,114,1.0001984
66,117,1.0484875
66,120,1.0976006
66,135,1.3548826
66,150,1.63009
66,165,1.9211712
66,180,2.2262323
66,195,2.543527
66,210,2.8714256
66,225,3.1914196
66,240,3.4762347
66,255,3.7283027
66,270,3.9513261
66,285,4.147907
66,300,4.3201942
66,315,4.470098
66,330,4.5993953
66,345,4.7097373
66,360,4.8026605
66,375,4.8795943
66,390,4.9418697
66,405,4.9907246
66,420,5.027305
66,435,5.0526733
66,450,5.067815
66,465,5.0736384
66,480,5.070987
66,495,5.060643
66,510,5.043327
66,525,5.019704
66,540,4.9903917
66,555,4.955963
66,570,4.916941
66,585,4.873803
66,600,4.8270125
66,615,4.7769585
66,630,4.7240195
66,645,4.6685524
66,660,4.6108584
66,675,4.5512424
66,690,4.4899726
66,705,4.4272976
66,720,4.363444
66,735,4.3120413
66,750,4.3021116
66,765,4.3314714
66,780,4.395266
66,795,4.489894
66,810,4.6123395
66,825,4.7599053
66,840,4.930116
66,855,5.1206617
66,870,5.329409
66,885,5.554389
66,900,5.7937818
66,915,6.045909
66,930,6.309199
66,945,6.5651884
66,960,6.786664
66,975,6.9760737
66,990,7.1371517
66,1005,7.2725453
66,1020,7.3844137
66,1035,7.4747024
66,1050,7.545205
66,1065,7.597585
66,1080,7.633391
66,1095,7.654063
66,1110,7.6609445
66,1125,7.655278
66,1140,7.6382146
66,1155,7.6108184
66,1170,7.5740757
66,1185,7.528898
66,1200,7.47613
66,1215,7.4165487
66,1230,7.3508754
66,1245,7.2797623
66,1260,7.203828
66,1275,7.1236215
66,1290,7.03967
66,1305,6.9524393
66,1320,6.862375
66,1335,6.7698727
66,1350,6.6753063
66,1365,6.5790105
66,1380,6.481298
66,1395,6.3824534
66,1410,6.2827396
66,1425,6.182385
66,1440,6.0816135
66,1455,5.994006
66,1470,5.948602
66,1485,5.943215
66,1500,5.9729705
66,1515,6.034256
66,1530,6.124055
66,1545,6.239656
66,1560,6.378557
66,1575,6.538447
66,1590,6.7171855
66,1605,6.912792
66,1620,7.123433
66,1635,7.347414
66,1650,7.5831513
66,1665,7.8121777
66,1680,8.00726
66,1695,8.170837
66,1710,8.306631
66,1725,8.417275
66,1740,8.50492
66,1755,8.571498
66,1770,8.6187935
66,1785,8.648461
66,1800,8.662036
66,1815,8.660949
66,1830,8.646533
66,1845,8.620022
66,1860,8.582558
66,1875,8.535193
66,1890,8.478908
66,1905,8.414602
66,1920,8.343111
66,1935,8.265206
66,1950,8.181596
66,1965,8.092935
66,1980,7.9998217
66,1995,7.9028106
66,2010,7.802406
66,2025,7.6990795
66,2040,7.5932565
66,2055,7.485337
66,2070,7.3756766
66,2085,7.2646136
66,2100,7.152445
66,2115,7.039453
66,2130,6.925886
66,2145,6.8119793
66,2160,6.697938
66,2175,6.5973563
66,2190,6.539257
66,2205,6.521447
66,2220,6.539047
66,2235,6.5884414
66,2250,6.666604
66,2265,6.7708173
66,2280,6.8985806
66,2295,7.0475755
66,2310,7.215653
66,2325,7.400827
66,2340,7.6012616
66,2355,7.81526
66,2370,8.041233
66,2385,8.260706
66,2400,8.44644
66,2415,8.600869
66,2430,8.727712
66,2445,8.829598
66,2460,8.908672
66,2475,8.966862
66,2490,9.005949
66,2505,9.027584
66,2520,9.033297
66,2535,9.024517
66,2550,9.002571
66,2565,8.96869
66,2580,8.924011
66,2595,8.869587
66,2610,8.80639
66,2625,8.735321
66,2640,8.657208
66,2655,8.572819
66,2670,8.48286
66,2685,8.3879795
66,2700,8.288782
66,2715,8.185815
66,2730,8.079588
66,2745,7.970561
66,2760,7.8591633
66,2775,7.745783
66,2790,7.63078
66,2805,7.514483
66,2820,7.397192
66,2835,7.2791824
66,2850,7.1607056
66,2865,7.041989
66,2880,6.923242
66,2895,6.818052
66,2910,6.7554417
66,2925,6.733216
66,2940,6.7464933
66,2955,6.7916574
66,2970,6.865679
66,2985,6.9658394
66,3000,7.0896363
66,3015,7.2347484
66,3030,7.399026
66,3045,7.5804806
66,3060,7.7772756
66,3075,7.987711
66,3090,8.210197
66,3105,8.426257
66,3120,8.60865
66,3135,8.7598095
66,3150,8.8834505
66,3165,8.982203
66,3180,9.058208
66,3195,9.113393
66,3210,9.149539
66,3225,9.168293
66,3240,9.171186
66,3255,9.159644
66,3270,9.134995
66,3285,9.098465
66,3300,9.051193
66,3315,8.994229
66,3330,8.928546
66,3345,8.855041
66,3360,8.774543
66,3375,8.687818
66,3390,8.59557
66,3405,8.498449
66,3420,8.397057
66,3435,8.29194
66,3450,8.183606
66,3465,8.072518
66,3480,7.9591
66,3495,7.843743
66,3510,7.7268014
66,3525,7.608607
66,3540,7.489456
66,3555,7.369626
66,3570,7.2493644
66,3585,7.1289015
66,3600,7.008442
66,3615,6.9015746
66,3630,6.8373218
66,3645,6.8134875
66,3660,6.825189
66,3675,6.86881
66,3690,6.9413204
66,3705,7.0400004
66,3720,7.162348
66,3735,7.30604
66,3750,7.468927
66,3765,7.64902
66,3780,7.8444815
66,3795,8.053611
66,3810,8.274818
66,3825,8.489625
66,3840,8.670791
66,3855,8.820748
66,3870,8.943212
66,3885,9.040811
66,3900,9.115685
66,3915,9.169763
66,3930,9.2048235
66,3945,9.222515
66,3960,9.224366
66,3975,9.211804
66,3990,9.186154
66,4005,9.148645
66,4020,9.100412
66,4035,9.042507
66,4050,8.975902
66,4065,8.901492
66,4080,8.820108
66,4095,8.732515
66,4110,8.639417
66,4125,8.541462
66,4140,8.439251
66,4155,8.333333
66,4170,8.224214
66,4185,8.112356
66,4200,7.998183
66,4215,7.8820863
66,4230,7.7644196
66,4245,7.6455145
66,4260,7.525667
66,4275,7.405154
66,4290,7.284223
66,4305,7.1631036
66,4320,7.042001
66,4335,6.9345026
66,4350,6.8696313
66,4365,6.845191
66,4380,6.8562984
66,4395,6.8993373
66,4410,6.9712768
66,4425,7.0693974
66,4440,7.191196
66,4455,7.334351
66,4470,7.4967117
66,4485,7.6762886
66,4500,7.8712435
66,4515,8.079877
66,4530,8.300598
66,4545,8.514929
66,4560,8.695627
66,4575,8.845126
66,4590,8.967141
66,4605,9.0643
66,4620,9.138743
66,4635,9.192398
66,4650,9.227043
66,4665,9.244328
66,4680,9.24578
66,4695,9.232827
66,4710,9.206794
66,4725,9.168907
66,4740,9.120305
66,4755,9.062038
66,4770,8.995077
66,4785,8.92032
66,4800,8.838594
66,4815,8.750666
66,4830,8.657238
66,4845,8.558961
66,4860,8.456433
66,4875,8.350205
66,4890,8.240781
66,4905,8.128625
66,4920,8.014158
66,4935,7.897774
66,4950,7.7798257
66,4965,7.660644
66,4980,7.5405245
66,4995,7.4197454
66,5010,7.2985525
66,5025,7.177177
66,5040,7.055822
66,5055,6.9480767
66,5070,6.8829637
66,5085,6.858285
66,5100,6.8691597
66,5115,6.9119697
66,5130,6.9836845
66,5145,7.081585
66,5160,7.203168
66,5175,7.346111
66,5190,7.5082636
66,5205,7.6876364
66,5220,7.8823915
66,5235,8.090829
66,5250,8.3113575
66,5265,8.525498
66,5280,8.706012
66,5295,8.8553295
66,5310,8.977166
66,5325,9.074149
66,5340,9.148421
66,5355,9.201906
66,5370,9.236387
66,5385,9.253509
66,5400,9.254802
66,5415,9.241692
66,5430,9.215505
66,5445,9.177467
66,5460,9.128717
66,5475,9.070305
66,5490,9.0032015
66,5505,8.928304
66,5520,8.84644
66,5535,8.758376
66,5550,8.664816
66,5565,8.566409
66,5580,8.463753
66,5595,8.3574
66,5610,8.247852
66,5625,8.135575
66,5640,8.020989
66,5655,7.9044886
66,5670,7.786425
66,5685,7.6671305
66,5700,7.5469007
66,5715,7.426013
66,5730,7.3047137
66,5745,7.183233
66,5760,7.061775
66,5775,6.953929
66,5790,6.888716
66,5805,6.8639402
66,5820,6.874719
66,5835,6.917435
66,5850,6.989058
66,5865,7.086868
66,5880,7.2083616
66,5895,7.3512173
66,5910,7.5132837
66,5925,7.6925726
66,5940,7.8872447
66,5955,8.095601
66,5970,8.31605
66,5985,8.530113
66,6000,8.710549
66,6015,8.859792
66,6030,8.981554
66,6045,9.078464
66,6060,9.152664
66,6075,9.2060795
66,6090,9.240491
66,6105,9.2575445
66,6120,9.25877
66,6135,9.245595
66,6150,9.219343
66,6165,9.181243
66,6180,9.132431
66,6195,9.073957
66,6210,9.006794
66,6225,8.931837
66,6240,8.8499155
66,6255,8.761795
66,6270,8.668179
66,6285,8.569716
66,6300,8.467007
66,6315,8.3605995
66,6330,8.250999
66,6345,8.138672
66,6360,8.024035
66,6375,7.907485
66,6390,7.7893724
66,6405,7.6700306
66,6420,7.549753
66,6435,7.428819
66,6450,7.307474
66,6465,7.185949
66,6480,7.064447
66,6495,6.943159
66,6510,6.822253
66,6525,6.7018847
66,6540,6.582191
66,6555,6.463299
66,6570,6.3453193
66,6585,6.228354
66,6600,6.112492
66,6615,5.997814
66,6630,5.8843904
66,6645,5.7722836
66,6660,5.6615477
66,6675,5.5522304
66,6690,5.4443717
66,6705,5.338008
66,6720,5.233166
66,6735,5.1298723
66,6750,5.028145
66,6765,4.9279995
66,6780,4.829447
66,6795,4.732496
66,6810,4.63715
66,6825,4.543411
66,6840,4.4512777
66,6855,4.360748
66,6870,4.2718143
66,6885,4.1844697
66,6900,4.098705
66,6915,4.0145087
66,6930,3.9318686
66,6945,3.8507705
66,6960,3.7711992
66,6975,3.6931393
66,6990,3.6165733
66,7005,3.5414844
66,7020,3.467853
66,7035,3.3956606
66,7050,3.3248882
66,7065,3.2555146
66,7080,3.1875198
66,7095,3.1208835
66,7110,3.0555842
66,7125,2.9916008
66,7140,2.9289124
66,7155,2.867498
66,7170,2.8073356
66,7185,2.7484045
66,7200,2.6906831
67,0,0
67,3,0.00016600265
67,6,0.0012864869
67,9,0.004002509
67,12,0.008654262
67,15,0.0153843155
67,18,0.02422374
67,21,0.03514661
67,24,0.048101503
67,27,0.06302768
67,30,0.079863206
67,33,0.0985487
67,36,0.119028695
67,39,0.14125207
67,42,0.16517165
67,45,0.19074383
67,48,0.21792792
67,51,0.24668571
67,54,0.27698103
67,57,0.30877945
67,60,0.34204793
67,63,0.3767547
67,66,0.41286924
67,69,0.4503617
67,72,0.4892036
67,75,0.5293665
67,78,0.5708232
67,81,0.6135466
67,84,0.6575103
67,87,0.70268834
67,90,0.74905515
67,93,0.7965859
67,96,0.84525603
67,99,0.89504135
67,102,0.94591826
67,105,0.9978633
67,108,1.050853
67,111,1.1048653
67,114,1.159878
67,117,1.2158699
67,120,1.2728193
67,135,1.5711871
67,150,1.8904417
67,165,2.2282465
67,180,2.582442
67,195,2.9510381
67,210,3.3321807
67,225,3.7045949
67,240,4.036373
67,255,4.3303676
67,270,4.5910087
67,285,4.8214064
67,300,5.024045
67,315,5.2011385
67,330,5.354704
67,345,5.4866095
67,360,5.5985985
67,375,5.6922913
67,390,5.7691917
67,405,5.830693
67,420,5.8780894
67,435,5.912581
67,450,5.9352818
67,465,5.947223
67,480,5.949362
67,495,5.942579
67,510,5.9276967
67,525,5.9054594
67,540,5.876575
67,555,5.8416753
67,570,5.801366
67,585,5.7561874
67,600,5.706655
67,615,5.653231
67,630,5.596351
67,645,5.536411
67,660,5.4737763
67,675,5.4087853
67,690,5.341746
67,705,5.27295
67,720,5.202657
67,735,5.146468
67,750,5.138365
67,765,5.1758075
67,780,5.253056
67,795,5.3658557
67,810,5.5107284
67,825,5.6845536
67,840,5.8844767
67,855,6.107897
67,870,6.3523955
67,885,6.61573
67,900,6.895826
67,915,7.190774
67,930,7.4987893
67,945,7.7986608
67,960,8.058521
67,975,8.281269
67,990,8.471387
67,1005,8.632018
67,1020,8.765677
67,1035,8.874607
67,1050,8.9608555
67,1065,9.026313
67,1080,9.072733
67,1095,9.101747
67,1110,9.114877
67,1125,9.11353
67,1140,9.09901
67,1155,9.072522
67,1170,9.035183
67,1185,8.988026
67,1200,8.932009
67,1215,8.868013
67,1230,8.79686
67,1245,8.719291
67,1260,8.636008
67,1275,8.547638
67,1290,8.454782
67,1305,8.35797
67,1320,8.257715
67,1335,8.154467
67,1350,8.0486555
67,1365,7.940665
67,1380,7.8308544
67,1395,7.71955
67,1410,7.607058
67,1425,7.4936423
67,1440,7.379559
67,1455,7.2803984
67,1470,7.2301335
67,1485,7.226223
67,1500,7.2629066
67,1515,7.3359237
67,1530,7.441775
67,1545,7.577336
67,1560,7.7397594
67,1575,7.926419
67,1590,8.134877
67,1605,8.362878
67,1620,8.608337
67,1635,8.869335
67,1650,9.144074
67,1665,9.411344
67,1680,9.639249
67,1695,9.830677
67,1710,9.990099
67,1725,10.120644
67,1740,10.224815
67,1755,10.304842
67,1770,10.362763
67,1785,10.400461
67,1800,10.419671
67,1815,10.422017
67,1830,10.409009
67,1845,10.382044
67,1860,10.342416
67,1875,10.291321
67,1890,10.229864
67,1905,10.159069
67,1920,10.079886
67,1935,9.993185
67,1950,9.8997755
67,1965,9.800394
67,1980,9.695728
67,1995,9.586406
67,2010,9.473007
67,2025,9.3560705
67,2040,9.236087
67,2055,9.113511
67,2070,8.988756
67,2085,8.862205
67,2100,8.734203
67,2115,8.605072
67,2130,8.475102
67,2145,8.344561
67,2160,8.213689
67,2175,8.098095
67,2190,8.031725
67,2205,8.012035
67,2220,8.033257
67,2235,8.091125
67,2250,8.182133
67,2265,8.303152
67,2280,8.451328
67,2295,8.624028
67,2310,8.818811
67,2325,9.033416
67,2340,9.265751
67,2355,9.513891
67,2370,9.776032
67,2385,10.030961
67,2400,10.246775
67,2415,10.426356
67,2430,10.57417
67,2445,10.693339
67,2460,10.7863655
67,2475,10.855468
67,2490,10.902684
67,2505,10.929891
67,2520,10.938819
67,2535,10.931089
67,2550,10.908206
67,2565,10.871562
67,2580,10.822448
67,2595,10.7620535
67,2610,10.691483
67,2625,10.611755
67,2640,10.523816
67,2655,10.428533
67,2670,10.326711
67,2685,10.219085
67,2700,10.106337
67,2715,9.989093
67,2730,9.8679285
67,2745,9.743379
67,2760,9.615931
67,2775,9.486037
67,2790,9.354109
67,2805,9.220526
67,2820,9.085631
67,2835,8.949744
67,2850,8.81315
67,2865,8.676116
67,2880,8.538881
67,2895,8.417047
67,2910,8.34456
67,2925,8.318874
67,2940,8.334219
67,2955,8.386327
67,2970,8.47169
67,2985,8.587176
67,3000,8.72993
67,3015,8.897316
67,3030,9.08689
67,3045,9.296389
67,3060,9.523722
67,3075,9.766959
67,3090,10.024295
67,3105,10.274514
67,3120,10.485712
67,3135,10.6607685
67,3150,10.804147
67,3165,10.918968
67,3180,11.007731
67,3195,11.072654
67,3210,11.115774
67,3225,11.138962
67,3240,11.143952
67,3255,11.132361
67,3270,11.105692
67,3285,11.065334
67,3300,11.012578
67,3315,10.948613
67,3330,10.874541
67,3345,10.791381
67,3360,10.700074
67,3375,10.601489
67,3390,10.4964285
67,3405,10.385629
67,3420,10.269767
67,3435,10.149468
67,3450,10.02531
67,3465,9.897821
67,3480,9.767492
67,3495,9.634772
67,3510,9.5000725
67,3525,9.36377
67,3540,9.226209
67,3555,9.087706
67,3570,8.948547
67,3585,8.808997
67,3600,8.669294
67,3615,8.545039
67,3630,8.470179
67,3645,8.442164
67,3660,8.455227
67,3675,8.505095
67,3690,8.588263
67,3705,8.701596
67,3720,8.842238
67,3735,9.007553
67,3750,9.195098
67,3765,9.402606
67,3780,9.627987
67,3795,9.869309
67,3810,10.124768
67,3825,10.373147
67,3840,10.58254
67,3855,10.755826
67,3870,10.897468
67,3885,11.010586
67,3900,11.097678
67,3915,11.160962
67,3930,11.202475
67,3945,11.224085
67,3960,11.227529
67,3975,11.214419
67,3990,11.18626
67,4005,11.144442
67,4020,11.090251
67,4035,11.02488
67,4050,10.949428
67,4065,10.864913
67,4080,10.772277
67,4095,10.672388
67,4110,10.566048
67,4125,10.453992
67,4140,10.336898
67,4155,10.215391
67,4170,10.090045
67,4185,9.961393
67,4200,9.829921
67,4215,9.696078
67,4230,9.560278
67,4245,9.4228945
67,4260,9.284274
67,4275,9.14473
67,4290,9.00455
67,4305,8.863997
67,4320,8.723311
67,4335,8.598091
67,4350,8.522283
67,4365,8.493339
67,4380,8.505488
67,4395,8.5544615
67,4410,8.63675
67,4425,8.749222
67,4440,8.889018
67,4455,9.053503
67,4470,9.240232
67,4485,9.446942
67,4500,9.671539
67,4515,9.912092
67,4530,10.166797
67,4545,10.414434
67,4560,10.6231
67,4575,10.795673
67,4590,10.936615
67,4605,11.049046
67,4620,11.135464
67,4635,11.198086
67,4650,11.238947
67,4665,11.25992
67,4680,11.262736
67,4695,11.249013
67,4710,11.22025
67,4725,11.177838
67,4740,11.123067
67,4755,11.057124
67,4770,10.981111
67,4785,10.896046
67,4800,10.802868
67,4815,10.702448
67,4830,10.595586
67,4845,10.483019
67,4860,10.365421
67,4875,10.243422
67,4890,10.117591
67,4905,9.988462
67,4920,9.856523
67,4935,9.72222
67,4950,9.585969
67,4965,9.448142
67,4980,9.309086
67,4995,9.169115
67,5010,9.028516
67,5025,8.887551
67,5040,8.74646
67,5055,8.620842
67,5070,8.544643
67,5085,8.515316
67,5100,8.527089
67,5115,8.575692
67,5130,8.6576185
67,5145,8.769733
67,5160,8.90918
67,5175,9.073321
67,5190,9.259713
67,5205,9.466092
67,5220,9.690363
67,5235,9.930597
67,5250,10.184987
67,5265,10.432318
67,5280,10.640681
67,5295,10.812957
67,5310,10.953607
67,5325,11.065751
67,5340,11.151888
67,5355,11.214233
67,5370,11.254824
67,5385,11.27553
67,5400,11.278084
67,5415,11.264103
67,5430,11.235087
67,5445,11.192427
67,5460,11.137411
67,5475,11.071228
67,5490,10.99498
67,5505,10.909682
67,5520,10.8162775
67,5535,10.715634
67,5550,10.608552
67,5565,10.495769
67,5580,10.377959
67,5595,10.255751
67,5610,10.129715
67,5625,10.000385
67,5640,9.868248
67,5655,9.733751
67,5670,9.597308
67,5685,9.459293
67,5700,9.320053
67,5715,9.1799
67,5730,9.039123
67,5745,8.897983
67,5760,8.75672
67,5775,8.630932
67,5790,8.554567
67,5805,8.525076
67,5820,8.536689
67,5835,8.585134
67,5850,8.666904
67,5865,8.778868
67,5880,8.918163
67,5895,9.082158
67,5910,9.268406
67,5925,9.474642
67,5940,9.698773
67,5955,9.93887
67,5970,10.193126
67,5985,10.440324
67,6000,10.648557
67,6015,10.820704
67,6030,10.961229
67,6045,11.07325
67,6060,11.159265
67,6075,11.221491
67,6090,11.261964
67,6105,11.282554
67,6120,11.284995
67,6135,11.270903
67,6150,11.241777
67,6165,11.199009
67,6180,11.1438875
67,6195,11.0776005
67,6210,11.001249
67,6225,10.915851
67,6240,10.822347
67,6255,10.721606
67,6270,10.6144285
67,6285,10.501552
67,6300,10.383649
67,6315,10.26135
67,6330,10.135224
67,6345,10.005806
67,6360,9.873582
67,6375,9.739
67,6390,9.602473
67,6405,9.464376
67,6420,9.325055
67,6435,9.184822
67,6450,9.043966
67,6465,8.902749
67,6480,8.76141
67,6495,8.620166
67,6510,8.479215
67,6525,8.338734
67,6540,8.198887
67,6555,8.059828
67,6570,7.9216757
67,6585,7.784552
67,6600,7.648575
67,6615,7.513852
67,6630,7.3804507
67,6645,7.248457
67,6660,7.117937
67,6675,6.988947
67,6690,6.8615336
67,6705,6.7357388
67,6720,6.6116023
67,6735,6.4891515
67,6750,6.3684134
67,6765,6.2494106
67,6780,6.132162
67,6795,6.0166774
67,6810,5.9029694
67,6825,5.7910457
67,6840,5.680906
67,6855,5.572551
67,6870,5.4659777
67,6885,5.361181
67,6900,5.258152
67,6915,5.1568813
67,6930,5.057358
67,6945,4.959569
67,6960,4.8634996
67,6975,4.7691355
67,6990,4.6764603
67,7005,4.5854554
67,7020,4.4961042
67,7035,4.4083867
67,7050,4.3222833
67,7065,4.237774
67,7080,4.1548367
67,7095,4.073451
67,7110,3.993595
67,7125,3.915246
67,7140,3.8383825
67,7155,3.7629814
67,7170,3.6890206
67,7185,3.6164775
67,7200,3.5453293
68,0,0
68,3,0.00016735042
68,6,0.0011978995
68,9,0.0035772158
68,12,0.007526504
68,15,0.013115176
68,18,0.020337546
68,21,0.029155197
68,24,0.03951879
68,27,0.051377587
68,30,0.06468341
68,33,0.07939207
68,36,0.09546338
68,39,0.112860836
68,42,0.13155104
68,45,0.15150315
68,48,0.17268832
68,51,0.19507924
68,54,0.21864992
68,57,0.24337545
68,60,0.26923186
68,63,0.29619583
68,66,0.32424486
68,69,0.35335696
68,72,0.3835106
68,75,0.41468492
68,78,0.44685918
68,81,0.48001325
68,84,0.5141271
68,87,0.5491811
68,90,0.58515596
68,93,0.62203264
68,96,0.65979254
68,99,0.69841725
68,102,0.7378887
68,105,0.778189
68,108,0.8193009
68,111,0.8612064
68,114,0.9038889
68,117,0.94733167
68,120,0.9915185
68,135,1.2230498
68,150,1.470845
68,165,1.7331092
68,180,2.008183
68,195,2.2945354
68,210,2.5907311
68,225,2.878925
68,240,3.1356254
68,255,3.3638797
68,270,3.5668294
68,285,3.7466655
68,300,3.9052079
68,315,4.044114
68,330,4.1649113
68,345,4.2690225
68,360,4.3577766
68,375,4.4324126
68,390,4.494082
68,405,4.543851
68,420,4.582714
68,435,4.611589
68,450,4.631329
68,465,4.642726
68,480,4.646507
68,495,4.643352
68,510,4.6338882
68,525,4.618694
68,540,4.598307
68,555,4.573223
68,570,4.5438986
68,585,4.510759
68,600,4.4741945
68,615,4.4345684
68,630,4.392206
68,645,4.3474255
68,660,4.300496
68,675,4.2516794
68,690,4.2012177
68,705,4.1493235
68,720,4.0962043
68,735,4.0551496
68,750,4.051714
68,765,4.082814
68,780,4.144264
68,795,4.23303
68,810,4.346508
68,825,4.4823637
68,840,4.6384234
68,855,4.8126884
68,870,5.0033064
68,885,5.2085576
68,900,5.4268475
68,915,5.6567063
68,930,5.896757
68,945,6.12921
68,960,6.330602
68,975,6.504026
68,990,6.6526546
68,1005,6.7787127
68,1020,6.8840437
68,1035,6.9703283
68,1050,7.039119
68,1065,7.091857
68,1080,7.129885
68,1095,7.154453
68,1110,7.1667233
68,1125,7.1677756
68,1140,7.1586075
68,1155,7.140145
68,1170,7.1132455
68,1185,7.0787044
68,1200,7.0372534
68,1215,6.9895754
68,1230,6.9362893
68,1245,6.877979
68,1260,6.8151712
68,1275,6.7483625
68,1290,6.678006
68,1305,6.6045218
68,1320,6.528297
68,1335,6.449686
68,1350,6.369016
68,1365,6.2865868
68,1380,6.2026734
68,1395,6.1175284
68,1410,6.0313835
68,1425,5.944451
68,1440,5.856924
68,1455,5.7820997
68,1470,5.7454967
68,1485,5.744037
68,1500,5.7735453
68,1515,5.8309507
68,1530,5.913669
68,1545,6.0193405
68,1560,6.1457734
68,1575,6.290971
68,1590,6.4530773
68,1605,6.6303625
68,1620,6.821225
68,1635,7.024186
68,1650,7.2378573
68,1665,7.4444366
68,1680,7.6204495
68,1695,7.7689815
68,1710,7.893198
68,1725,7.995314
68,1740,8.077164
68,1755,8.140419
68,1770,8.186624
68,1785,8.217213
68,1800,8.23352
68,1815,8.236785
68,1830,8.228164
68,1845,8.208727
68,1860,8.179467
68,1875,8.141301
68,1890,8.095081
68,1905,8.041594
68,1920,7.9815674
68,1935,7.9156675
68,1950,7.8445196
68,1965,7.7686853
68,1980,7.688702
68,1995,7.605046
68,2010,7.5181737
68,2025,7.4284906
68,2040,7.3363824
68,2055,7.2421937
68,2070,7.1462483
68,2085,7.0488405
68,2100,6.950247
68,2115,6.850705
68,2130,6.7504454
68,2145,6.649683
68,2160,6.548591
68,2175,6.46044
68,2190,6.41077
68,2205,6.3965025
68,2220,6.413451
68,2235,6.458545
68,2250,6.529185
68,2265,6.6230106
68,2280,6.7378516
68,2295,6.8716917
68,2310,7.022659
68,2325,7.1890187
68,2340,7.369168
68,2355,7.561625
68,2370,7.7650003
68,2385,7.9614925
68,2400,8.127617
68,2415,8.266456
68,2430,8.381168
68,2445,8.473968
68,2460,8.546682
68,2475,8.60098
68,2490,8.638403
68,2505,8.66038
68,2520,8.668243
68,2535,8.66323
68,2550,8.64649
68,2565,8.619093
68,2580,8.5820265
68,2595,8.536205
68,2610,8.482477
68,2625,8.421629
68,2640,8.3543825
68,2655,8.281405
68,2670,8.203313
68,2685,8.120673
68,2700,8.034011
68,2715,7.9438076
68,2730,7.850513
68,2745,7.754532
68,2760,7.656247
68,2775,7.556
68,2790,7.4541144
68,2805,7.350878
68,2820,7.2465677
68,2835,7.1414223
68,2850,7.0356607
68,2865,6.9295053
68,2880,6.8231277
68,2895,6.7297916
68,2910,6.675036
68,2925,6.655782
68,2940,6.6678405
68,2955,6.7081394
68,2970,6.774077
68,2985,6.8632917
68,3000,6.9736114
68,3015,7.1030183
68,3030,7.249638
68,3045,7.4117355
68,3060,7.587705
68,3075,7.776064
68,3090,7.975421
68,3105,8.167973
68,3120,8.330234
68,3135,8.465282
68,3150,8.57628
68,3165,8.665434
68,3180,8.734574
68,3195,8.785366
68,3210,8.819349
68,3225,8.8379545
68,3240,8.842509
68,3255,8.83425
68,3270,8.814328
68,3285,8.783809
68,3300,8.743679
68,3315,8.694853
68,3330,8.638178
68,3345,8.574438
68,3360,8.5043545
68,3375,8.428596
68,3390,8.347774
68,3405,8.262456
68,3420,8.173166
68,3435,8.080386
68,3450,7.9845624
68,3465,7.886101
68,3480,7.7853823
68,3495,7.682747
68,3510,7.5785184
68,3525,7.4729824
68,3540,7.3664165
68,3555,7.2590585
68,3570,7.1511245
68,3585,7.0428386
68,3600,6.934371
68,3615,6.838985
68,3630,6.782218
68,3645,6.760991
68,3660,6.7711134
68,3675,6.809513
68,3690,6.8735876
68,3705,6.960975
68,3720,7.0695024
68,3735,7.1971507
68,3750,7.342046
68,3765,7.502451
68,3780,7.676761
68,3795,7.8634915
68,3810,8.061252
68,3825,8.252236
68,3840,8.41296
68,3855,8.546502
68,3870,8.656019
68,3885,8.743722
68,3900,8.811439
68,3915,8.860833
68,3930,8.893444
68,3945,8.910701
68,3960,8.913932
68,3975,8.904377
68,3990,8.883185
68,4005,8.85142
68,4020,8.810071
68,4035,8.760046
68,4050,8.702192
68,4065,8.637292
68,4080,8.566066
68,4095,8.489182
68,4110,8.407258
68,4125,8.320859
68,4140,8.230509
68,4155,8.136695
68,4170,8.039857
68,4185,7.9404063
68,4200,7.838719
68,4215,7.73513
68,4230,7.629966
68,4245,7.5235076
68,4260,7.4160247
68,4275,7.307762
68,4290,7.1989436
68,4305,7.0897737
68,4320,6.9804425
68,4335,6.884235
68,4350,6.8266616
68,4365,6.8046427
68,4380,6.8139877
68,4395,6.851624
68,4410,6.9149494
68,4425,7.001601
68,4440,7.1094065
68,4455,7.2363462
68,4470,7.380545
68,4485,7.5402675
68,4500,7.7139072
68,4515,7.8999796
68,4530,8.097094
68,4545,8.287445
68,4560,8.447546
68,4575,8.580477
68,4590,8.689394
68,4605,8.776508
68,4620,8.843646
68,4635,8.892472
68,4650,8.924527
68,4665,8.9412365
68,4680,8.943931
68,4695,8.933847
68,4710,8.912137
68,4725,8.879865
68,4740,8.838015
68,4755,8.787499
68,4770,8.729164
68,4785,8.663792
68,4800,8.592101
68,4815,8.514761
68,4830,8.432389
68,4845,8.34555
68,4860,8.254767
68,4875,8.16053
68,4890,8.063275
68,4905,7.9634156
68,4920,7.8613267
68,4935,7.757343
68,4950,7.6517916
68,4965,7.544953
68,4980,7.4370966
68,4995,7.328467
68,5010,7.2192883
68,5025,7.109764
68,5040,7.0000854
68,5055,6.9035363
68,5070,6.8456273
68,5085,6.8232794
68,5100,6.832301
68,5115,6.86962
68,5130,6.9326334
68,5145,7.018979
68,5160,7.126484
68,5175,7.2531285
68,5190,7.3970375
68,5205,7.5564756
68,5220,7.7298355
68,5235,7.9156337
68,5250,8.112478
68,5265,8.302565
68,5280,8.462406
68,5295,8.595081
68,5310,8.703749
68,5325,8.790617
68,5340,8.857513
68,5355,8.906102
68,5370,8.937923
68,5385,8.954404
68,5400,8.956873
68,5415,8.946569
68,5430,8.924642
68,5445,8.892156
68,5460,8.850097
68,5475,8.799376
68,5490,8.740838
68,5505,8.675267
68,5520,8.603381
68,5535,8.52585
68,5550,8.44329
68,5565,8.356265
68,5580,8.265301
68,5595,8.170885
68,5610,8.073455
68,5625,7.9734225
68,5640,7.871164
68,5655,7.7670135
68,5670,7.6612988
68,5685,7.5543
68,5700,7.4462852
68,5715,7.3375006
68,5730,7.2281694
68,5745,7.1184955
68,5760,7.00867
68,5775,6.911976
68,5790,6.8539248
68,5805,6.8314376
68,5820,6.8403215
68,5835,6.877506
68,5850,6.9403872
68,5865,7.0266027
68,5880,7.1339793
68,5895,7.2604985
68,5910,7.4042845
68,5925,7.563601
68,5940,7.736842
68,5955,7.922523
68,5970,8.119252
68,5985,8.309227
68,6000,8.468957
68,6015,8.601523
68,6030,8.710083
68,6045,8.796846
68,6060,8.863639
68,6075,8.912127
68,6090,8.943848
68,6105,8.96023
68,6120,8.962603
68,6135,8.952205
68,6150,8.930183
68,6165,8.897606
68,6180,8.855457
68,6195,8.804647
68,6210,8.746023
68,6225,8.6803665
68,6240,8.608397
68,6255,8.530783
68,6270,8.448141
68,6285,8.361036
68,6300,8.269995
68,6315,8.175501
68,6330,8.077995
68,6345,7.977888
68,6360,7.8755565
68,6375,7.771334
68,6390,7.6655483
68,6405,7.55848
68,6420,7.450397
68,6435,7.3415446
68,6450,7.2321477
68,6465,7.122409
68,6480,7.012519
68,6495,6.9026446
68,6510,6.7929425
68,6525,6.6835537
68,6540,6.574603
68,6555,6.4662066
68,6570,6.3584666
68,6585,6.2514772
68,6600,6.145321
68,6615,6.040073
68,6630,5.935802
68,6645,5.8325715
68,6660,5.7304235
68,6675,5.629411
68,6690,5.5295796
68,6705,5.4309697
68,6720,5.333604
68,6735,5.237513
68,6750,5.1427183
68,6765,5.0492373
68,6780,4.9570823
68,6795,4.8662643
68,6810,4.776795
68,6825,4.688676
68,6840,4.60191
68,6855,4.516498
68,6870,4.4324417
68,6885,4.349736
68,6900,4.268378
68,6915,4.1883593
68,6930,4.109674
68,6945,4.0323143
68,6960,3.9562721
68,6975,3.8815358
68,6990,3.8080916
68,7005,3.73593
68,7020,3.6650383
68,7035,3.5954027
68,7050,3.5270069
68,7065,3.4598374
68,7080,3.3938794
68,7095,3.3291168
68,7110,3.2655332
68,7125,3.2031126
68,7140,3.1418388
68,7155,3.0816948
68,7170,3.0226643
68,7185,2.96473
68,7200,2.907876
69,0,0
69,3,0.00016995745
69,6,0.0012935228
69,9,0.0040108464
69,12,0.0086709475
69,15,0.015421493
69,18,0.02429233
69,21,0.03525188
69,24,0.04824104
69,27,0.06319117
69,30,0.08003323
69,33,0.0987021
69,36,0.11913797
69,39,0.14128672
69,42,0.16509938
69,45,0.19053145
69,48,0.21754213
69,51,0.24609357
69,54,0.27615038
69,57,0.30767915
69,60,0.3406482
69,63,0.37502706
69,66,0.4107869
69,69,0.44789922
69,72,0.48633733
69,75,0.5260744
69,78,0.5670847
69,81,0.609343
69,84,0.6528241
69,87,0.69750375
69,90,0.74335796
69,93,0.7903632
69,96,0.8384964
69,99,0.88773483
69,102,0.93805635
69,105,0.9894387
69,108,1.0418599
69,111,1.0952989
69,114,1.1497352
69,117,1.2051486
69,120,1.2615187
69,135,1.5570176
69,150,1.8735478
69,165,2.2088954
69,180,2.561009
69,195,2.9279947
69,210,3.3080819
69,225,3.6800208
69,240,4.011954
69,255,4.3074327
69,270,4.571159
69,285,4.8061647
69,300,5.014775
69,315,5.199039
69,330,5.360822
69,345,5.5018606
69,360,5.6237717
69,375,5.728058
69,390,5.816117
69,405,5.889248
69,420,5.94866
69,435,5.995478
69,450,6.0307417
69,465,6.0554147
69,480,6.070395
69,495,6.076504
69,510,6.074517
69,525,6.0651402
69,540,6.049035
69,555,6.026813
69,570,5.999036
69,585,5.9662266
69,600,5.928869
69,615,5.887407
69,630,5.842261
69,645,5.7938066
69,660,5.742391
69,675,5.6883545
69,690,5.631976
69,705,5.573532
69,720,5.5132875
69,735,5.4668484
69,750,5.468298
69,765,5.514469
69,780,5.5992885
69,795,5.71866
69,810,5.869244
69,825,6.0481505
69,840,6.252692
69,855,6.480412
69,870,6.729037
69,885,6.9964542
69,900,7.2807007
69,915,7.5799613
69,930,7.8925376
69,945,8.197261
69,960,8.462315
69,975,8.691302
69,990,8.888978
69,1005,9.058417
69,1020,9.201978
69,1035,9.321749
69,1050,9.419631
69,1065,9.49738
69,1080,9.556633
69,1095,9.598915
69,1110,9.625649
69,1125,9.638153
69,1140,9.637648
69,1155,9.625265
69,1170,9.602061
69,1185,9.569007
69,1200,9.527002
69,1215,9.476884
69,1230,9.419416
69,1245,9.355324
69,1260,9.285256
69,1275,9.209831
69,1290,9.129609
69,1305,9.045111
69,1320,8.956818
69,1335,8.865171
69,1350,8.770593
69,1365,8.67345
69,1380,8.57408
69,1395,8.47283
69,1410,8.369973
69,1425,8.265761
69,1440,8.160467
69,1455,8.069694
69,1470,8.02749
69,1485,8.030706
69,1500,8.073291
69,1515,8.151091
69,1530,8.260798
69,1545,8.399486
69,1560,8.5644865
69,1575,8.753334
69,1590,8.963731
69,1605,9.193552
69,1620,9.440832
69,1635,9.703753
69,1650,9.980613
69,1665,10.250225
69,1680,10.480758
69,1695,10.675805
69,1710,10.840116
69,1725,10.976753
69,1740,11.088066
69,1755,11.176129
69,1770,11.24284
69,1785,11.28995
69,1800,11.31908
69,1815,11.331746
69,1830,11.329364
69,1845,11.313242
69,1860,11.2845955
69,1875,11.244547
69,1890,11.194144
69,1905,11.134349
69,1920,11.066064
69,1935,10.990101
69,1950,10.907239
69,1965,10.81817
69,1980,10.7235565
69,1995,10.623994
69,2010,10.520047
69,2025,10.412222
69,2040,10.300999
69,2055,10.18681
69,2070,10.070061
69,2085,9.951122
69,2100,9.83034
69,2115,9.708017
69,2130,9.584447
69,2145,9.4599
69,2160,9.334599
69,2175,9.224164
69,2190,9.162633
69,2205,9.146858
69,2220,9.1707735
69,2235,9.230226
69,2250,9.321901
69,2265,9.442866
69,2280,9.590453
69,2295,9.762185
69,2310,9.955764
69,2325,10.169057
69,2340,10.400095
69,2355,10.647057
69,2370,10.908232
69,2385,11.162462
69,2400,11.377818
69,2415,11.557962
69,2430,11.707653
69,2445,11.829916
69,2460,11.927091
69,2475,12.001258
69,2490,12.054308
69,2505,12.087983
69,2520,12.1039095
69,2535,12.103602
69,2550,12.088468
69,2565,12.059813
69,2580,12.018842
69,2595,11.966677
69,2610,11.904358
69,2625,11.832844
69,2640,11.753028
69,2655,11.665735
69,2670,11.571725
69,2685,11.471702
69,2700,11.366317
69,2715,11.256171
69,2730,11.14182
69,2745,11.023768
69,2760,10.902496
69,2775,10.778422
69,2790,10.651955
69,2805,10.523454
69,2820,10.393254
69,2835,10.261671
69,2850,10.128989
69,2865,9.995469
69,2880,9.861355
69,2895,9.742285
69,2910,9.672263
69,2925,9.648141
69,2940,9.663849
69,2955,9.715232
69,2970,9.798975
69,2985,9.912143
69,3000,10.052063
69,3015,10.216259
69,3030,10.40243
69,3045,10.608441
69,3060,10.832321
69,3075,11.072246
69,3090,11.326505
69,3105,11.573936
69,3120,11.782607
69,3135,11.95618
69,3150,12.099409
69,3165,12.21532
69,3180,12.306247
69,3195,12.374271
69,3210,12.421282
69,3225,12.449018
69,3240,12.459104
69,3255,12.4530525
69,3270,12.432269
69,3285,12.398059
69,3300,12.3516245
69,3315,12.294087
69,3330,12.226485
69,3345,12.149775
69,3360,12.064847
69,3375,11.9725275
69,3390,11.873573
69,3405,11.768687
69,3420,11.65852
69,3435,11.543668
69,3450,11.424689
69,3465,11.302084
69,3480,11.176335
69,3495,11.047861
69,3510,10.917059
69,3525,10.7843
69,3540,10.649911
69,3555,10.514206
69,3570,10.377471
69,3585,10.239963
69,3600,10.101924
69,3615,9.978995
69,3630,9.905178
69,3645,9.877323
69,3660,9.889359
69,3675,9.937133
69,3690,10.017325
69,3705,10.127002
69,3720,10.263489
69,3735,10.42431
69,3750,10.607161
69,3765,10.809907
69,3780,11.030577
69,3795,11.267344
69,3810,11.518499
69,3825,11.762879
69,3840,11.968548
69,3855,12.139169
69,3870,12.279495
69,3885,12.39255
69,3900,12.480669
69,3915,12.545931
69,3930,12.590223
69,3945,12.615286
69,3960,12.622742
69,3975,12.614103
69,3990,12.590775
69,4005,12.55406
69,4020,12.505163
69,4035,12.445202
69,4050,12.375216
69,4065,12.29616
69,4080,12.208925
69,4095,12.114334
69,4110,12.013145
69,4125,11.906061
69,4140,11.79373
69,4155,11.676749
69,4170,11.555676
69,4185,11.431012
69,4200,11.303234
69,4215,11.172767
69,4230,11.040001
69,4245,10.905311
69,4260,10.769021
69,4275,10.631447
69,4290,10.492871
69,4305,10.353554
69,4320,10.213733
69,4335,10.08905
69,4350,10.013508
69,4365,9.983955
69,4380,9.994323
69,4395,10.040453
69,4410,10.119029
69,4425,10.227116
69,4440,10.362039
69,4455,10.521321
69,4470,10.702659
69,4485,10.903917
69,4500,11.123122
69,4515,11.358449
69,4530,11.608187
69,4545,11.851173
69,4560,12.05547
69,4575,12.224742
69,4590,12.363741
69,4605,12.475491
69,4620,12.562325
69,4635,12.626321
69,4650,12.669369
69,4665,12.693207
69,4680,12.699458
69,4695,12.689633
69,4710,12.665138
69,4725,12.627275
69,4740,12.577248
69,4755,12.516174
69,4770,12.445093
69,4785,12.36496
69,4800,12.276665
69,4815,12.181029
69,4830,12.078813
69,4845,11.970718
69,4860,11.857391
69,4875,11.73943
69,4890,11.6173935
69,4905,11.491779
69,4920,11.363067
69,4935,11.231679
69,4950,11.098008
69,4965,10.962426
69,4980,10.82526
69,4995,10.686823
69,5010,10.547397
69,5025,10.407243
69,5040,10.266598
69,5055,10.141105
69,5070,10.064764
69,5085,10.034427
69,5100,10.044021
69,5115,10.08939
69,5130,10.167217
69,5145,10.274568
69,5160,10.408765
69,5175,10.567334
69,5190,10.747969
69,5205,10.948537
69,5220,11.167062
69,5235,11.40172
69,5250,11.6508
69,5265,11.893138
69,5280,12.096798
69,5295,12.265442
69,5310,12.403823
69,5325,12.514964
69,5340,12.601199
69,5355,12.664608
69,5370,12.707075
69,5385,12.730343
69,5400,12.736032
69,5415,12.725655
69,5430,12.700614
69,5445,12.662215
69,5460,12.61166
69,5475,12.550067
69,5490,12.478474
69,5505,12.397837
69,5520,12.309046
69,5535,12.212922
69,5550,12.110225
69,5565,12.001657
69,5580,11.887863
69,5595,11.7694435
69,5610,11.646954
69,5625,11.520895
69,5640,11.391744
69,5655,11.259925
69,5670,11.125829
69,5685,10.989829
69,5700,10.852251
69,5715,10.7134075
69,5730,10.573582
69,5745,10.433034
69,5760,10.292002
69,5775,10.166127
69,5790,10.089411
69,5805,10.058703
69,5820,10.067933
69,5835,10.112944
69,5850,10.190419
69,5865,10.297421
69,5880,10.431277
69,5895,10.589509
69,5910,10.769813
69,5925,10.970054
69,5940,11.188258
69,5955,11.4226
69,5970,11.671369
69,5985,11.913401
69,6000,12.116758
69,6015,12.285106
69,6030,12.423195
69,6045,12.534048
69,6060,12.62
69,6075,12.683129
69,6090,12.725322
69,6105,12.748319
69,6120,12.753741
69,6135,12.743101
69,6150,12.717802
69,6165,12.679149
69,6180,12.628343
69,6195,12.566504
69,6210,12.494667
69,6225,12.41379
69,6240,12.324763
69,6255,12.228407
69,6270,12.125481
69,6285,12.016686
69,6300,11.902672
69,6315,11.784033
69,6330,11.661328
69,6345,11.535057
69,6360,11.405697
69,6375,11.273672
69,6390,11.139373
69,6405,11.003173
69,6420,10.865398
69,6435,10.726361
69,6450,10.586345
69,6465,10.445609
69,6480,10.304392
69,6495,10.162914
69,6510,10.021372
69,6525,9.87995
69,6540,9.7388115
69,6555,9.598106
69,6570,9.457972
69,6585,9.318529
69,6600,9.1798935
69,6615,9.042161
69,6630,8.905425
69,6645,8.76977
69,6660,8.635271
69,6675,8.501983
69,6690,8.369969
69,6705,8.239289
69,6720,8.109996
69,6735,7.9821167
69,6750,7.8556924
69,6765,7.7307525
69,6780,7.6073213
69,6795,7.4854174
69,6810,7.365055
69,6825,7.246251
69,6840,7.129014
69,6855,7.013351
69,6870,6.899267
69,6885,6.786768
69,6900,6.6758533
69,6915,6.5665207
69,6930,6.45877
69,6945,6.3525944
69,6960,6.2479877
69,6975,6.144942
69,6990,6.043448
69,7005,5.9434953
69,7020,5.8450713
69,7035,5.7481647
69,7050,5.6527615
69,7065,5.5588484
69,7080,5.46641
69,7095,5.3754325
69,7110,5.2859
69,7125,5.197797
69,7140,5.1111064
69,7155,5.0258117
69,7170,4.9418964
69,7185,4.8593426
69,7200,4.778133
70,0,0
70,3,0.00013991403
70,6,0.0010635331
70,9,0.0032817288
70,12,0.007066184
70,15,0.012533128
70,18,0.019710299
70,21,0.028579522
70,24,0.03910145
70,27,0.051228724
70,30,0.06491232
70,33,0.080104716
70,36,0.09676111
70,39,0.11483979
70,42,0.13430195
70,45,0.1551113
70,48,0.17723382
70,51,0.20063728
70,54,0.22529103
70,57,0.25116572
70,60,0.27823308
70,63,0.30646592
70,66,0.33583784
70,69,0.36632323
70,72,0.3978971
70,75,0.4305349
70,78,0.46421272
70,81,0.498907
70,84,0.5345947
70,87,0.57125324
70,90,0.6088604
70,93,0.6473943
70,96,0.6868336
70,99,0.7271573
70,102,0.7683444
70,105,0.8103747
70,108,0.853228
70,111,0.8968845
70,114,0.94132483
70,117,0.9865298
70,120,1.0324806
70,135,1.2727838
70,150,1.5290763
70,165,1.7993262
70,180,2.0816643
70,195,2.3743799
70,210,2.675885
70,225,2.96881
70,240,3.227209
70,255,3.4532125
70,270,3.6504638
70,285,3.8216183
70,300,3.9688919
70,315,4.094262
70,330,4.1995635
70,345,4.2864985
70,360,4.356647
70,375,4.4114766
70,390,4.45235
70,405,4.4805303
70,420,4.4971867
70,435,4.503395
70,450,4.5001516
70,465,4.4883776
70,480,4.4689198
70,495,4.4425607
70,510,4.410021
70,525,4.3719645
70,540,4.3290033
70,555,4.281702
70,570,4.230565
70,585,4.1760864
70,600,4.118679
70,615,4.0587354
70,630,3.9966335
70,645,3.9326842
70,660,3.8672037
70,675,3.8004663
70,690,3.7327268
70,705,3.6642153
70,720,3.5951505
70,735,3.538258
70,750,3.5210366
70,765,3.5415988
70,780,3.595206
70,795,3.6782444
70,810,3.7876642
70,825,3.9207408
70,840,4.0749755
70,855,4.248048
70,870,4.4378204
70,885,4.6423283
70,900,4.859761
70,915,5.0884533
70,930,5.3268576
70,945,5.557631
70,960,5.7548766
70,975,5.920732
70,990,6.058852
70,1005,6.1719246
70,1020,6.262162
70,1035,6.3315654
70,1050,6.381972
70,1065,6.4150796
70,1080,6.432471
70,1095,6.435615
70,1110,6.425873
70,1125,6.404502
70,1140,6.3726625
70,1155,6.331428
70,1170,6.2817836
70,1185,6.224644
70,1200,6.1608396
70,1215,6.0911427
70,1230,6.01626
70,1245,5.936838
70,1260,5.853477
70,1275,5.7667193
70,1290,5.677067
70,1305,5.584977
70,1320,5.4908676
70,1335,5.39513
70,1350,5.2981052
70,1365,5.2001023
70,1380,5.101434
70,1395,5.0023365
70,1410,4.903035
70,1425,4.803773
70,1440,4.7047186
70,1455,4.61856
70,1470,4.572826
70,1485,4.56559
70,1500,4.5921254
70,1515,4.6487885
70,1530,4.7325296
70,1545,4.840599
70,1560,4.970458
70,1575,5.119792
70,1590,5.286459
70,1605,5.468475
70,1620,5.66401
70,1635,5.871385
70,1650,6.089037
70,1665,6.299628
70,1680,6.4771857
70,1695,6.623883
70,1710,6.7433696
70,1725,6.838314
70,1740,6.910881
70,1755,6.963082
70,1770,6.996756
70,1785,7.013576
70,1800,7.0151052
70,1815,7.0028076
70,1830,6.9780383
70,1845,6.9420414
70,1860,6.895965
70,1875,6.8408704
70,1890,6.777736
70,1905,6.707464
70,1920,6.630886
70,1935,6.5487547
70,1950,6.461774
70,1965,6.370577
70,1980,6.275753
70,1995,6.1778407
70,2010,6.077329
70,2025,5.9746723
70,2040,5.870277
70,2055,5.764519
70,2070,5.6577387
70,2085,5.550244
70,2100,5.4423184
70,2115,5.3342133
70,2130,5.226161
70,2145,5.118371
70,2160,5.011032
70,2175,4.916828
70,2190,4.8632646
70,2205,4.84841
70,2220,4.867532
70,2235,4.9169807
70,2250,4.9937024
70,2265,5.0949435
70,2280,5.2181587
70,2295,5.3610244
70,2310,5.521399
70,2325,5.6972938
70,2340,5.8868737
70,2355,6.088454
70,2370,6.3004675
70,2385,6.5055733
70,2400,6.677793
70,2415,6.8192954
70,2430,6.933727
70,2445,7.0237527
70,2460,7.091532
70,2475,7.139072
70,2490,7.1682105
70,2505,7.1806173
70,2520,7.1778507
70,2535,7.1613703
70,2550,7.1325293
70,2565,7.09257
70,2580,7.042636
70,2595,6.983786
70,2610,6.9169965
70,2625,6.843166
70,2640,6.763122
70,2655,6.6776175
70,2670,6.5873547
70,2685,6.492961
70,2700,6.3950267
70,2715,6.294084
70,2730,6.1906233
70,2745,6.0850945
70,2760,5.9779024
70,2775,5.8694224
70,2790,5.7599907
70,2805,5.6499157
70,2820,5.5394764
70,2835,5.4289236
70,2850,5.318489
70,2865,5.208377
70,2880,5.0987782
70,2895,5.0023746
70,2910,4.9466686
70,2925,4.9297285
70,2940,4.9468193
70,2955,4.994291
70,2970,5.0690875
70,2985,5.1684546
70,3000,5.289845
70,3015,5.4309335
70,3030,5.5895777
70,3045,5.763788
70,3060,5.951728
70,3075,6.1517115
70,3090,6.36217
70,3105,6.5657616
70,3120,6.736507
70,3135,6.876573
70,3150,6.989606
70,3165,7.07827
70,3180,7.1447225
70,3195,7.1909695
70,3210,7.2188487
70,3225,7.230029
70,3240,7.226067
70,3255,7.208422
70,3270,7.178447
70,3285,7.1373816
70,3300,7.0863714
70,3315,7.0264716
70,3330,6.958659
70,3345,6.883832
70,3360,6.8028164
70,3375,6.716366
70,3390,6.6251802
70,3405,6.529887
70,3420,6.4310775
70,3435,6.32928
70,3450,6.224987
70,3465,6.1186466
70,3480,6.0106635
70,3495,5.901413
70,3510,5.7912292
70,3525,5.680422
70,3540,5.5692677
70,3555,5.458019
70,3570,5.3469057
70,3585,5.236131
70,3600,5.125887
70,3615,5.028854
70,3630,4.972534
70,3645,4.954996
70,3660,4.9715037
70,3675,5.018407
70,3690,5.0926495
70,3705,5.191476
70,3720,5.31234
70,3735,5.4529147
70,3750,5.611058
70,3765,5.78478
70,3780,5.972244
70,3795,6.171763
70,3810,6.381769
70,3825,6.5849195
70,3840,6.7552342
70,3855,6.8948803
70,3870,7.007504
70,3885,7.0957685
70,3900,7.1618314
70,3915,7.207698
70,3930,7.235206
70,3945,7.2460246
70,3960,7.2417097
70,3975,7.22372
70,3990,7.193408
70,4005,7.1520147
70,4020,7.100684
70,4035,7.040472
70,4050,6.972354
70,4065,6.897229
70,4080,6.8159223
70,4095,6.729188
70,4110,6.637725
70,4125,6.542161
70,4140,6.443087
70,4155,6.341032
70,4170,6.2364874
70,4185,6.129901
70,4200,6.0216775
70,4215,5.9121923
70,4230,5.8017793
70,4245,5.690748
70,4260,5.5793757
70,4275,5.4679136
70,4290,5.3565917
70,4305,5.2456136
70,4320,5.13517
70,4335,5.037943
70,4350,4.9814334
70,4365,4.96371
70,4380,4.9800363
70,4395,5.0267625
70,4410,5.1008325
70,4425,5.19949
70,4440,5.320189
70,4455,5.4606028
70,4470,5.618589
70,4485,5.7921567
70,4500,5.9794707
70,4515,6.178843
70,4530,6.3887057
70,4545,6.591716
70,4560,6.7618937
70,4575,6.9014063
70,4590,7.013899
70,4605,7.1020355
70,4620,7.1679735
70,4635,7.213718
70,4650,7.2411065
70,4665,7.251808
70,4680,7.2473793
70,4695,7.2292776
70,4710,7.1988564
70,4725,7.1573563
70,4740,7.105921
70,4755,7.045606
70,4770,6.9773884
70,4785,6.9021654
70,4800,6.820763
70,4815,6.733935
70,4830,6.64238
70,4845,6.5467267
70,4860,6.447565
70,4875,6.345424
70,4890,6.2407956
70,4905,6.1341267
70,4920,6.0258226
70,4935,5.916259
70,4950,5.8057685
70,4965,5.694662
70,4980,5.583215
70,4995,5.4716806
70,5010,5.360288
70,5025,5.2492404
70,5040,5.138729
70,5055,5.0414352
70,5070,4.984861
70,5085,4.9670734
70,5100,4.9833374
70,5115,5.0300026
70,5130,5.1040125
70,5145,5.202612
70,5160,5.323253
70,5175,5.4636106
70,5190,5.621542
70,5205,5.795056
70,5220,5.982317
70,5235,6.181638
70,5250,6.39145
70,5265,6.5944104
70,5280,6.7645397
70,5295,6.9040046
70,5310,7.016451
70,5325,7.104542
70,5340,7.170435
70,5355,7.2161355
70,5370,7.243481
70,5385,7.254141
70,5400,7.2496705
70,5415,7.2315283
70,5430,7.2010674
70,5445,7.1595283
70,5460,7.108055
70,5475,7.047703
70,5490,6.9794483
70,5505,6.9041896
70,5520,6.822752
70,5535,6.735889
70,5550,6.6443005
70,5565,6.548614
70,5580,6.4494195
70,5595,6.347246
70,5610,6.2425866
70,5625,6.1358867
70,5640,6.0275526
70,5655,5.9179587
70,5670,5.80744
70,5685,5.6963043
70,5700,5.58483
70,5715,5.473268
70,5730,5.361848
70,5745,5.250774
70,5760,5.140237
70,5775,5.0429173
70,5790,4.986318
70,5805,4.968506
70,5820,4.984746
70,5835,5.0313873
70,5850,5.1053743
70,5865,5.2039504
70,5880,5.3245697
70,5895,5.4649053
70,5910,5.6228147
70,5925,5.796308
70,5940,5.983548
70,5955,6.1828485
70,5970,6.3926406
70,5985,6.595582
70,6000,6.7656918
70,6015,6.905138
70,6030,7.0175653
70,6045,7.105638
70,6060,7.1715136
70,6075,7.2171965
70,6090,7.244525
70,6105,7.2551675
70,6120,7.2506804
70,6135,7.2325225
70,6150,7.2020454
70,6165,7.1604905
70,6180,7.1090016
70,6195,7.048634
70,6210,6.980365
70,6225,6.9050913
70,6240,6.823639
70,6255,6.736762
70,6270,6.6451597
70,6285,6.549459
70,6300,6.4502516
70,6315,6.348065
70,6330,6.243392
70,6345,6.136679
70,6360,6.0283327
70,6375,5.9187264
70,6390,5.808195
70,6405,5.697048
70,6420,5.5855618
70,6435,5.473988
70,6450,5.362557
70,6465,5.251472
70,6480,5.1409235
70,6495,5.031073
70,6510,4.922068
70,6525,4.8140492
70,6540,4.7071214
70,6555,4.601391
70,6570,4.496953
70,6585,4.3938804
70,6600,4.2922444
70,6615,4.1921077
70,6630,4.0935225
70,6645,3.9965293
70,6660,3.9011679
70,6675,3.807471
70,6690,3.715457
70,6705,3.6251469
70,6720,3.5365536
70,6735,3.4496834
70,6750,3.3645396
70,6765,3.2811222
70,6780,3.199427
70,6795,3.1194472
70,6810,3.0411732
70,6825,2.9645934
70,6840,2.8896942
70,6855,2.8164597
70,6870,2.7448716
70,6885,2.6749125
70,6900,2.6065602
70,6915,2.539794
70,6930,2.474591
70,6945,2.4109273
70,6960,2.3487782
70,6975,2.2881188
70,6990,2.2289236
70,7005,2.1711662
70,7020,2.1148205
70,7035,2.0598593
70,7050,2.0062563
70,7065,1.9539856
70,7080,1.9030198
70,7095,1.853331
70,7110,1.8048935
70,7125,1.7576817
70,7140,1.7116696
70,7155,1.6668297
70,7170,1.6231368
70,7185,1.5805647
70,7200,1.539088
71,0,0
71,3,0.00015111055
71,6,0.0011200494
71,9,0.0034323442
71,12,0.0073745693
71,15,0.013073832
71,18,0.020566208
71,21,0.029840745
71,24,0.040864937
71,27,0.053597808
71,30,0.06799645
71,33,0.084019
71,36,0.10162571
71,39,0.12077933
71,42,0.14144486
71,45,0.16358933
71,48,0.18718143
71,51,0.21219116
71,54,0.23858961
71,57,0.2663488
71,60,0.29544148
71,63,0.325841
71,66,0.35752147
71,69,0.3904573
71,72,0.42462358
71,75,0.45999566
71,78,0.49654925
71,81,0.5342605
71,84,0.5731058
71,87,0.61306185
71,90,0.65410566
71,93,0.6962145
71,96,0.7393661
71,99,0.7835385
71,102,0.82871
71,105,0.87485915
71,108,0.9219649
71,111,0.9700061
71,114,1.0189625
71,117,1.0688138
71,120,1.1195405
71,135,1.3856214
71,150,1.6707544
71,165,1.972763
71,180,2.2896357
71,195,2.6195176
71,210,2.9606793
71,225,3.2949336
71,240,3.59477
71,255,3.861396
71,270,4.097883
71,285,4.3066006
71,300,4.489652
71,315,4.6489916
71,330,4.786459
71,345,4.90379
71,360,5.0026093
71,375,5.0844345
71,390,5.150678
71,405,5.2026534
71,420,5.24158
71,435,5.2685905
71,450,5.2847342
71,465,5.2909846
71,480,5.28824
71,495,5.277328
71,510,5.259023
71,525,5.2340245
71,540,5.202995
71,555,5.166534
71,570,5.125204
71,585,5.079519
71,600,5.029951
71,615,4.9769425
71,630,4.9208903
71,645,4.862169
71,660,4.8011184
71,675,4.7380576
71,690,4.673264
71,705,4.607008
71,720,4.5395365
71,735,4.4841
71,750,4.469738
71,765,4.495415
71,780,4.556937
71,795,4.6508875
71,810,4.774268
71,825,4.9242883
71,840,5.098345
71,855,5.2940245
71,870,5.509075
71,885,5.741406
71,900,5.98908
71,915,6.2503104
71,930,6.5234294
71,945,6.7903147
71,960,7.0234666
71,975,7.224159
71,990,7.395494
71,1005,7.5398865
71,1020,7.6594195
71,1035,7.756103
71,1050,7.8318057
71,1065,7.8882594
71,1080,7.927105
71,1095,7.9498763
71,1110,7.9579945
71,1125,7.9527774
71,1140,7.935449
71,1155,7.907144
71,1170,7.8689127
71,1185,7.8217244
71,1200,7.766476
71,1215,7.703996
71,1230,7.635047
71,1245,7.560334
71,1260,7.4805064
71,1275,7.396163
71,1290,7.3078527
71,1305,7.2160835
71,1320,7.121319
71,1335,7.023987
71,1350,6.9244776
71,1365,6.823152
71,1380,6.7203374
71,1395,6.6163363
71,1410,6.5114236
71,1425,6.405851
71,1440,6.2998457
71,1455,6.2066936
71,1470,6.1553884
71,1485,6.1448884
71,1500,6.170983
71,1515,6.2302456
71,1530,6.319667
71,1545,6.4364495
71,1560,6.577969
71,1575,6.741801
71,1590,6.9256854
71,1605,7.1275177
71,1620,7.345349
71,1635,7.5773807
71,1650,7.8219323
71,1665,8.060867
71,1680,8.266667
71,1695,8.4405985
71,1710,8.58575
71,1725,8.70451
71,1740,8.798985
71,1755,8.871145
71,1770,8.922844
71,1785,8.955818
71,1800,8.971694
71,1815,8.971992
71,1830,8.95812
71,1845,8.93139
71,1860,8.893013
71,1875,8.844113
71,1890,8.78573
71,1905,8.718824
71,1920,8.644286
71,1935,8.562937
71,1950,8.475527
71,1965,8.382759
71,1980,8.285261
71,1995,8.183632
71,2010,8.0784025
71,2025,7.970077
71,2040,7.8591123
71,2055,7.745927
71,2070,7.63091
71,2085,7.5144114
71,2100,7.396756
71,2115,7.2782364
71,2130,7.159121
71,2145,7.0396543
71,2160,6.9200583
71,2175,6.813617
71,2190,6.7492857
71,2205,6.7260695
71,2220,6.739719
71,2235,6.7868237
71,2250,6.8643427
71,2265,6.9694524
71,2280,7.09958
71,2295,7.25228
71,2310,7.4252768
71,2325,7.6164584
71,2340,7.8238726
71,2355,8.045715
71,2370,8.280303
71,2385,8.509497
71,2400,8.705769
71,2415,8.870382
71,2430,9.00642
71,2445,9.116266
71,2460,9.202021
71,2475,9.265651
71,2490,9.309005
71,2505,9.333816
71,2520,9.341705
71,2535,9.334188
71,2550,9.312674
71,2565,9.278464
71,2580,9.232769
71,2595,9.176709
71,2610,9.1113205
71,2625,9.03756
71,2640,8.956314
71,2655,8.8684025
71,2670,8.774571
71,2685,8.67552
71,2700,8.571875
71,2715,8.464229
71,2730,8.353113
71,2745,8.239026
71,2760,8.122424
71,2775,8.003721
71,2790,7.883305
71,2805,7.7615237
71,2820,7.638697
71,2835,7.515118
71,2850,7.3910513
71,2865,7.266739
71,2880,7.142401
71,2895,7.031322
71,2910,6.9624467
71,2925,6.9347878
71,2940,6.9440885
71,2955,6.9869256
71,2970,7.060272
71,2985,7.161331
71,3000,7.287485
71,3015,7.4362893
71,3030,7.605471
71,3045,7.792921
71,3060,7.9966846
71,3075,8.214954
71,3090,8.446047
71,3105,8.671823
71,3120,8.864751
71,3135,9.026093
71,3150,9.158928
71,3165,9.265641
71,3180,9.348328
71,3195,9.4089575
71,3210,9.449374
71,3225,9.47131
71,3240,9.476385
71,3255,9.466114
71,3270,9.441902
71,3285,9.405053
71,3300,9.356774
71,3315,9.298184
71,3330,9.23032
71,3345,9.154136
71,3360,9.070517
71,3375,8.980282
71,3390,8.884176
71,3405,8.782898
71,3420,8.677073
71,3435,8.567292
71,3450,8.454087
71,3465,8.3379545
71,3480,8.219348
71,3495,8.098684
71,3510,7.976347
71,3525,7.8526845
71,3540,7.7280164
71,3555,7.602634
71,3570,7.476802
71,3585,7.3507605
71,3600,7.22473
71,3615,7.1120033
71,3630,7.0414953
71,3645,7.012246
71,3660,7.0199904
71,3675,7.0613017
71,3690,7.1331515
71,3705,7.23275
71,3720,7.35748
71,3735,7.504889
71,3750,7.6727
71,3765,7.858807
71,3780,8.061255
71,3795,8.278238
71,3810,8.508072
71,3825,8.732616
71,3840,8.924339
71,3855,9.0845
71,3870,9.216181
71,3885,9.321762
71,3900,9.403342
71,3915,9.462886
71,3930,9.50224
71,3945,9.523135
71,3960,9.527191
71,3975,9.515922
71,3990,9.490731
71,4005,9.452925
71,4020,9.4037075
71,4035,9.344198
71,4050,9.275434
71,4065,9.198366
71,4080,9.113883
71,4095,9.022801
71,4110,8.925866
71,4125,8.823775
71,4140,8.717154
71,4155,8.606593
71,4170,8.492623
71,4185,8.375741
71,4200,8.256401
71,4215,8.135018
71,4230,8.011975
71,4245,7.887623
71,4260,7.762278
71,4275,7.636233
71,4290,7.509751
71,4305,7.383073
71,4320,7.256418
71,4335,7.14308
71,4350,7.0719733
71,4365,7.042137
71,4380,7.0493064
71,4395,7.090054
71,4410,7.161352
71,4425,7.26041
71,4440,7.38461
71,4455,7.5315
71,4470,7.6988025
71,4485,7.8844113
71,4500,8.086371
71,4515,8.302876
71,4530,8.532241
71,4545,8.756328
71,4560,8.9476
71,4575,9.107321
71,4590,9.238569
71,4605,9.343728
71,4620,9.424892
71,4635,9.484031
71,4650,9.522986
71,4665,9.54349
71,4680,9.547164
71,4695,9.535519
71,4710,9.509961
71,4725,9.471793
71,4740,9.422223
71,4755,9.362368
71,4770,9.2932625
71,4785,9.215862
71,4800,9.131053
71,4815,9.039651
71,4830,8.942401
71,4845,8.840002
71,4860,8.733078
71,4875,8.622222
71,4890,8.507962
71,4905,8.390795
71,4920,8.271176
71,4935,8.149519
71,4950,8.026208
71,4965,7.9015923
71,4980,7.775989
71,4995,7.6496906
71,5010,7.52296
71,5025,7.3960385
71,5040,7.2691455
71,5055,7.155573
71,5070,7.084236
71,5085,7.0541744
71,5100,7.061123
71,5115,7.101654
71,5130,7.1727395
71,5145,7.271589
71,5160,7.395585
71,5175,7.5422745
71,5190,7.7093806
71,5205,7.8947973
71,5220,8.096568
71,5235,8.312888
71,5250,8.542071
71,5265,8.76598
71,5280,8.957078
71,5295,9.116628
71,5310,9.247708
71,5325,9.352702
71,5340,9.433705
71,5355,9.492684
71,5370,9.531485
71,5385,9.551836
71,5400,9.555361
71,5415,9.543569
71,5430,9.517867
71,5445,9.479558
71,5460,9.429849
71,5475,9.369857
71,5490,9.300618
71,5505,9.223087
71,5520,9.138149
71,5535,9.04662
71,5550,8.949247
71,5565,8.846727
71,5580,8.739684
71,5595,8.628711
71,5610,8.514336
71,5625,8.397056
71,5640,8.277327
71,5655,8.1555605
71,5670,8.032143
71,5685,7.907422
71,5700,7.781717
71,5715,7.6553173
71,5730,7.5284877
71,5745,7.4014688
71,5760,7.2744803
71,5775,7.1608143
71,5790,7.0893855
71,5805,7.0592337
71,5820,7.0660934
71,5835,7.106538
71,5850,7.177538
71,5865,7.2763033
71,5880,7.4002175
71,5895,7.546826
71,5910,7.7138534
71,5925,7.8991923
71,5940,8.100887
71,5955,8.317132
71,5970,8.546242
71,5985,8.770079
71,6000,8.961106
71,6015,9.120586
71,6030,9.251598
71,6045,9.356525
71,6060,9.437463
71,6075,9.496378
71,6090,9.535114
71,6105,9.555405
71,6120,9.558867
71,6135,9.547015
71,6150,9.521255
71,6165,9.482888
71,6180,9.433122
71,6195,9.373075
71,6210,9.303781
71,6225,9.226196
71,6240,9.141205
71,6255,9.049625
71,6270,8.9522
71,6285,8.84963
71,6300,8.7425375
71,6315,8.6315155
71,6330,8.517094
71,6345,8.399768
71,6360,8.279992
71,6375,8.158181
71,6390,8.034719
71,6405,7.909955
71,6420,7.784207
71,6435,7.6577654
71,6450,7.5308948
71,6465,7.403836
71,6480,7.276807
71,6495,7.1500077
71,6510,7.023618
71,6525,6.8978014
71,6540,6.7727003
71,6555,6.6484513
71,6570,6.5251784
71,6585,6.402974
71,6600,6.28194
71,6615,6.162168
71,6630,6.0437346
71,6645,5.9266887
71,6660,5.811102
71,6675,5.6970315
71,6690,5.584507
71,6705,5.4735675
71,6720,5.3642473
71,6735,5.2565727
71,6750,5.1505566
71,6765,5.046218
71,6780,4.9435678
71,6795,4.8426123
71,6810,4.743355
71,6825,4.6457977
71,6840,4.549939
71,6855,4.455773
71,6870,4.363294
71,6885,4.2724957
71,6900,4.1833653
71,6915,4.0958905
71,6930,4.0100594
71,6945,3.925858
71,6960,3.8432667
71,6975,3.7622702
71,6990,3.6828501
71,7005,3.6049874
71,7020,3.528661
71,7035,3.4538512
71,7050,3.3805366
71,7065,3.308695
71,7080,3.238305
71,7095,3.1693447
71,7110,3.1017914
71,7125,3.035622
71,7140,2.970814
71,7155,2.9073458
71,7170,2.845193
71,7185,2.7843332
71,7200,2.7247443
72,0,0
72,3,0.00015427115
72,6,0.0011320692
72,9,0.0034279285
72,12,0.0072896974
72,15,0.012816127
72,18,0.020025194
72,21,0.028895002
72,24,0.03938633
72,27,0.051454213
72,30,0.06505309
72,33,0.080139264
72,36,0.09667163
72,39,0.114611916
72,42,0.1339243
72,45,0.15457514
72,48,0.17653255
72,51,0.19976616
72,54,0.22424677
72,57,0.24994625
72,60,0.27683735
72,63,0.30489358
72,66,0.3340891
72,69,0.3643988
72,72,0.39579794
72,75,0.42826238
72,78,0.46176827
72,81,0.49629217
72,84,0.5318111
72,87,0.5683025
72,90,0.6057441
72,93,0.644114
72,96,0.68339074
72,99,0.7235531
72,102,0.76458025
72,105,0.8064517
72,108,0.84914714
72,111,0.8926468
72,114,0.936931
72,117,0.98198056
72,120,1.0277765
72,135,1.2673093
72,150,1.5228285
72,165,1.7922894
72,180,2.0738134
72,195,2.3656769
72,210,2.6662784
72,225,2.9579413
72,240,3.2155385
72,255,3.4411702
72,270,3.638139
72,285,3.8089507
72,300,3.9557753
72,315,4.080588
72,330,4.185233
72,345,4.271428
72,360,4.340769
72,375,4.394735
72,390,4.4347014
72,405,4.461942
72,420,4.4776335
72,435,4.482863
72,450,4.4786353
72,465,4.4658732
72,480,4.4454317
72,495,4.4180994
72,510,4.384599
72,525,4.345599
72,540,4.301713
72,555,4.253507
72,570,4.201502
72,585,4.146163
72,600,4.087944
72,615,4.0272245
72,630,3.9643676
72,645,3.8997169
72,660,3.8335598
72,675,3.7661858
72,690,3.6978447
72,705,3.6287696
72,720,3.55917
72,735,3.5020633
72,750,3.4842367
72,765,3.5036964
72,780,3.5560527
72,795,3.6378567
72,810,3.74611
72,825,3.8780906
72,840,4.031286
72,855,4.20336
72,870,4.3921633
72,885,4.5957146
72,900,4.8121915
72,915,5.039918
72,930,5.277334
72,945,5.5068126
72,960,5.7032137
72,975,5.8686867
72,990,6.0065546
72,1005,6.1193438
72,1020,6.2091923
72,1035,6.2781234
72,1050,6.3279877
72,1065,6.3604865
72,1080,6.3772125
72,1095,6.3796544
72,1110,6.3691864
72,1125,6.3470726
72,1140,6.314481
72,1155,6.2724895
72,1170,6.222096
72,1185,6.164215
72,1200,6.0996947
72,1215,6.0293
72,1230,5.953748
72,1245,5.873684
72,1260,5.7897077
72,1275,5.7023697
72,1290,5.612169
72,1305,5.519568
72,1320,5.424983
72,1335,5.3287992
72,1350,5.231364
72,1365,5.1329927
72,1380,5.0339766
72,1395,4.9345737
72,1410,4.835023
72,1425,4.7355394
72,1440,4.6363187
72,1455,4.5503325
72,1470,4.5043736
72,1485,4.496435
72,1500,4.522108
72,1515,4.577928
72,1530,4.6608853
72,1545,4.768239
72,1560,4.897456
72,1575,5.0461917
72,1590,5.21228
72,1605,5.3937244
72,1620,5.5886884
72,1635,5.795481
72,1650,6.0125237
72,1665,6.2221828
72,1680,6.3992944
72,1695,6.5460005
72,1710,6.665607
72,1725,6.760629
72,1740,6.83319
72,1755,6.885295
72,1770,6.9187903
72,1785,6.935362
72,1800,6.9365897
72,1815,6.9239583
72,1830,6.898823
72,1845,6.862436
72,1860,6.8159585
72,1875,6.760462
72,1890,6.696932
72,1905,6.626269
72,1920,6.5493083
72,1935,6.466808
72,1950,6.3794713
72,1965,6.287943
72,1980,6.1928153
72,1995,6.0946283
72,2010,5.9938784
72,2025,5.891015
72,2040,5.78645
72,2055,5.680557
72,2070,5.5736756
72,2085,5.4661174
72,2100,5.3581624
72,2115,5.2500663
72,2130,5.1420584
72,2145,5.0343466
72,2160,4.9271173
72,2175,4.8333526
72,2190,4.7798276
72,2205,4.76453
72,2220,4.7830453
72,2235,4.831904
72,2250,4.9080906
72,2265,5.00886
72,2280,5.131674
72,2295,5.274182
72,2310,5.4342136
72,2325,5.6097684
72,2340,5.7990046
72,2355,6.000227
72,2370,6.2118526
72,2385,6.4162445
72,2400,6.588232
72,2415,6.7299547
72,2430,6.844713
72,2445,6.9350204
72,2460,7.002996
72,2475,7.050638
72,2490,7.0797925
72,2505,7.0921416
72,2520,7.089262
72,2535,7.0726333
72,2550,7.043609
72,2565,7.003439
72,2580,6.953281
72,2595,6.894202
72,2610,6.827187
72,2625,6.7531333
72,2640,6.6728735
72,2655,6.587163
72,2670,6.4967027
72,2685,6.4021344
72,2700,6.304048
72,2715,6.202982
72,2730,6.0994306
72,2745,5.993841
72,2760,5.886623
72,2775,5.778147
72,2790,5.6687536
72,2805,5.5587497
72,2820,5.448415
72,2835,5.338002
72,2850,5.2277403
72,2865,5.117834
72,2880,5.008469
72,2895,4.912626
72,2910,4.8570776
72,2925,4.839812
72,2940,4.856411
72,2955,4.903405
72,2970,4.9777775
72,2985,5.0767813
72,3000,5.1978765
72,3015,5.338712
72,3030,5.4971166
72,3045,5.6710877
72,3060,5.8587823
72,3075,6.058504
72,3090,6.2686706
72,3105,6.471641
72,3120,6.642246
72,3135,6.782622
72,3150,6.89607
72,3165,6.985101
72,3180,7.0518346
72,3195,7.098267
72,3210,7.1262436
72,3225,7.137446
72,3240,7.1334496
72,3255,7.115733
72,3270,7.0856504
72,3285,7.044449
72,3300,6.9932857
72,3315,6.933229
72,3330,6.8652606
72,3345,6.7902784
72,3360,6.7091146
72,3375,6.622523
72,3390,6.531205
72,3405,6.4358006
72,3420,6.3369
72,3435,6.235041
72,3450,6.130717
72,3465,6.0243745
72,3480,5.9164224
72,3495,5.8072324
72,3510,5.697142
72,3525,5.5864596
72,3540,5.475464
72,3555,5.3644066
72,3570,5.253517
72,3585,5.1429987
72,3600,5.0330377
72,3615,4.936613
72,3630,4.880499
72,3645,4.862681
72,3660,4.8787427
72,3675,4.9252124
72,3690,4.9990745
72,3705,5.0975804
72,3720,5.2181907
72,3735,5.358554
72,3750,5.5164976
72,3765,5.6900196
72,3780,5.877277
72,3795,6.0765724
72,3810,6.286323
72,3825,6.488889
72,3840,6.6590986
72,3855,6.79909
72,3870,6.912163
72,3885,7.0008283
72,3900,7.0672045
72,3915,7.1132894
72,3930,7.1409264
72,3945,7.151798
72,3960,7.1474786
72,3975,7.129448
72,3990,7.0990577
72,4005,7.057556
72,4020,7.006101
72,4035,6.9457593
72,4050,6.8775125
72,4065,6.802259
72,4080,6.7208304
72,4095,6.6339803
72,4110,6.54241
72,4125,6.446759
72,4140,6.347619
72,4155,6.2455254
72,4170,6.140972
72,4185,6.0344067
72,4200,5.9262366
72,4215,5.8168335
72,4230,5.706536
72,4245,5.5956507
72,4260,5.4844565
72,4275,5.373206
72,4290,5.262128
72,4305,5.1514254
72,4320,5.041284
72,4335,4.944684
72,4350,4.888398
72,4365,4.870413
72,4380,4.886311
72,4395,4.9326215
72,4410,5.006327
72,4425,5.104681
72,4440,5.2251425
72,4455,5.3653607
72,4470,5.5231624
72,4485,5.696546
72,4500,5.8836684
72,4515,6.082832
72,4530,6.292454
72,4545,6.4948936
72,4560,6.6649804
72,4575,6.804851
72,4590,6.9178066
72,4605,7.006357
72,4620,7.0726213
72,4635,7.1185966
72,4650,7.1461263
72,4665,7.1568933
72,4680,7.152472
72,4695,7.134341
72,4710,7.1038527
72,4725,7.062256
72,4740,7.0107074
72,4755,6.950274
72,4770,6.8819375
72,4785,6.8065968
72,4800,6.7250824
72,4815,6.638149
72,4830,6.546497
72,4845,6.450766
72,4860,6.3515472
72,4875,6.2493773
72,4890,6.144749
72,4905,6.0381103
72,4920,5.9298687
72,4935,5.8203955
72,4950,5.710029
72,4965,5.5990767
72,4980,5.487817
72,4995,5.376502
72,5010,5.265361
72,5025,5.154597
72,5040,5.0443954
72,5055,4.947736
72,5070,4.891392
72,5085,4.8733506
72,5100,4.889193
72,5115,4.935449
72,5130,5.0091023
72,5145,5.107404
72,5160,5.227815
72,5175,5.367983
72,5190,5.5257363
72,5205,5.6990724
72,5220,5.886148
72,5235,6.0852656
72,5250,6.2948427
72,5265,6.497239
72,5280,6.6672826
72,5295,6.8071117
72,5310,6.920026
72,5325,7.0085363
72,5340,7.074761
72,5355,7.1206975
72,5370,7.1481895
72,5385,7.1589193
72,5400,7.1544614
72,5415,7.136295
72,5430,7.105772
72,5445,7.064141
72,5460,7.0125585
72,5475,6.952092
72,5490,6.8837237
72,5505,6.8083515
72,5520,6.726806
72,5535,6.6398416
72,5550,6.54816
72,5565,6.4524
72,5580,6.3531528
72,5595,6.2509546
72,5610,6.146299
72,5625,6.039633
72,5640,5.931365
72,5655,5.8218656
72,5670,5.711474
72,5685,5.6004963
72,5700,5.489212
72,5715,5.3778734
72,5730,5.266708
72,5745,5.155921
72,5760,5.0456967
72,5775,4.949015
72,5790,4.8926497
72,5805,4.8745866
72,5820,4.890408
72,5835,4.9366436
72,5850,5.010276
72,5865,5.108558
72,5880,5.2289495
72,5895,5.369098
72,5910,5.5268326
72,5925,5.7001505
72,5940,5.8872075
72,5955,6.086308
72,5970,6.2958674
72,5985,6.4982467
72,6000,6.668274
72,6015,6.8080864
72,6030,6.9209843
72,6045,7.009479
72,6060,7.075688
72,6075,7.121609
72,6090,7.149086
72,6105,7.1598015
72,6120,7.1553288
72,6135,7.137148
72,6150,7.1066113
72,6165,7.064966
72,6180,7.0133705
72,6195,6.952891
72,6210,6.8845096
72,6225,6.8091245
72,6240,6.7275667
72,6255,6.64059
72,6270,6.548896
72,6285,6.4531245
72,6300,6.353865
72,6315,6.2516556
72,6330,6.146989
72,6345,6.0403113
72,6360,5.9320326
72,6375,5.8225226
72,6390,5.71212
72,6405,5.6011324
72,6420,5.4898376
72,6435,5.378489
72,6450,5.267314
72,6465,5.156517
72,6480,5.0462837
72,6495,4.9367776
72,6510,4.8281474
72,6525,4.7205267
72,6540,4.6140285
72,6555,4.50876
72,6570,4.404812
72,6585,4.3022614
72,6600,4.20118
72,6615,4.101625
72,6630,4.003647
72,6645,3.9072883
72,6660,3.8125832
72,6675,3.7195601
72,6690,3.628241
72,6705,3.5386422
72,6720,3.4507756
72,6735,3.364647
72,6750,3.28026
72,6765,3.197614
72,6780,3.1167033
72,6795,3.0375216
72,6810,2.9600577
72,6825,2.8842995
72,6840,2.8102322
72,6855,2.7378383
72,6870,2.6670997
72,6885,2.597996
72,6900,2.5305061
72,6915,2.4646077
72,6930,2.4002764
72,6945,2.3374884
72,6960,2.276219
72,6975,2.2164414
72,6990,2.1581304
72,7005,2.1012588
72,7020,2.0458
72,7035,1.9917266
72,7050,1.9390115
72,7065,1.8876275
72,7080,1.8375471
72,7095,1.7887429
72,7110,1.741188
72,7125,1.6948552
72,7140,1.6497177
72,7155,1.6057488
72,7170,1.5629221
72,7185,1.5212115
72,7200,1.4805912
73,0,0
73,3,0.00014617061
73,6,0.001117389
73,9,0.0034628613
73,12,0.007475025
73,15,0.013277004
73,18,0.020896459
73,21,0.030312305
73,24,0.04148151
73,27,0.05435309
73,30,0.06887477
73,33,0.08499627
73,36,0.10267038
73,39,0.12185343
73,42,0.14250496
73,45,0.16458736
73,48,0.18806556
73,51,0.21290644
73,54,0.2390786
73,57,0.26655212
73,60,0.29529834
73,63,0.3252895
73,66,0.3564991
73,69,0.38890103
73,72,0.42247054
73,75,0.45718282
73,78,0.49301416
73,81,0.529941
73,84,0.5679403
73,87,0.60698956
73,90,0.6470664
73,93,0.6881493
73,96,0.7302166
73,99,0.7732476
73,102,0.81722146
73,105,0.8621181
73,108,0.9079169
73,111,0.95459855
73,114,1.0021439
73,117,1.0505342
73,120,1.0997512
73,135,1.3575858
73,150,1.6334281
73,165,1.9252491
73,180,2.2311754
73,195,2.5494814
73,210,2.87856
73,225,3.2000659
73,240,3.4864602
73,255,3.7401013
73,270,3.9647932
73,285,4.163218
73,300,4.337565
73,315,4.4897556
73,330,4.621557
73,345,4.7346077
73,360,4.830423
73,375,4.9104095
73,390,4.9758763
73,405,5.028038
73,420,5.0680194
73,435,5.0968637
73,450,5.1155343
73,465,5.1249223
73,480,5.1258554
73,495,5.119099
73,510,5.105359
73,525,5.0852895
73,540,5.059496
73,555,5.0285363
73,570,4.992932
73,585,4.953146
73,600,4.9096365
73,615,4.8627934
73,630,4.8129764
73,645,4.76055
73,660,4.7058096
73,675,4.6490474
73,690,4.590537
73,705,4.5305233
73,720,4.469229
73,735,4.420151
73,750,4.412547
73,765,4.4443374
73,780,4.5106125
73,795,4.6076865
73,810,4.732515
73,825,4.8823867
73,840,5.0548277
73,855,5.247564
73,870,5.4584885
73,885,5.685654
73,900,5.9272633
73,915,6.181657
73,930,6.447286
73,945,6.7058477
73,960,6.929896
73,975,7.1217694
73,990,7.2853355
73,1005,7.4233055
73,1020,7.5378933
73,1035,7.631042
73,1050,7.704545
73,1065,7.760058
73,1080,7.799119
73,1095,7.8231425
73,1110,7.83345
73,1125,7.831258
73,1140,7.8176947
73,1155,7.7938147
73,1170,7.7605815
73,1185,7.7188926
73,1200,7.669578
73,1215,7.613396
73,1230,7.5510564
73,1245,7.4832077
73,1260,7.410449
73,1275,7.3333373
73,1290,7.2523775
73,1305,7.168041
73,1320,7.0807605
73,1335,6.99093
73,1350,6.898917
73,1365,6.8050547
73,1380,6.7096505
73,1395,6.612988
73,1410,6.515324
73,1425,6.416899
73,1440,6.317923
73,1455,6.2318645
73,1470,6.187999
73,1485,6.1841993
73,1500,6.2155895
73,1515,6.278457
73,1530,6.3697495
73,1545,6.486751
73,1560,6.626967
73,1575,6.7881117
73,1590,6.9680734
73,1605,7.1648974
73,1620,7.3767743
73,1635,7.602034
73,1650,7.8391194
73,1665,8.069706
73,1680,8.266345
73,1695,8.431357
73,1710,8.568606
73,1725,8.680785
73,1740,8.770103
73,1755,8.8384905
73,1770,8.887729
73,1785,8.919465
73,1800,8.9352255
73,1815,8.936421
73,1830,8.924365
73,1845,8.900256
73,1860,8.865229
73,1875,8.820307
73,1890,8.766461
73,1905,8.704574
73,1920,8.635464
73,1935,8.559892
73,1950,8.478549
73,1965,8.392084
73,1980,8.3010845
73,1995,8.2060995
73,2010,8.107629
73,2025,8.006135
73,2040,7.902045
73,2055,7.795744
73,2070,7.6875944
73,2085,7.577922
73,2100,7.467028
73,2115,7.3551893
73,2130,7.2426553
73,2145,7.1296587
73,2160,7.0164084
73,2175,6.916366
73,2190,6.8588037
73,2205,6.841584
73,2220,6.8598304
73,2235,6.9098234
73,2250,6.988505
73,2265,7.093155
73,2280,7.2212734
73,2295,7.3705688
73,2310,7.5389247
73,2325,7.724382
73,2340,7.925126
73,2355,8.139483
73,2370,8.3658905
73,2385,8.586019
73,2400,8.772414
73,2415,8.927391
73,2430,9.0548115
73,2445,9.157362
73,2460,9.237246
73,2475,9.296393
73,2490,9.336576
73,2505,9.359442
73,2520,9.366511
73,2535,9.359193
73,2550,9.338793
73,2565,9.306512
73,2580,9.263476
73,2595,9.210707
73,2610,9.149174
73,2625,9.079751
73,2640,9.003261
73,2655,8.920452
73,2670,8.832021
73,2685,8.738608
73,2700,8.6408
73,2715,8.539145
73,2730,8.434137
73,2745,8.326239
73,2760,8.215869
73,2775,8.103416
73,2790,7.9892383
73,2805,7.8736567
73,2820,7.7569747
73,2835,7.63946
73,2850,7.521367
73,2865,7.40292
73,2880,7.2843285
73,2895,7.1790524
73,2910,7.116361
73,2925,7.0941157
73,2940,7.1074376
73,2955,7.152605
73,2970,7.2265587
73,2985,7.3265767
73,3000,7.4501576
73,3015,7.595006
73,3030,7.759005
73,3045,7.9401937
73,3060,8.136756
73,3075,8.347016
73,3090,8.569408
73,3105,8.785604
73,3120,8.968144
73,3135,9.119345
73,3150,9.243065
73,3165,9.341989
73,3180,9.418318
73,3195,9.473982
73,3210,9.510751
73,3225,9.53027
73,3240,9.534058
73,3255,9.523524
73,3270,9.499971
73,3285,9.464603
73,3300,9.418538
73,3315,9.362802
73,3330,9.298359
73,3345,9.226083
73,3360,9.146796
73,3375,9.061246
73,3390,8.970128
73,3405,8.874081
73,3420,8.773689
73,3435,8.669501
73,3450,8.56201
73,3465,8.451677
73,3480,8.338921
73,3495,8.224129
73,3510,8.107656
73,3525,7.989825
73,3540,7.870937
73,3555,7.75126
73,3570,7.6310463
73,3585,7.51052
73,3600,7.3898907
73,3615,7.282616
73,3630,7.217965
73,3645,7.1937985
73,3660,7.205237
73,3675,7.2485585
73,3690,7.320702
73,3705,7.418946
73,3720,7.540787
73,3735,7.6839304
73,3750,7.8462586
73,3765,8.025809
73,3780,8.220765
73,3795,8.429451
73,3810,8.6503
73,3825,8.864982
73,3840,9.046041
73,3855,9.195787
73,3870,9.318081
73,3885,9.4156065
73,3900,9.490565
73,3915,9.544885
73,3930,9.580336
73,3945,9.598561
73,3960,9.601082
73,3975,9.589306
73,3990,9.564533
73,4005,9.527969
73,4020,9.480731
73,4035,9.423844
73,4050,9.3582735
73,4065,9.28489
73,4080,9.204518
73,4095,9.117903
73,4110,9.025741
73,4125,8.928668
73,4140,8.827272
73,4155,8.722098
73,4170,8.613639
73,4185,8.5023575
73,4200,8.38867
73,4215,8.272965
73,4230,8.155596
73,4245,8.036887
73,4260,7.9171357
73,4275,7.796613
73,4290,7.67557
73,4305,7.5542293
73,4320,7.4328012
73,4335,7.324743
73,4350,7.259323
73,4365,7.234402
73,4380,7.245101
73,4395,7.2876964
73,4410,7.3591285
73,4425,7.456674
73,4440,7.5778303
73,4455,7.720302
73,4470,7.881971
73,4485,8.060875
73,4500,8.255198
73,4515,8.463262
73,4530,8.683501
73,4545,8.897585
73,4560,9.078056
73,4575,9.227227
73,4590,9.348956
73,4605,9.445928
73,4620,9.520343
73,4635,9.574129
73,4650,9.6090555
73,4665,9.626768
73,4680,9.628784
73,4695,9.616513
73,4710,9.591255
73,4725,9.554215
73,4740,9.506509
73,4755,9.4491625
73,4770,9.3831415
73,4785,9.309317
73,4800,9.228511
73,4815,9.141469
73,4830,9.048889
73,4845,8.951406
73,4860,8.8496065
73,4875,8.744038
73,4890,8.63519
73,4905,8.523527
73,4920,8.409466
73,4935,8.293394
73,4950,8.175664
73,4965,8.056601
73,4980,7.9365025
73,4995,7.8156385
73,5010,7.6942606
73,5025,7.5725913
73,5040,7.4508405
73,5055,7.342465
73,5070,7.2767344
73,5085,7.2515078
73,5100,7.261907
73,5115,7.3042088
73,5130,7.3753514
73,5145,7.472614
73,5160,7.593492
73,5175,7.7356906
73,5190,7.897092
73,5205,8.075733
73,5220,8.269797
73,5235,8.477608
73,5250,8.6975975
73,5265,8.911438
73,5280,9.09167
73,5295,9.240605
73,5310,9.362103
73,5325,9.458848
73,5340,9.53304
73,5355,9.586608
73,5370,9.62132
73,5385,9.638822
73,5400,9.64063
73,5415,9.628157
73,5430,9.602698
73,5445,9.565462
73,5460,9.517564
73,5475,9.460028
73,5490,9.393822
73,5505,9.319814
73,5520,9.238829
73,5535,9.151611
73,5550,9.058858
73,5565,8.961205
73,5580,8.85924
73,5595,8.753506
73,5610,8.644497
73,5625,8.532677
73,5640,8.418459
73,5655,8.302235
73,5670,8.184355
73,5685,8.065145
73,5700,7.9449015
73,5715,7.8238955
73,5730,7.702378
73,5745,7.580571
73,5760,7.4586854
73,5775,7.350178
73,5790,7.284317
73,5805,7.2589626
73,5820,7.2692366
73,5835,7.3114147
73,5850,7.3824363
73,5865,7.4795794
73,5880,7.600341
73,5895,7.742425
73,5910,7.903713
73,5925,8.082244
73,5940,8.276199
73,5955,8.483903
73,5970,8.703788
73,5985,8.917524
73,6000,9.097655
73,6015,9.246491
73,6030,9.367892
73,6045,9.4645405
73,6060,9.538638
73,6075,9.5921135
73,6090,9.626735
73,6105,9.644146
73,6120,9.645867
73,6135,9.6333065
73,6150,9.607763
73,6165,9.570444
73,6180,9.522464
73,6195,9.464848
73,6210,9.3985615
73,6225,9.324476
73,6240,9.243415
73,6255,9.156121
73,6270,9.063294
73,6285,8.965569
73,6300,8.863531
73,6315,8.757728
73,6330,8.64865
73,6345,8.536761
73,6360,8.422477
73,6375,8.306188
73,6390,8.188243
73,6405,8.06897
73,6420,7.9486637
73,6435,7.827596
73,6450,7.7060184
73,6465,7.5841527
73,6480,7.4622087
73,6495,7.3403726
73,6510,7.2188206
73,6525,7.097702
73,6540,6.977157
73,6555,6.85732
73,6570,6.738292
73,6585,6.620178
73,6600,6.5030746
73,6615,6.3870564
73,6630,6.2721972
73,6645,6.1585646
73,6660,6.0462155
73,6675,5.9351993
73,6690,5.82556
73,6705,5.7173395
73,6720,5.610567
73,6735,5.50527
73,6750,5.4014716
73,6765,5.2991896
73,6780,5.198437
73,6795,5.0992246
73,6810,5.001559
73,6825,4.905444
73,6840,4.8108816
73,6855,4.71787
73,6870,4.626407
73,6885,4.536488
73,6900,4.4481044
73,6915,4.361249
73,6930,4.275913
73,6945,4.192082
73,6960,4.1097455
73,6975,4.0288897
73,6990,3.949499
73,7005,3.8715582
73,7020,3.7950506
73,7035,3.7199597
73,7050,3.6462674
73,7065,3.5739558
73,7080,3.5030065
73,7095,3.4334006
73,7110,3.3651192
73,7125,3.2981427
73,7140,3.232452
73,7155,3.168027
73,7170,3.1048481
73,7185,3.0428956
73,7200,2.9821496
74,0,0
74,3,0.00015921587
74,6,0.001193101
74,9,0.0036683343
74,12,0.00788972
74,15,0.013987323
74,18,0.021989394
74,21,0.03187052
74,24,0.043580346
74,27,0.057059284
74,30,0.072246246
74,33,0.08908251
74,36,0.107513145
74,39,0.12748751
74,42,0.14895889
74,45,0.1718841
74,48,0.19622296
74,51,0.22193764
74,54,0.24899241
74,57,0.2773532
74,60,0.30698738
74,63,0.33786345
74,66,0.36995122
74,69,0.40322113
74,72,0.43764487
74,75,0.4731944
74,78,0.5098425
74,81,0.5475624
74,84,0.5863279
74,87,0.62611324
74,90,0.666893
74,93,0.7086426
74,96,0.75133765
74,99,0.7949542
74,102,0.83946896
74,105,0.8848584
74,108,0.93109983
74,111,0.97817117
74,114,1.0260508
74,117,1.0747174
74,120,1.1241493
74,135,1.3820704
74,150,1.6561493
74,165,1.9441166
74,180,2.2438948
74,195,2.5535874
74,210,2.871445
74,225,3.1781201
74,240,3.4449315
74,255,3.6749475
74,270,3.8726876
74,285,4.041334
74,300,4.1834965
74,315,4.301492
74,330,4.3974648
74,345,4.473396
74,360,4.5311184
74,375,4.5723305
74,390,4.598604
74,405,4.61139
74,420,4.612028
74,435,4.6017466
74,450,4.581678
74,465,4.552866
74,480,4.5162683
74,495,4.472763
74,510,4.4231577
74,525,4.3681927
74,540,4.3085465
74,555,4.244842
74,570,4.1776347
74,585,4.1074595
74,600,4.0347614
74,615,3.9599802
74,630,3.8835013
74,645,3.8056672
74,660,3.72681
74,675,3.647218
74,690,3.5671535
74,705,3.4868586
74,720,3.4065523
74,735,3.3404126
74,750,3.3189125
74,765,3.3393
74,780,3.39581
74,795,3.4842024
74,810,3.6009765
74,825,3.7430007
74,840,3.9074135
74,855,4.091591
74,870,4.2931204
74,885,4.5097837
74,900,4.7395463
74,915,4.9805455
74,930,5.23106
74,945,5.4717593
74,960,5.6739936
74,975,5.840824
74,990,5.9767623
74,1005,6.085012
74,1020,6.168165
74,1035,6.228547
74,1050,6.2682924
74,1065,6.28937
74,1080,6.2935967
74,1095,6.282658
74,1110,6.2581115
74,1125,6.221392
74,1140,6.173818
74,1155,6.1166015
74,1170,6.050855
74,1185,5.9776
74,1200,5.8977733
74,1215,5.812232
74,1230,5.72176
74,1245,5.627076
74,1260,5.528829
74,1275,5.4276233
74,1290,5.3239846
74,1305,5.218419
74,1320,5.1113563
74,1335,5.003214
74,1350,4.894347
74,1365,4.7850957
74,1380,4.6757503
74,1395,4.566585
74,1410,4.457835
74,1425,4.3497186
74,1440,4.242424
74,1455,4.1500993
74,1470,4.1032133
74,1485,4.0989914
74,1500,4.131644
74,1515,4.1969256
74,1530,4.2912974
74,1545,4.411611
74,1560,4.5549984
74,1575,4.7188077
74,1590,4.9006033
74,1605,5.0981507
74,1620,5.309401
74,1635,5.532476
74,1650,5.765637
74,1665,5.989525
74,1680,6.1754775
74,1695,6.3265386
74,1710,6.447207
74,1725,6.5406685
74,1740,6.6095023
74,1755,6.656016
74,1770,6.6823325
74,1785,6.690406
74,1800,6.6820407
74,1815,6.65891
74,1830,6.6225576
74,1845,6.574406
74,1860,6.5157623
74,1875,6.447827
74,1890,6.3717017
74,1905,6.288398
74,1920,6.1988425
74,1935,6.103881
74,1950,6.0042872
74,1965,5.900769
74,1980,5.793975
74,1995,5.6844845
74,2010,5.572838
74,2025,5.459507
74,2040,5.344939
74,2055,5.229521
74,2070,5.113618
74,2085,4.997548
74,2100,4.881606
74,2115,4.766051
74,2130,4.651117
74,2145,4.537012
74,2160,4.4239206
74,2175,4.325984
74,2190,4.2736654
74,2205,4.2641845
74,2220,4.291747
74,2235,4.3521023
74,2250,4.4417057
74,2265,4.557404
74,2280,4.6963243
74,2295,4.8558106
74,2310,5.0334225
74,2325,5.22692
74,2340,5.4342494
74,2355,5.6535306
74,2370,5.8830194
74,2385,6.1033454
74,2400,6.285866
74,2415,6.4335876
74,2430,6.551036
74,2445,6.6413774
74,2460,6.7071915
74,2475,6.7507763
74,2490,6.774254
74,2505,6.7795815
74,2520,6.7685614
74,2535,6.7428665
74,2550,6.704028
74,2565,6.6534643
74,2580,6.592486
74,2595,6.5222874
74,2610,6.44397
74,2625,6.358545
74,2640,6.266932
74,2655,6.1699753
74,2670,6.0684505
74,2685,5.9630585
74,2700,5.8544426
74,2715,5.7431884
74,2730,5.6298246
74,2745,5.5148335
74,2760,5.3986545
74,2775,5.281681
74,2790,5.1642737
74,2805,5.046748
74,2820,4.9294014
74,2835,4.8124804
74,2850,4.6962256
74,2865,4.580837
74,2880,4.4664974
74,2895,4.3673553
74,2910,4.3138685
74,2925,4.3032556
74,2940,4.3297205
74,2955,4.3890123
74,2970,4.4775853
74,2985,4.592284
74,3000,4.730236
74,3015,4.8887835
74,3030,5.0654855
74,3045,5.258101
74,3060,5.4645753
74,3075,5.6830273
74,3090,5.911713
74,3105,6.1312594
74,3120,6.3130245
74,3135,6.460014
74,3150,6.5767517
74,3165,6.666404
74,3180,6.7315493
74,3195,6.7744846
74,3210,6.797333
74,3225,6.8020496
74,3240,6.7904367
74,3255,6.764167
74,3270,6.72477
74,3285,6.6736646
74,3300,6.61216
74,3315,6.541451
74,3330,6.462638
74,3345,6.376732
74,3360,6.2846513
74,3375,6.1872406
74,3390,6.085275
74,3405,5.9794555
74,3420,5.8704233
74,3435,5.7587657
74,3450,5.6450095
74,3465,5.5296373
74,3480,5.413088
74,3495,5.295755
74,3510,5.177998
74,3525,5.0601325
74,3540,4.9424562
74,3555,4.825215
74,3570,4.708648
74,3585,4.5929565
74,3600,4.4783225
74,3615,4.3788943
74,3630,4.3251295
74,3645,4.3142457
74,3660,4.340448
74,3675,4.3994837
74,3690,4.487808
74,3705,4.602266
74,3720,4.7399826
74,3735,4.898302
74,3750,5.0747814
74,3765,5.2671814
74,3780,5.4734454
74,3795,5.6916933
74,3810,5.92018
74,3825,6.1395335
74,3840,6.3211107
74,3855,6.4679165
74,3870,6.5844765
74,3885,6.673955
74,3900,6.7389317
74,3915,6.781703
74,3930,6.8043914
74,3945,6.8089523
74,3960,6.797188
74,3975,6.77077
74,3990,6.7312293
74,4005,6.6799836
74,4020,6.618342
74,4035,6.5474997
74,4050,6.468557
74,4065,6.382524
74,4080,6.29032
74,4095,6.1927896
74,4110,6.090707
74,4125,5.984772
74,4140,5.875629
74,4155,5.763862
74,4170,5.65
74,4185,5.5345244
74,4200,5.4178743
74,4215,5.3004427
74,4230,5.1825895
74,4245,5.0646305
74,4260,4.946862
74,4275,4.829532
74,4290,4.712878
74,4305,4.5971017
74,4320,4.4823847
74,4335,4.382875
74,4350,4.329031
74,4365,4.31807
74,4380,4.344197
74,4395,4.4031587
74,4410,4.491411
74,4425,4.6057987
74,4440,4.743447
74,4455,4.901699
74,4470,5.0781136
74,4485,5.270449
74,4500,5.4766507
74,4515,5.6948376
74,4530,5.923265
74,4545,6.1425605
74,4560,6.3240805
74,4575,6.470831
74,4590,6.5873365
74,4605,6.676762
74,4620,6.741687
74,4635,6.784407
74,4650,6.8070455
74,4665,6.811558
74,4680,6.799746
74,4695,6.7732816
74,4710,6.733695
74,4725,6.682405
74,4740,6.62072
74,4755,6.5498347
74,4770,6.47085
74,4785,6.384776
74,4800,6.292532
74,4815,6.194962
74,4830,6.092841
74,4845,5.986869
74,4860,5.8776884
74,4875,5.765886
74,4890,5.651988
74,4905,5.536478
74,4920,5.4197936
74,4935,5.3023286
74,4950,5.184443
74,4965,5.066452
74,4980,4.9486523
74,4995,4.831291
74,5010,4.7146072
74,5025,4.5988007
74,5040,4.484055
74,5055,4.3845167
74,5070,4.330645
74,5085,4.319657
74,5100,4.3457565
74,5115,4.4046926
74,5130,4.4929194
74,5145,4.607281
74,5160,4.744905
74,5175,4.903133
74,5190,5.079523
74,5205,5.271836
74,5220,5.4780145
74,5235,5.696179
74,5250,5.9245844
74,5265,6.143858
74,5280,6.325357
74,5295,6.4720864
74,5310,6.5885715
74,5325,6.677977
74,5340,6.7428823
74,5355,6.7855835
74,5370,6.8082027
74,5385,6.8126965
74,5400,6.800866
74,5415,6.774384
74,5430,6.73478
74,5445,6.683472
74,5460,6.6217704
74,5475,6.5508685
74,5490,6.4718676
74,5505,6.3857775
74,5520,6.2935176
74,5535,6.195932
74,5550,6.0937953
74,5565,5.987808
74,5580,5.878613
74,5595,5.766796
74,5610,5.652884
74,5625,5.5373597
74,5640,5.4206614
74,5655,5.3031826
74,5670,5.1852837
74,5685,5.06728
74,5700,4.949467
74,5715,4.8320937
74,5730,4.715397
74,5745,4.5995784
74,5760,4.4848204
74,5775,4.3852706
74,5790,4.331387
74,5805,4.3203874
74,5820,4.346476
74,5835,4.4054008
74,5850,4.4936166
74,5865,4.607968
74,5880,4.745581
74,5895,4.9037986
74,5910,5.0801787
74,5925,5.272481
74,5940,5.47865
74,5955,5.696805
74,5970,5.925201
74,5985,6.144465
74,6000,6.325955
74,6015,6.4726753
74,6030,6.589152
74,6045,6.6785483
74,6060,6.743445
74,6075,6.7861376
74,6090,6.8087487
74,6105,6.8132343
74,6120,6.801396
74,6135,6.7749057
74,6150,6.735294
74,6165,6.6839786
74,6180,6.622269
74,6195,6.5513597
74,6210,6.4723516
74,6225,6.3862543
74,6240,6.293987
74,6255,6.1963944
74,6270,6.094251
74,6285,5.9882574
74,6300,5.8790555
74,6315,5.7672315
74,6330,5.653313
74,6345,5.5377827
74,6360,5.421078
74,6375,5.303593
74,6390,5.185688
74,6405,5.067678
74,6420,4.9498596
74,6435,4.83248
74,6450,4.7157774
74,6465,4.5999537
74,6480,4.48519
74,6495,4.371651
74,6510,4.2594814
74,6525,4.1488037
74,6540,4.039731
74,6555,3.9323545
74,6570,3.826756
74,6585,3.723003
74,6600,3.621151
74,6615,3.5212457
74,6630,3.4233236
74,6645,3.3274133
74,6660,3.2335324
74,6675,3.1416962
74,6690,3.0519142
74,6705,2.9641886
74,6720,2.8785074
74,6735,2.794871
74,6750,2.7132728
74,6765,2.633698
74,6780,2.5561233
74,6795,2.4805303
74,6810,2.4068942
74,6825,2.3351872
74,6840,2.265379
74,6855,2.197441
74,6870,2.1313412
74,6885,2.0670464
74,6900,2.0045238
74,6915,1.9437411
74,6930,1.8846626
74,6945,1.8272538
74,6960,1.7714807
74,6975,1.7173063
74,6990,1.664695
74,7005,1.613611
74,7020,1.5640182
74,7035,1.5158805
74,7050,1.469162
74,7065,1.4238275
74,7080,1.3798422
74,7095,1.3371712
74,7110,1.2957805
74,7125,1.255637
74,7140,1.216707
74,7155,1.1789582
74,7170,1.1423585
74,7185,1.1068761
74,7200,1.0724803
75,0,0
75,3,0.00013880023
75,6,0.0010695482
75,9,0.003335359
75,12,0.0072473553
75,15,0.012953405
75,18,0.02050151
75,21,0.029883841
75,24,0.041064247
75,27,0.053993963
75,30,0.068620086
75,33,0.08489001
75,36,0.10275344
75,39,0.12216341
75,42,0.14307621
75,45,0.16545127
75,48,0.18925083
75,51,0.21443953
75,54,0.24098402
75,57,0.26885265
75,60,0.29801524
75,63,0.32844272
75,66,0.36010748
75,69,0.39298254
75,72,0.42704213
75,75,0.46226078
75,78,0.498614
75,81,0.53607756
75,84,0.57462776
75,87,0.6142415
75,90,0.65489596
75,93,0.6965689
75,96,0.73923844
75,99,0.78288317
75,102,0.82748204
75,105,0.87301356
75,108,0.9194577
75,111,0.96679455
75,114,1.0150046
75,117,1.0640692
75,120,1.1139678
75,135,1.3753302
75,150,1.6548486
75,165,1.9504423
75,180,2.2601943
75,195,2.582338
75,210,2.9152284
75,225,3.2408319
75,240,3.5307016
75,255,3.786668
75,270,4.0128117
75,285,4.2120285
75,300,4.386579
75,315,4.5384536
75,330,4.6694613
75,345,4.7812724
75,360,4.8754454
75,375,4.9534326
75,390,5.01658
75,405,5.0661364
75,420,5.103261
75,435,5.1290283
75,450,5.1444354
75,465,5.150404
75,480,5.147788
75,495,5.1373777
75,510,5.1199036
75,525,5.096041
75,540,5.0664144
75,555,5.0315976
75,570,4.992122
75,585,4.9484715
75,600,4.9011006
75,615,4.8504186
75,630,4.7968125
75,645,4.7406344
75,660,4.6822085
75,675,4.6218367
75,690,4.5597906
75,705,4.4963236
75,720,4.431666
75,735,4.3789763
75,750,4.3682375
75,765,4.398046
75,780,4.46316
75,795,4.5596766
75,810,4.684429
75,825,4.834636
75,840,5.0077796
75,855,5.20152
75,870,5.4136896
75,885,5.642294
75,900,5.885494
75,915,6.141591
75,930,6.4089975
75,945,6.6697364
75,960,6.8953934
75,975,7.0878296
75,990,7.2511787
75,1005,7.388354
75,1020,7.50165
75,1035,7.59307
75,1050,7.664452
75,1065,7.717485
75,1080,7.753736
75,1095,7.7746654
75,1110,7.781623
75,1125,7.775871
75,1140,7.7585754
75,1155,7.7308154
75,1170,7.693587
75,1185,7.6478105
75,1200,7.594339
75,1215,7.533961
75,1230,7.4674015
75,1245,7.3953304
75,1260,7.3183656
75,1275,7.237076
75,1290,7.151987
75,1305,7.063581
75,1320,6.9722996
75,1335,6.8785515
75,1350,6.7827005
75,1365,6.6850996
75,1380,6.586048
75,1395,6.4858465
75,1410,6.384746
75,1425,6.2829976
75,1440,6.180812
75,1455,6.091356
75,1470,6.0445514
75,1485,6.039049
75,1500,6.0695724
75,1515,6.1322107
75,1530,6.2237787
75,1545,6.3415008
75,1560,6.482827
75,1575,6.6454015
75,1590,6.827062
75,1605,7.025809
75,1620,7.2397795
75,1635,7.4672585
75,1650,7.706654
75,1665,7.939978
75,1680,8.138799
75,1695,8.304962
75,1710,8.442597
75,1725,8.5546
75,1740,8.643257
75,1755,8.710559
75,1770,8.758331
75,1785,8.788254
75,1800,8.801892
75,1815,8.800682
75,1830,8.785971
75,1845,8.759008
75,1860,8.720951
75,1875,8.672869
75,1890,8.615749
75,1905,8.550506
75,1920,8.477979
75,1935,8.398949
75,1950,8.314135
75,1965,8.224196
75,1980,8.129744
75,1995,8.031338
75,2010,7.9294925
75,2025,7.824685
75,2040,7.7173543
75,2055,7.607891
75,2070,7.4966745
75,2085,7.3840218
75,2100,7.2702556
75,2115,7.1556425
75,2130,7.0404506
75,2145,6.9249163
75,2160,6.80924
75,2175,6.7065597
75,2190,6.6468134
75,2205,6.6286473
75,2220,6.6467786
75,2235,6.6972947
75,2250,6.7770004
75,2265,6.883113
75,2280,7.0130796
75,2295,7.1645436
75,2310,7.335332
75,2325,7.523437
75,2340,7.7269983
75,2355,7.944298
75,2370,8.173732
75,2385,8.397309
75,2400,8.5865965
75,2415,8.743431
75,2430,8.87194
75,2445,8.97501
75,2460,9.054926
75,2475,9.113674
75,2490,9.153073
75,2505,9.174805
75,2520,9.180424
75,2535,9.171365
75,2550,9.1489725
75,2565,9.114492
75,2580,9.069076
75,2595,9.013789
75,2610,8.949619
75,2625,8.877474
75,2640,8.798191
75,2655,8.712549
75,2670,8.621262
75,2685,8.524985
75,2700,8.42433
75,2715,8.319851
75,2730,8.212062
75,2745,8.101433
75,2760,7.988404
75,2775,7.873365
75,2790,7.756685
75,2805,7.6386933
75,2820,7.519689
75,2835,7.399958
75,2850,7.279744
75,2865,7.1593013
75,2880,7.0388255
75,2895,6.9314466
75,2910,6.86709
75,2925,6.844414
75,2940,6.8581333
75,2955,6.904322
75,2970,6.9797926
75,2985,7.081767
75,3000,7.2076883
75,3015,7.3551927
75,3030,7.522103
75,3045,7.7064095
75,3060,7.9062552
75,3075,8.11992
75,3090,8.345796
75,3105,8.565888
75,3120,8.751763
75,3135,8.905259
75,3150,9.030498
75,3165,9.130366
75,3180,9.207149
75,3195,9.262828
75,3210,9.299223
75,3225,9.318012
75,3240,9.320751
75,3255,9.308871
75,3270,9.283718
75,3285,9.246533
75,3300,9.198468
75,3315,9.140588
75,3330,9.073878
75,3345,8.999245
75,3360,8.917526
75,3375,8.829498
75,3390,8.735873
75,3405,8.637309
75,3420,8.534411
75,3435,8.427737
75,3450,8.317798
75,3465,8.205063
75,3480,8.089971
75,3495,7.972912
75,3510,7.854251
75,3525,7.7343216
75,3540,7.6134176
75,3555,7.4918275
75,3570,7.3697906
75,3585,7.247563
75,3600,7.1253405
75,3615,7.0162377
75,3630,6.9502125
75,3645,6.925897
75,3660,6.93801
75,3675,6.982625
75,3690,7.0565615
75,3705,7.1570234
75,3720,7.2814617
75,3735,7.427517
75,3750,7.59301
75,3765,7.775929
75,3780,7.97441
75,3795,8.186735
75,3810,8.411303
75,3825,8.630119
75,3840,8.814742
75,3855,8.967011
75,3870,9.091048
75,3885,9.18974
75,3900,9.265369
75,3915,9.319919
75,3930,9.3552065
75,3945,9.372911
75,3960,9.374587
75,3975,9.361667
75,3990,9.335493
75,4005,9.297309
75,4020,9.248264
75,4035,9.189424
75,4050,9.121774
75,4065,9.046219
75,4080,8.963596
75,4095,8.874683
75,4110,8.78019
75,4125,8.680776
75,4140,8.577045
75,4155,8.469555
75,4170,8.358814
75,4185,8.245296
75,4200,8.129433
75,4215,8.0116205
75,4230,7.89222
75,4245,7.7715673
75,4260,7.649953
75,4275,7.5276675
75,4290,7.404948
75,4305,7.2820516
75,4320,7.159174
75,4335,7.0494285
75,4350,6.9827747
75,4365,6.957842
75,4380,6.969351
75,4395,7.013384
75,4410,7.08676
75,4425,7.186644
75,4440,7.3104997
75,4455,7.4559946
75,4470,7.6209507
75,4485,7.8033495
75,4500,8.001323
75,4515,8.21315
75,4530,8.437225
75,4545,8.655556
75,4560,8.839703
75,4575,8.991506
75,4590,9.115087
75,4605,9.21333
75,4620,9.288522
75,4635,9.342641
75,4650,9.377507
75,4665,9.394799
75,4680,9.39607
75,4695,9.382751
75,4710,9.356188
75,4725,9.317622
75,4740,9.268202
75,4755,9.208994
75,4770,9.140984
75,4785,9.065075
75,4800,8.982106
75,4815,8.892853
75,4830,8.798027
75,4845,8.698285
75,4860,8.5942335
75,4875,8.486427
75,4890,8.375379
75,4905,8.261557
75,4920,8.145397
75,4935,8.027293
75,4950,7.907607
75,4965,7.7866735
75,4980,7.6647844
75,4995,7.542229
75,5010,7.419245
75,5025,7.296088
75,5040,7.1729565
75,5055,7.0629606
75,5070,6.9960623
75,5085,6.970889
75,5100,6.982162
75,5115,7.025964
75,5130,7.099114
75,5145,7.198773
75,5160,7.322411
75,5175,7.467693
75,5190,7.632439
75,5205,7.814632
75,5220,8.0124035
75,5235,8.224032
75,5250,8.447913
75,5265,8.666053
75,5280,8.850013
75,5295,9.001633
75,5310,9.125032
75,5325,9.223101
75,5340,9.298118
75,5355,9.352067
75,5370,9.386767
75,5385,9.403894
75,5400,9.4050045
75,5415,9.391528
75,5430,9.364811
75,5445,9.326093
75,5460,9.276524
75,5475,9.217169
75,5490,9.149015
75,5505,9.072965
75,5520,8.989858
75,5535,8.900469
75,5550,8.80551
75,5565,8.705636
75,5580,8.601457
75,5595,8.493525
75,5610,8.382352
75,5625,8.268408
75,5640,8.152129
75,5655,8.033908
75,5670,7.914107
75,5685,7.7930603
75,5700,7.67106
75,5715,7.548396
75,5730,7.4253044
75,5745,7.302043
75,5760,7.178808
75,5775,7.068711
75,5790,7.0017133
75,5805,6.9764423
75,5820,6.9876194
75,5835,7.0313272
75,5850,7.104385
75,5865,7.203952
75,5880,7.3275023
75,5895,7.472709
75,5910,7.6373715
75,5925,7.819475
75,5940,8.017159
75,5955,8.228703
75,5970,8.452509
75,5985,8.670575
75,6000,8.854461
75,6015,9.006004
75,6030,9.129331
75,6045,9.2273245
75,6060,9.302271
75,6075,9.356149
75,6090,9.3907795
75,6105,9.407839
75,6120,9.408881
75,6135,9.39534
75,6150,9.368558
75,6165,9.329776
75,6180,9.280145
75,6195,9.220729
75,6210,9.152514
75,6225,9.076406
75,6240,8.993241
75,6255,8.903795
75,6270,8.80878
75,6285,8.708852
75,6300,8.604618
75,6315,8.496633
75,6330,8.385407
75,6345,8.271414
75,6360,8.155084
75,6375,8.036814
75,6390,7.916964
75,6405,7.79587
75,6420,7.673823
75,6435,7.5511127
75,6450,7.427976
75,6465,7.3046703
75,6480,7.1813917
75,6495,7.0583186
75,6510,6.935618
75,6525,6.8134584
75,6540,6.691969
75,6555,6.57128
75,6570,6.4515104
75,6585,6.3327665
75,6600,6.215136
75,6615,6.098709
75,6630,5.9835534
75,6645,5.869734
75,6660,5.757304
75,6675,5.646312
75,6690,5.536796
75,6705,5.428792
75,6720,5.3223286
75,6735,5.21743
75,6750,5.1141167
75,6765,5.012406
75,6780,4.9123077
75,6795,4.813832
75,6810,4.7169833
75,6825,4.621763
75,6840,4.5281706
75,6855,4.436202
75,6870,4.345851
75,6885,4.25711
75,6900,4.169969
75,6915,4.084418
75,6930,4.000443
75,6945,3.9180305
75,6960,3.8371663
75,6975,3.7578335
75,6990,3.6800153
75,7005,3.6036942
75,7020,3.528851
75,7035,3.455467
75,7050,3.383522
75,7065,3.312996
75,7080,3.243868
75,7095,3.1761174
75,7110,3.109723
75,7125,3.0446641
75,7140,2.9809182
75,7155,2.918464
75,7170,2.8572803
75,7185,2.797346
75,7200,2.738639
76,0,0
76,3,0.00018714376
76,6,0.0013519382
76,9,0.0040705507
76,12,0.008625528
76,15,0.015117369
76,18,0.023549039
76,21,0.0338772
76,24,0.046040747
76,27,0.059974596
76,30,0.07561592
76,33,0.09290677
76,36,0.11179455
76,39,0.13223179
76,42,0.15417546
76,45,0.17758626
76,48,0.20242777
76,51,0.22866587
76,54,0.25626832
76,57,0.2852044
76,60,0.3154447
76,63,0.34696075
76,66,0.37972522
76,69,0.41371113
76,72,0.44889277
76,75,0.48524448
76,78,0.52274144
76,81,0.5613589
76,84,0.6010729
76,87,0.6418595
76,90,0.6836953
76,93,0.7265574
76,96,0.7704232
76,99,0.81527025
76,102,0.8610769
76,105,0.90782154
76,108,0.9554826
76,111,1.0040392
76,114,1.0534708
76,117,1.1037576
76,120,1.1548797
76,135,1.4223343
76,150,1.7078418
76,165,2.0092356
76,180,2.3245182
76,195,2.6518528
76,210,2.989526
76,225,3.316881
76,240,3.6056721
76,255,3.8597846
76,270,4.0833554
76,285,4.279128
76,300,4.449375
76,315,4.59613
76,330,4.7212863
76,345,4.826618
76,360,4.9137754
76,375,4.9842916
76,390,5.03959
76,405,5.0809927
76,420,5.109726
76,435,5.126924
76,450,5.1336417
76,465,5.130845
76,480,5.1194353
76,495,5.100235
76,510,5.0740075
76,525,5.041461
76,540,5.00324
76,555,4.9599495
76,570,4.912137
76,585,4.8603134
76,600,4.8049455
76,615,4.746462
76,630,4.685261
76,645,4.621701
76,660,4.556124
76,675,4.488828
76,690,4.420089
76,705,4.3501782
76,720,4.2793093
76,735,4.222788
76,750,4.2111254
76,765,4.2405677
76,780,4.305711
76,795,4.402758
76,810,4.528542
76,825,4.680217
76,840,4.8551517
76,855,5.050903
76,870,5.2652097
76,885,5.495987
76,900,5.741309
76,915,5.999403
76,930,6.268606
76,945,6.5283213
76,960,6.7503047
76,975,6.938503
76,990,7.0970845
76,1005,7.228839
76,1020,7.335969
76,1035,7.42062
76,1050,7.4846807
76,1065,7.5299125
76,1080,7.557969
76,1095,7.570407
76,1110,7.5686603
76,1125,7.554046
76,1140,7.527787
76,1155,7.4910183
76,1170,7.4447885
76,1185,7.3900642
76,1200,7.3277364
76,1215,7.258624
76,1230,7.183478
76,1245,7.1030006
76,1260,7.0178227
76,1275,6.9285393
76,1290,6.835688
76,1305,6.7397666
76,1320,6.641232
76,1335,6.540497
76,1350,6.4379473
76,1365,6.3339276
76,1380,6.2287593
76,1395,6.122732
76,1410,6.0161104
76,1425,5.909142
76,1440,5.802042
76,1455,5.710108
76,1470,5.663827
76,1485,5.659429
76,1500,5.6914988
76,1515,5.7562256
76,1530,5.850428
76,1545,5.971243
76,1560,6.11603
76,1575,6.282332
76,1590,6.467872
76,1605,6.6705494
76,1620,6.8884254
76,1635,7.119714
76,1650,7.362741
76,1665,7.596895
76,1680,7.7939124
76,1695,7.9577303
76,1710,8.092503
76,1725,8.201008
76,1740,8.285431
76,1755,8.3478985
76,1770,8.390309
76,1785,8.414382
76,1800,8.421781
76,1815,8.414056
76,1830,8.392612
76,1845,8.358761
76,1860,8.31372
76,1875,8.258613
76,1890,8.19448
76,1905,8.122271
76,1920,8.042867
76,1935,7.9570727
76,1950,7.8656363
76,1965,7.769243
76,1980,7.668527
76,1995,7.5640693
76,2010,7.4564056
76,2025,7.3460226
76,2040,7.233368
76,2055,7.1188483
76,2070,7.002836
76,2085,6.8856735
76,2100,6.76767
76,2115,6.649111
76,2130,6.530254
76,2145,6.411334
76,2160,6.2925625
76,2175,6.18925
76,2190,6.1318536
76,2205,6.1166005
76,2220,6.1380777
76,2235,6.1924653
76,2250,6.2765784
76,2265,6.3875384
76,2280,6.5227003
76,2295,6.6796093
76,2310,6.8559856
76,2325,7.0497193
76,2340,7.2588654
76,2355,7.4816265
76,2370,7.716329
76,2385,7.942363
76,2400,8.131451
76,2415,8.287527
76,2430,8.414742
76,2445,8.515868
76,2460,8.593089
76,2475,8.64852
76,2490,8.684062
76,2505,8.70143
76,2520,8.702279
76,2535,8.688158
76,2550,8.66047
76,2565,8.62052
76,2580,8.569522
76,2595,8.508599
76,2610,8.4387865
76,2625,8.361031
76,2640,8.276213
76,2655,8.185131
76,2670,8.08853
76,2685,7.987091
76,2700,7.8814454
76,2715,7.7721677
76,2730,7.6597877
76,2745,7.5448017
76,2760,7.4276376
76,2775,7.308714
76,2790,7.188411
76,2805,7.067051
76,2820,6.9449553
76,2835,6.8224053
76,2850,6.6996503
76,2865,6.5769258
76,2880,6.4544396
76,2895,6.3475013
76,2910,6.2865653
76,2925,6.2678523
76,2940,6.285951
76,2955,6.3370395
76,2970,6.4179306
76,2985,6.525743
76,3000,6.6578298
76,3015,6.8117356
76,3030,6.9851794
76,3045,7.1760488
76,3060,7.3823977
76,3075,7.6024284
76,3090,7.834461
76,3105,8.057889
76,3120,8.244431
76,3135,8.398021
76,3150,8.522805
76,3165,8.621558
76,3180,8.696461
76,3195,8.749625
76,3210,8.782953
76,3225,8.798159
76,3240,8.796893
76,3255,8.780706
76,3270,8.751
76,3285,8.709077
76,3300,8.656153
76,3315,8.593346
76,3330,8.521691
76,3345,8.442137
76,3360,8.355561
76,3375,8.262761
76,3390,8.16448
76,3405,8.0614
76,3420,7.9541497
76,3435,7.843304
76,3450,7.72939
76,3465,7.6129036
76,3480,7.494276
76,3495,7.373919
76,3510,7.252216
76,3525,7.1294866
76,3540,7.0060515
76,3555,6.8821936
76,3570,6.758159
76,3585,6.6341844
76,3600,6.5104766
76,3615,6.402344
76,3630,6.340241
76,3645,6.3203864
76,3660,6.3373694
76,3675,6.3873672
76,3690,6.4671926
76,3705,6.573963
76,3720,6.705032
76,3735,6.857942
76,3750,7.030412
76,3765,7.2203307
76,3780,7.42575
76,3795,7.6448727
76,3810,7.876016
76,3825,8.098576
76,3840,8.284268
76,3855,8.437028
76,3870,8.561001
76,3885,8.65896
76,3900,8.733087
76,3915,8.785492
76,3930,8.818077
76,3945,8.832558
76,3960,8.830582
76,3975,8.813701
76,3990,8.783315
76,4005,8.740727
76,4020,8.687153
76,4035,8.62371
76,4050,8.551434
76,4065,8.471271
76,4080,8.384099
76,4095,8.290717
76,4110,8.191867
76,4125,8.088229
76,4140,7.980433
76,4155,7.869054
76,4170,7.7546177
76,4185,7.63762
76,4200,7.518492
76,4215,7.3976455
76,4230,7.2754636
76,4245,7.1522655
76,4260,7.0283713
76,4275,6.904065
76,4290,6.779591
76,4305,6.655186
76,4320,6.531058
76,4335,6.4225135
76,4350,6.360008
76,4365,6.3397584
76,4380,6.356356
76,4395,6.4059763
76,4410,6.485432
76,4425,6.591841
76,4440,6.722556
76,4455,6.8751197
76,4470,7.047251
76,4485,7.2368383
76,4500,7.4419327
76,4515,7.6607385
76,4530,7.891571
76,4545,8.113827
76,4560,8.299221
76,4575,8.45169
76,4590,8.575377
76,4605,8.673057
76,4620,8.74691
76,4635,8.799047
76,4650,8.831371
76,4665,8.845594
76,4680,8.843368
76,4695,8.826241
76,4710,8.795613
76,4725,8.7527895
76,4740,8.698984
76,4755,8.635315
76,4770,8.562817
76,4785,8.482436
76,4800,8.395052
76,4815,8.301461
76,4830,8.202407
76,4845,8.098569
76,4860,7.9905767
76,4875,7.8790054
76,4890,7.764381
76,4905,7.647199
76,4920,7.5278907
76,4935,7.406867
76,4950,7.284512
76,4965,7.1611433
76,4980,7.037083
76,4995,6.9126134
76,5010,6.787979
76,5025,6.663418
76,5040,6.539136
76,5055,6.430441
76,5070,6.367788
76,5085,6.347394
76,5100,6.36385
76,5115,6.413331
76,5130,6.4926515
76,5145,6.5989275
76,5160,6.7295117
76,5175,6.881947
76,5190,7.053953
76,5205,7.2434177
76,5220,7.448392
76,5235,7.6670794
76,5250,7.897796
76,5265,8.119939
76,5280,8.3052225
76,5295,8.4575815
76,5310,8.581163
76,5325,8.678738
76,5340,8.752489
76,5355,8.804525
76,5370,8.83675
76,5385,8.850878
76,5400,8.848556
76,5415,8.831335
76,5430,8.800617
76,5445,8.757705
76,5460,8.703811
76,5475,8.640056
76,5490,8.567473
76,5505,8.48701
76,5520,8.399545
76,5535,8.305874
76,5550,8.206742
76,5565,8.102827
76,5580,7.99476
76,5595,7.883115
76,5610,7.768418
76,5625,7.651165
76,5640,7.531787
76,5655,7.410695
76,5670,7.288273
76,5685,7.1648383
76,5700,7.0407133
76,5715,6.91618
76,5730,6.7914844
76,5745,6.6668615
76,5760,6.5425196
76,5775,6.433766
76,5790,6.371055
76,5805,6.350605
76,5820,6.3670053
76,5835,6.416432
76,5850,6.4956985
76,5865,6.601922
76,5880,6.732455
76,5895,6.88484
76,5910,7.0567966
76,5925,7.246212
76,5940,7.4511385
76,5955,7.6697793
76,5970,7.90045
76,5985,8.122547
76,6000,8.307787
76,6015,8.460103
76,6030,8.583642
76,6045,8.681174
76,6060,8.754885
76,6075,8.806881
76,6090,8.839066
76,6105,8.853154
76,6120,8.850794
76,6135,8.833536
76,6150,8.802781
76,6165,8.759832
76,6180,8.705903
76,6195,8.642113
76,6210,8.569496
76,6225,8.488999
76,6240,8.401501
76,6255,8.307797
76,6270,8.208633
76,6285,8.104688
76,6300,7.9965897
76,6315,7.8849144
76,6330,7.770188
76,6345,7.6529055
76,6360,7.533499
76,6375,7.412379
76,6390,7.2899284
76,6405,7.166467
76,6420,7.042315
76,6435,6.9177556
76,6450,6.793034
76,6465,6.668386
76,6480,6.544019
76,6495,6.4201202
76,6510,6.2968607
76,6525,6.174391
76,6540,6.05285
76,6555,5.932361
76,6570,5.813031
76,6585,5.69496
76,6600,5.5782356
76,6615,5.4629292
76,6630,5.349111
76,6645,5.2368374
76,6660,5.1261563
76,6675,5.0171113
76,6690,4.909735
76,6705,4.804058
76,6720,4.700103
76,6735,4.597887
76,6750,4.4974236
76,6765,4.3987226
76,6780,4.301788
76,6795,4.206622
76,6810,4.113223
76,6825,4.021586
76,6840,3.9317048
76,6855,3.8435686
76,6870,3.7571664
76,6885,3.6724842
76,6900,3.5895066
76,6915,3.5082166
76,6930,3.4285963
76,6945,3.3506258
76,6960,3.2742848
76,6975,3.199552
76,6990,3.126405
76,7005,3.0548215
76,7020,2.9847772
76,7035,2.916249
76,7050,2.8492124
76,7065,2.7836425
76,7080,2.7195148
76,7095,2.6568043
76,7110,2.5954854
76,7125,2.5355334
76,7140,2.476923
76,7155,2.4196286
76,7170,2.3636258
76,7185,2.308889
76,7200,2.2553937
77,0,0
77,3,0.0001561925
77,6,0.0011808936
77,9,0.003641488
77,12,0.007832023
77,15,0.013864248
77,18,0.021748083
77,21,0.031443633
77,24,0.042891137
77,27,0.05602585
77,30,0.0707851
77,33,0.08711122
77,36,0.10495221
77,39,0.124261536
77,42,0.14499742
77,45,0.16712204
77,48,0.19060068
77,51,0.2154011
77,54,0.24149303
77,57,0.26884785
77,60,0.2974383
77,63,0.32723808
77,66,0.35822213
77,69,0.39036575
77,72,0.42364556
77,75,0.45803806
77,78,0.49352077
77,81,0.5300712
77,84,0.5676674
77,87,0.6062879
77,90,0.6459113
77,93,0.6865169
77,96,0.7280842
77,99,0.770593
77,102,0.8140236
77,105,0.8583564
77,108,0.90357167
77,111,0.94965076
77,114,0.99657524
77,117,1.044327
77,120,1.0928885
77,135,1.3472087
77,150,1.6191905
77,165,1.9068601
77,180,2.208392
77,195,2.5221024
77,210,2.8464196
77,225,3.1623008
77,240,3.4424057
77,255,3.6904585
77,270,3.910506
77,285,4.105127
77,300,4.276355
77,315,4.4260144
77,330,4.5557785
77,345,4.6672115
77,360,4.7617793
77,375,4.84085
77,390,4.9056897
77,405,4.957479
77,420,4.997312
77,435,5.0262094
77,450,5.045108
77,465,5.054883
77,480,5.0563455
77,495,5.0502405
77,510,5.037262
77,525,5.0180526
77,540,4.993202
77,555,4.9632587
77,570,4.9287295
77,585,4.89008
77,600,4.847745
77,615,4.8021135
77,630,4.7535653
77,645,4.702425
77,660,4.648999
77,675,4.5935826
77,690,4.5364265
77,705,4.4777775
77,720,4.4178576
77,735,4.370721
77,750,4.36581
77,765,4.399599
77,780,4.466822
77,795,4.563963
77,810,4.6881084
77,825,4.836689
77,840,5.0073304
77,855,5.1978426
77,870,5.406175
77,885,5.6304326
77,900,5.8688693
77,915,6.1198683
77,930,6.381919
77,945,6.6360373
77,960,6.8549094
77,975,7.0423107
77,990,7.202317
77,1005,7.3375463
77,1020,7.450052
77,1035,7.5416865
77,1050,7.6141505
77,1065,7.669023
77,1080,7.707782
77,1095,7.7318063
77,1110,7.7423787
77,1125,7.7406874
77,1140,7.7278333
77,1155,7.70484
77,1170,7.672653
77,1185,7.6321526
77,1200,7.58414
77,1215,7.5293703
77,1230,7.468527
77,1245,7.402252
77,1260,7.331133
77,1275,7.255711
77,1290,7.1764913
77,1305,7.0939293
77,1320,7.008454
77,1335,6.9204545
77,1350,6.830298
77,1365,6.7383027
77,1380,6.644775
77,1395,6.5500045
77,1410,6.4542217
77,1425,6.3576574
77,1440,6.260543
77,1455,6.17689
77,1470,6.136134
77,1485,6.1347585
77,1500,6.167516
77,1515,6.230837
77,1530,6.3218393
77,1545,6.43791
77,1560,6.5766687
77,1575,6.735921
77,1590,6.9136176
77,1605,7.1078534
77,1620,7.3168635
77,1635,7.5390205
77,1650,7.772804
77,1665,7.9992185
77,1680,8.190938
77,1695,8.351727
77,1710,8.485652
77,1725,8.595321
77,1740,8.682775
77,1755,8.749855
77,1770,8.798255
77,1785,8.829546
77,1800,8.845196
77,1815,8.846572
77,1830,8.834946
77,1845,8.811501
77,1860,8.777328
77,1875,8.733439
77,1890,8.680779
77,1905,8.620211
77,1920,8.552539
77,1935,8.4784975
77,1950,8.398773
77,1965,8.313994
77,1980,8.22474
77,1995,8.131551
77,2010,8.034913
77,2025,7.9352875
77,2040,7.833086
77,2055,7.7286963
77,2070,7.622469
77,2085,7.514735
77,2100,7.4057817
77,2115,7.295879
77,2130,7.185289
77,2145,7.0742188
77,2160,6.9628706
77,2175,6.865286
77,2190,6.8108783
77,2205,6.7961297
77,2220,6.815783
77,2235,6.8662653
77,2250,6.9446774
77,2265,7.0484233
77,2280,7.1751237
77,2295,7.3225603
77,2310,7.4886746
77,2325,7.671558
77,2340,7.869447
77,2355,8.080712
77,2370,8.303826
77,2385,8.519815
77,2400,8.701271
77,2415,8.852016
77,2430,8.976127
77,2445,9.076169
77,2460,9.154186
77,2475,9.212022
77,2490,9.251361
77,2505,9.273772
77,2520,9.280721
77,2535,9.273573
77,2550,9.253596
77,2565,9.221968
77,2580,9.179777
77,2595,9.12803
77,2610,9.067661
77,2625,8.999538
77,2640,8.924457
77,2655,8.843155
77,2670,8.756314
77,2685,8.664561
77,2700,8.568475
77,2715,8.468594
77,2730,8.365399
77,2745,8.259351
77,2760,8.150858
77,2775,8.040296
77,2790,7.928019
77,2805,7.81434
77,2820,7.699557
77,2835,7.5839376
77,2850,7.4677286
77,2865,7.351155
77,2880,7.234424
77,2895,7.131585
77,2910,7.0720267
77,2925,7.0522313
77,2940,7.0669374
77,2955,7.112571
77,2970,7.1862307
77,2985,7.2853203
77,3000,7.407456
77,3015,7.5504203
77,3030,7.7121506
77,3045,7.890738
77,3060,8.084418
77,3075,8.291557
77,3090,8.510629
77,3105,8.722655
77,3120,8.900228
77,3135,9.047166
77,3150,9.167546
77,3165,9.263931
77,3180,9.338365
77,3195,9.392686
77,3210,9.42858
77,3225,9.447614
77,3240,9.451252
77,3255,9.440858
77,3270,9.4177
77,3285,9.382952
77,3300,9.337702
77,3315,9.282956
77,3330,9.219648
77,3345,9.148643
77,3360,9.070734
77,3375,8.98666
77,3390,8.897102
77,3405,8.802685
77,3420,8.703984
77,3435,8.60154
77,3450,8.495835
77,3465,8.3873205
77,3480,8.276413
77,3495,8.163481
77,3510,8.048882
77,3525,7.932926
77,3540,7.815909
77,3555,7.6980996
77,3570,7.579743
77,3585,7.461062
77,3600,7.342265
77,3615,7.2374
77,3630,7.1758547
77,3645,7.1541114
77,3660,7.166907
77,3675,7.2106676
77,3690,7.282491
77,3705,7.3797803
77,3720,7.500151
77,3735,7.641384
77,3750,7.801418
77,3765,7.9783416
77,3780,8.17039
77,3795,8.375931
77,3810,8.593433
77,3825,8.803924
77,3840,8.979988
77,3855,9.125448
77,3870,9.244379
77,3885,9.339343
77,3900,9.412381
77,3915,9.465335
77,3930,9.499888
77,3945,9.517607
77,3960,9.519955
77,3975,9.508296
77,3990,9.483896
77,4005,9.447929
77,4020,9.401485
77,4035,9.345569
77,4050,9.281111
77,4065,9.208978
77,4080,9.129963
77,4095,9.044805
77,4110,8.954182
77,4125,8.858719
77,4140,8.758995
77,4155,8.655543
77,4170,8.548853
77,4185,8.439369
77,4200,8.327513
77,4215,8.213649
77,4230,8.098136
77,4245,7.981284
77,4260,7.863387
77,4275,7.744714
77,4290,7.62551
77,4305,7.5059977
77,4320,7.3863854
77,4335,7.2807198
77,4350,7.218389
77,4365,7.195875
77,4380,7.207915
77,4395,7.250934
77,4410,7.32203
77,4425,7.4186053
77,4440,7.538276
77,4455,7.6788225
77,4470,7.838182
77,4485,8.014444
77,4500,8.205845
77,4515,8.410749
77,4530,8.627628
77,4545,8.837505
77,4560,9.012969
77,4575,9.15784
77,4590,9.276192
77,4605,9.370588
77,4620,9.44307
77,4635,9.495478
77,4650,9.529494
77,4665,9.546686
77,4680,9.548517
77,4695,9.536351
77,4710,9.511454
77,4725,9.474999
77,4740,9.428076
77,4755,9.371688
77,4770,9.306768
77,4785,9.234181
77,4800,9.154721
77,4815,9.069126
77,4830,8.978074
77,4845,8.882191
77,4860,8.782053
77,4875,8.678196
77,4890,8.571106
77,4905,8.461231
77,4920,8.34899
77,4935,8.234749
77,4950,8.118866
77,4965,8.001651
77,4980,7.883397
77,4995,7.764374
77,5010,7.6448264
77,5025,7.5249763
77,5040,7.4050317
77,5055,7.299041
77,5070,7.23639
77,5085,7.2135625
77,5100,7.225294
77,5115,7.2680106
77,5130,7.3388095
77,5145,7.4350934
77,5160,7.5544777
77,5175,7.694743
77,5190,7.853827
77,5205,8.0298195
77,5220,8.220954
77,5235,8.425596
77,5250,8.64222
77,5265,8.851846
77,5280,9.027062
77,5295,9.171691
77,5310,9.289805
77,5325,9.383968
77,5340,9.456221
77,5355,9.508403
77,5370,9.542198
77,5385,9.559173
77,5400,9.56079
77,5415,9.548414
77,5430,9.523312
77,5445,9.486654
77,5460,9.439532
77,5475,9.382949
77,5490,9.317839
77,5505,9.245063
77,5520,9.165419
77,5535,9.079641
77,5550,8.988411
77,5565,8.892352
77,5580,8.792042
77,5595,8.688016
77,5610,8.58076
77,5625,8.470722
77,5640,8.35832
77,5655,8.243921
77,5670,8.127884
77,5685,8.010517
77,5700,7.8921137
77,5715,7.7729435
77,5730,7.6532516
77,5745,7.5332594
77,5760,7.413176
77,5775,7.307048
77,5790,7.244263
77,5805,7.2213035
77,5820,7.232905
77,5835,7.275494
77,5850,7.346168
77,5865,7.442329
77,5880,7.5615926
77,5895,7.701739
77,5910,7.8607063
77,5925,8.036584
77,5940,8.227606
77,5955,8.432138
77,5970,8.648653
77,5985,8.858172
77,6000,9.033284
77,6015,9.17781
77,6030,9.295823
77,6045,9.389886
77,6060,9.462041
77,6075,9.514127
77,6090,9.547829
77,6105,9.564711
77,6120,9.5662365
77,6135,9.553771
77,6150,9.52858
77,6165,9.491837
77,6180,9.44463
77,6195,9.387963
77,6210,9.32277
77,6225,9.249914
77,6240,9.17019
77,6255,9.084334
77,6270,8.993028
77,6285,8.8968935
77,6300,8.79651
77,6315,8.69241
77,6330,8.585083
77,6345,8.474975
77,6360,8.362504
77,6375,8.248037
77,6390,8.131932
77,6405,8.0145
77,6420,7.8960314
77,6435,7.776798
77,6450,7.6570435
77,6465,7.53699
77,6480,7.416846
77,6495,7.296793
77,6510,7.1770015
77,6525,7.0576243
77,6540,6.9387975
77,6555,6.820646
77,6570,6.7032814
77,6585,6.5868053
77,6600,6.4713054
77,6615,6.3568625
77,6630,6.243551
77,6645,6.1314383
77,6660,6.020569
77,6675,5.910997
77,6690,5.8027716
77,6705,5.6959367
77,6720,5.590517
77,6735,5.4865413
77,6750,5.384032
77,6765,5.283006
77,6780,5.1834764
77,6795,5.08545
77,6810,4.988937
77,6825,4.8939395
77,6840,4.8004594
77,6855,4.7084966
77,6870,4.61805
77,6885,4.5291142
77,6900,4.4416833
77,6915,4.355751
77,6930,4.271306
77,6945,4.1883388
77,6960,4.106836
77,6975,4.026785
77,6990,3.9481704
77,7005,3.8709779
77,7020,3.7951913
77,7035,3.7207942
77,7050,3.6477697
77,7065,3.5761
77,7080,3.5057685
77,7095,3.436756
77,7110,3.369044
77,7125,3.3026147
77,7140,3.2374485
77,7155,3.1735265
77,7170,3.110829
77,7185,3.0493374
77,7200,2.9890318
78,0,0
78,3,0.00014580296
78,6,0.0011249842
78,9,0.003482627
78,12,0.007509261
78,15,0.0133289695
78,18,0.020968564
78,21,0.030403608
78,24,0.041586187
78,27,0.054459855
78,30,0.068967156
78,33,0.08505324
78,36,0.10266711
78,39,0.12176199
78,42,0.14229497
78,45,0.16422646
78,48,0.18751965
78,51,0.21213998
78,54,0.23805468
78,57,0.2652325
78,60,0.29364347
78,63,0.3232586
78,66,0.35405013
78,69,0.38599056
78,72,0.41905385
78,75,0.45321384
78,78,0.48844543
78,81,0.5247236
78,84,0.5620239
78,87,0.60032237
78,90,0.6395952
78,93,0.67981946
78,96,0.7209722
78,99,0.76303107
78,102,0.80597407
78,105,0.8497795
78,108,0.89442563
78,111,0.9398917
78,114,0.98615724
78,117,1.0332023
78,120,1.081007
78,135,1.3307376
78,150,1.5966331
78,165,1.8765411
78,180,2.1684852
78,195,2.4706552
78,210,2.7813776
78,225,3.0821927
78,240,3.345635
78,255,3.5745354
78,270,3.7730086
78,285,3.9439101
78,300,4.089614
78,315,4.21224
78,330,4.3137574
78,345,4.396001
78,360,4.460675
78,375,4.5093584
78,390,4.5435157
78,405,4.5645027
78,420,4.5735736
78,435,4.5718884
78,450,4.5605145
78,465,4.54044
78,480,4.5125637
78,495,4.477725
78,510,4.4366837
78,525,4.390146
78,540,4.338761
78,555,4.283118
78,570,4.2237644
78,585,4.1611958
78,600,4.095868
78,615,4.028199
78,630,3.9585664
78,645,3.8873255
78,660,3.8147845
78,675,3.7412283
78,690,3.666932
78,705,3.5921109
78,720,3.51698
78,735,3.4550364
78,750,3.4354982
78,765,3.4558017
78,780,3.5106397
78,795,3.596139
78,810,3.7090652
78,825,3.8465178
78,840,4.005823
78,855,4.184517
78,870,4.3803263
78,885,4.59116
78,900,4.815092
78,915,5.0503535
78,930,5.2953053
78,945,5.531534
78,960,5.7315617
78,975,5.898255
78,990,6.035746
78,1005,6.146896
78,1020,6.2340665
78,1035,6.299401
78,1050,6.3448653
78,1065,6.3722887
78,1080,6.3833594
78,1095,6.3796554
78,1110,6.362636
78,1125,6.3336487
78,1140,6.2939334
78,1155,6.2446322
78,1170,6.186798
78,1185,6.1214004
78,1200,6.04933
78,1215,5.9714046
78,1230,5.8883715
78,1245,5.80092
78,1260,5.709679
78,1275,5.615221
78,1290,5.51807
78,1305,5.4187007
78,1320,5.3175483
78,1335,5.2150064
78,1350,5.1114364
78,1365,5.007164
78,1380,4.9024844
78,1395,4.7976665
78,1410,4.692949
78,1425,4.588551
78,1440,4.4846644
78,1455,4.3947854
78,1470,4.3480864
78,1485,4.3419776
78,1500,4.371162
78,1515,4.4317355
78,1530,4.52046
78,1545,4.634384
78,1560,4.7708187
78,1575,4.927306
78,1590,5.1015587
78,1605,5.2914534
78,1620,5.4950476
78,1635,5.710564
78,1650,5.936353
78,1665,6.153976
78,1680,6.3359303
78,1695,6.485075
78,1710,6.6055264
78,1725,6.7001524
78,1740,6.7712398
78,1755,6.820976
78,1770,6.851305
78,1785,6.8640203
78,1800,6.860807
78,1815,6.84324
78,1830,6.8127656
78,1845,6.770714
78,1860,6.7183127
78,1875,6.6566973
78,1890,6.586912
78,1905,6.5099173
78,1920,6.426589
78,1935,6.337737
78,1950,6.2440953
78,1965,6.146341
78,1980,6.0450954
78,1995,5.940921
78,2010,5.8343344
78,2025,5.725808
78,2040,5.615766
78,2055,5.5045986
78,2070,5.3926573
78,2085,5.2802596
78,2100,5.167696
78,2115,5.055227
78,2130,4.94309
78,2145,4.831486
78,2160,4.7206182
78,2175,4.623948
78,2190,4.570657
78,2205,4.5581517
78,2220,4.581128
78,2235,4.635677
78,2250,4.7185507
78,2265,4.8267984
78,2280,4.9577312
78,2295,5.1088796
78,2310,5.277947
78,2325,5.462813
78,2340,5.6615314
78,2355,5.8723173
78,2370,6.0935106
78,2385,6.306667
78,2400,6.484291
78,2415,6.6292343
78,2430,6.7456083
78,2445,6.8362775
78,2460,6.903524
78,2475,6.9495306
78,2490,6.97624
78,2505,6.9854417
78,2520,6.9788175
78,2535,6.957938
78,2550,6.924249
78,2565,6.8790755
78,2580,6.8236437
78,2595,6.759085
78,2610,6.686443
78,2625,6.6066732
78,2640,6.5206513
78,2655,6.4291835
78,2670,6.333001
78,2685,6.23278
78,2700,6.1291394
78,2715,6.022639
78,2730,5.913794
78,2745,5.803074
78,2760,5.6909013
78,2775,5.577665
78,2790,5.4637165
78,2805,5.3493724
78,2820,5.2349167
78,2835,5.120612
78,2850,5.006682
78,2865,4.893341
78,2880,4.7807703
78,2895,4.682462
78,2910,4.62758
78,2925,4.6135297
78,2940,4.6350055
78,2955,4.6880965
78,2970,4.7695537
78,2985,4.876426
78,3000,5.006025
78,3015,5.155877
78,3030,5.323685
78,3045,5.507328
78,3060,5.704858
78,3075,5.9144897
78,3090,6.134562
78,3105,6.346629
78,3120,6.5231953
78,3135,6.667111
78,3150,6.7824864
78,3165,6.872185
78,3180,6.938489
78,3195,6.9835787
78,3210,7.009398
78,3225,7.017734
78,3240,7.0102687
78,3255,6.9885716
78,3270,6.9540873
78,3285,6.908141
78,3300,6.851958
78,3315,6.7866693
78,3330,6.7133164
78,3345,6.6328564
78,3360,6.546163
78,3375,6.4540424
78,3390,6.3572254
78,3405,6.2563868
78,3420,6.152146
78,3435,6.0450616
78,3450,5.935649
78,3465,5.824376
78,3480,5.7116666
78,3495,5.597908
78,3510,5.483451
78,3525,5.368613
78,3540,5.253676
78,3555,5.1389036
78,3570,5.024518
78,3585,4.9107347
78,3600,4.7977333
78,3615,4.6990056
78,3630,4.6437154
78,3645,4.629268
78,3660,4.6503577
78,3675,4.703073
78,3690,4.784165
78,3705,4.8906817
78,3720,5.0199347
78,3735,5.1694503
78,3750,5.3369308
78,3765,5.5202546
78,3780,5.7174745
78,3795,5.926804
78,3810,6.1465826
78,3825,6.358364
78,3840,6.5346518
78,3855,6.678296
78,3870,6.79341
78,3885,6.882829
78,3900,6.948902
78,3915,6.9937534
78,3930,7.0193295
78,3945,7.0274353
78,3960,7.0197525
78,3975,6.9978404
78,3990,6.9631433
78,4005,6.916991
78,4020,6.8606086
78,4035,6.795124
78,4050,6.7215776
78,4065,6.640928
78,4080,6.5540485
78,4095,6.461748
78,4110,6.364755
78,4125,6.263747
78,4140,6.159335
78,4155,6.052085
78,4170,5.9425087
78,4185,5.831077
78,4200,5.7182136
78,4215,5.6043053
78,4230,5.489702
78,4245,5.374719
78,4260,5.259642
78,4275,5.1447287
78,4290,5.0302095
78,4305,4.9162927
78,4320,4.8031664
78,4335,4.7043242
78,4350,4.6489224
78,4365,4.634366
78,4380,4.6553483
78,4395,4.7079597
78,4410,4.788949
78,4425,4.895366
78,4440,5.0245223
78,4455,5.173943
78,4470,5.3413305
78,4485,5.5245633
78,4500,5.721695
78,4515,5.930938
78,4530,6.1506314
78,4545,6.3623304
78,4560,6.5385375
78,4575,6.6821027
78,4590,6.797139
78,4605,6.886483
78,4620,6.952482
78,4635,6.9972615
78,4650,7.022767
78,4665,7.030804
78,4680,7.0230536
78,4695,7.001076
78,4710,6.9663143
78,4725,6.9200993
78,4740,6.863655
78,4755,6.7981105
78,4770,6.724505
78,4785,6.643798
78,4800,6.5568624
78,4815,6.4645066
78,4830,6.3674603
78,4845,6.266399
78,4860,6.161936
78,4875,6.054635
78,4890,5.945009
78,4905,5.8335295
78,4920,5.7206187
78,4935,5.6066647
78,4950,5.492016
78,4965,5.3769884
78,4980,5.2618685
78,4995,5.1469126
78,5010,5.032352
78,5025,4.918394
78,5040,4.805228
78,5055,4.7063475
78,5070,4.650907
78,5085,4.6363134
78,5100,4.65726
78,5115,4.709835
78,5130,4.7907896
78,5145,4.897173
78,5160,5.026295
78,5175,5.1756835
78,5190,5.343039
78,5205,5.5262403
78,5220,5.723341
78,5235,5.932554
78,5250,6.1522183
78,5265,6.3638883
78,5280,6.5400667
78,5295,6.6836047
78,5310,6.798614
78,5325,6.8879313
78,5340,6.9539046
78,5355,6.998658
78,5370,7.024139
78,5385,7.0321517
78,5400,7.0243773
78,5415,7.002376
78,5430,6.9675913
78,5445,6.921354
78,5460,6.864887
78,5475,6.799321
78,5490,6.7256947
78,5505,6.6449666
78,5520,6.5580106
78,5535,6.465635
78,5550,6.3685684
78,5565,6.267488
78,5580,6.163006
78,5595,6.0556865
78,5610,5.946043
78,5625,5.834545
78,5640,5.7216167
78,5655,5.6076455
78,5670,5.49298
78,5685,5.377936
78,5700,5.2627997
78,5715,5.147828
78,5730,5.033252
78,5745,4.9192786
78,5760,4.8060975
78,5775,4.707202
78,5790,4.651747
78,5805,4.6371393
78,5820,4.6580715
78,5835,4.7106333
78,5850,4.7915745
78,5865,4.8979445
78,5880,5.027054
78,5895,5.1764293
78,5910,5.3437724
78,5925,5.526962
78,5940,5.72405
78,5955,5.9332514
78,5970,6.152904
78,5985,6.3645625
78,6000,6.5407305
78,6015,6.6842575
78,6030,6.799256
78,6045,6.888563
78,6060,6.954526
78,6075,6.9992695
78,6090,7.02474
78,6105,7.032743
78,6120,7.0249586
78,6135,7.0029483
78,6150,6.968154
78,6165,6.9219074
78,6180,6.8654323
78,6195,6.7998567
78,6210,6.7262216
78,6225,6.645485
78,6240,6.558521
78,6255,6.466137
78,6270,6.3690624
78,6285,6.2679744
78,6300,6.163484
78,6315,6.056157
78,6330,5.946506
78,6345,5.8350005
78,6360,5.722065
78,6375,5.6080866
78,6390,5.493414
78,6405,5.378363
78,6420,5.26322
78,6435,5.1482415
78,6450,5.033659
78,6465,4.919679
78,6480,4.806492
78,6495,4.6942577
78,6510,4.5831275
78,6525,4.4732347
78,6540,4.3646874
78,6555,4.257591
78,6570,4.1520324
78,6585,4.0480843
78,6600,3.9458132
78,6615,3.8452716
78,6630,3.7465043
78,6645,3.649549
78,6660,3.5544329
78,6675,3.4611793
78,6690,3.369805
78,6705,3.2803185
78,6720,3.1927266
78,6735,3.10703
78,6750,3.023224
78,6765,2.9413025
78,6780,2.8612542
78,6795,2.7830653
78,6810,2.70672
78,6825,2.632199
78,6840,2.5594816
78,6855,2.4885452
78,6870,2.4193652
78,6885,2.3519166
78,6900,2.286172
78,6915,2.2221036
78,6930,2.159683
78,6945,2.0988803
78,6960,2.0396657
78,6975,1.9820092
78,6990,1.9258791
78,7005,1.8712449
78,7020,1.8180753
78,7035,1.7663388
78,7050,1.7160043
78,7065,1.6670405
78,7080,1.6194164
78,7095,1.573101
78,7110,1.5280638
78,7125,1.4842744
78,7140,1.4417027
78,7155,1.400319
78,7170,1.3600941
78,7185,1.320999
78,7200,1.2830054
79,0,0
79,3,0.00015616861
79,6,0.00119948
79,9,0.0037392483
79,12,0.008109235
79,15,0.014449215
79,18,0.022784416
79,21,0.033080176
79,24,0.045275148
79,27,0.05929915
79,30,0.07508205
79,33,0.09255802
79,36,0.11166686
79,39,0.13235436
79,42,0.15457161
79,45,0.17827426
79,48,0.20342171
79,51,0.22997646
79,54,0.25790346
79,57,0.28716975
79,60,0.317744
79,63,0.34959635
79,66,0.38269797
79,69,0.41702166
79,72,0.45254028
79,75,0.48922807
79,78,0.5270594
79,81,0.5660092
79,84,0.6060531
79,87,0.647167
79,90,0.6893275
79,93,0.73251146
79,96,0.7766963
79,99,0.8218598
79,102,0.86798
79,105,0.91503555
79,108,0.9630051
79,111,1.0118679
79,114,1.0616034
79,117,1.1121914
79,120,1.1636121
79,135,1.4325302
79,150,1.7194561
79,165,2.0222378
79,180,2.338892
79,195,2.667592
79,210,3.0066373
79,225,3.3360734
79,240,3.625976
79,255,3.8802204
79,270,4.103587
79,285,4.299139
79,300,4.469226
79,315,4.6159244
79,330,4.741125
79,345,4.846589
79,360,4.933954
79,375,5.00474
79,390,5.060362
79,405,5.1021295
79,420,5.1312604
79,435,5.1488843
79,450,5.1560435
79,465,5.1537004
79,480,5.1427507
79,495,5.1240106
79,510,5.098245
79,525,5.066154
79,540,5.0283847
79,555,4.9855366
79,570,4.9381566
79,585,4.886753
79,600,4.831792
79,615,4.7737
79,630,4.71288
79,645,4.6496863
79,660,4.5844493
79,675,4.517486
79,690,4.4490547
79,705,4.379415
79,720,4.308806
79,735,4.251859
79,750,4.2405634
79,765,4.2714224
79,780,4.338366
79,795,4.4372735
79,810,4.5648837
79,825,4.718281
79,840,4.8948274
79,855,5.092133
79,870,5.3079486
79,885,5.540184
79,900,5.7869267
79,915,6.046421
79,930,6.3170276
79,945,6.578838
79,960,6.8019443
79,975,6.990264
79,990,7.148607
79,1005,7.280068
79,1020,7.387012
79,1035,7.471532
79,1050,7.5355425
79,1065,7.5808105
79,1080,7.60898
79,1095,7.6215816
79,1110,7.620034
79,1125,7.6056533
79,1140,7.5796537
79,1155,7.5431585
79,1170,7.4972076
79,1185,7.4427633
79,1200,7.3807096
79,1215,7.311865
79,1230,7.236983
79,1245,7.1567626
79,1260,7.0718427
79,1275,6.9827976
79,1290,6.890197
79,1305,6.794504
79,1320,6.696166
79,1335,6.5956225
79,1350,6.4932227
79,1365,6.3893223
79,1380,6.284245
79,1395,6.1782784
79,1410,6.071686
79,1425,5.964717
79,1440,5.857598
79,1455,5.764977
79,1470,5.7187963
79,1485,5.7155533
79,1500,5.7491584
79,1515,5.815474
79,1530,5.9112134
79,1545,6.0334787
79,1560,6.179632
79,1575,6.34723
79,1590,6.534009
79,1605,6.7378798
79,1620,6.956916
79,1635,7.189342
79,1650,7.4335003
79,1665,7.6694803
79,1680,7.867359
79,1695,8.031034
79,1710,8.165309
79,1725,8.273257
79,1740,8.357234
79,1755,8.41932
79,1770,8.461417
79,1785,8.485278
79,1800,8.492538
79,1815,8.484717
79,1830,8.463223
79,1845,8.429357
79,1860,8.384323
79,1875,8.329238
79,1890,8.265129
79,1905,8.192947
79,1920,8.113571
79,1935,8.027807
79,1950,7.936399
79,1965,7.840031
79,1980,7.739339
79,1995,7.634892
79,2010,7.5272307
79,2025,7.4168334
79,2040,7.3041387
79,2055,7.1895638
79,2070,7.0734673
79,2085,6.9561987
79,2100,6.8380666
79,2115,6.7193546
79,2130,6.6003237
79,2145,6.481211
79,2160,6.362227
79,2175,6.2580147
79,2190,6.2005134
79,2205,6.1862173
79,2220,6.2090282
79,2235,6.2648044
79,2250,6.350253
79,2265,6.4624705
79,2280,6.598813
79,2295,6.756832
79,2310,6.9342594
79,2325,7.128999
79,2340,7.339121
79,2355,7.5628433
79,2370,7.798503
79,2385,8.026187
79,2400,8.215964
79,2415,8.371729
79,2430,8.498278
79,2445,8.598681
79,2460,8.67529
79,2475,8.73018
79,2490,8.765249
79,2505,8.782247
79,2520,8.782803
79,2535,8.768434
79,2550,8.740542
79,2565,8.700427
79,2580,8.649292
79,2595,8.588245
79,2610,8.518313
79,2625,8.440443
79,2640,8.355511
79,2655,8.2643175
79,2670,8.167606
79,2685,8.066057
79,2700,7.9603014
79,2715,7.850912
79,2730,7.7384143
79,2745,7.6232996
79,2760,7.505993
79,2775,7.3869147
79,2790,7.2664223
79,2805,7.1448536
79,2820,7.022522
79,2835,6.8997073
79,2850,6.776665
79,2865,6.6536345
79,2880,6.530821
79,2895,6.4228683
79,2910,6.3617125
79,2925,6.343846
79,2940,6.363169
79,2955,6.415538
79,2970,6.4976587
79,2985,6.6066246
79,3000,6.7397914
79,3015,6.894708
79,3030,7.069105
79,3045,7.2608843
79,3060,7.4681144
79,3075,7.6890116
79,3090,7.9219117
79,3105,8.1469
79,3120,8.3340435
79,3135,8.487235
79,3150,8.61127
79,3165,8.709216
79,3180,8.783424
79,3195,8.835968
79,3210,8.868744
79,3225,8.883501
79,3240,8.881866
79,3255,8.865356
79,3270,8.835373
79,3285,8.793213
79,3300,8.740079
79,3315,8.677078
79,3330,8.605236
79,3345,8.525499
79,3360,8.438742
79,3375,8.345764
79,3390,8.247308
79,3405,8.144054
79,3420,8.03663
79,3435,7.925611
79,3450,7.811518
79,3465,7.6948457
79,3480,7.5760155
79,3495,7.455448
79,3510,7.3335004
79,3525,7.2105083
79,3540,7.0867844
79,3555,6.9626093
79,3570,6.838236
79,3585,6.7139025
79,3600,6.5898166
79,3615,6.480619
79,3630,6.4182463
79,3645,6.3991895
79,3660,6.4173493
79,3675,6.4685807
79,3690,6.549589
79,3705,6.6574683
79,3720,6.789572
79,3735,6.9434495
79,3750,7.11683
79,3765,7.307616
79,3780,7.5138745
79,3795,7.7338223
79,3810,7.9657936
79,3825,8.189875
79,3840,8.376131
79,3855,8.528454
79,3870,8.65164
79,3885,8.748756
79,3900,8.822151
79,3915,8.8739
79,3930,8.9059
79,3945,8.919896
79,3960,8.917519
79,3975,8.90028
79,3990,8.869585
79,4005,8.826729
79,4020,8.772914
79,4035,8.709247
79,4050,8.636752
79,4065,8.556376
79,4080,8.468994
79,4095,8.375405
79,4110,8.276351
79,4125,8.172512
79,4140,8.064515
79,4155,7.9529347
79,4170,7.8382926
79,4185,7.721083
79,4200,7.6017284
79,4215,7.4806457
79,4230,7.358195
79,4245,7.2347097
79,4260,7.1105037
79,4275,6.9858565
79,4290,6.861021
79,4305,6.7362347
79,4320,6.611706
79,4335,6.5020747
79,4350,6.439277
79,4365,6.419805
79,4380,6.437558
79,4395,6.4883914
79,4410,6.5690103
79,4425,6.676508
79,4440,6.808238
79,4455,6.96175
79,4470,7.1347733
79,4485,7.3252096
79,4500,7.5311255
79,4515,7.750738
79,4530,7.9823813
79,4545,8.2061405
79,4560,8.392082
79,4575,8.544097
79,4590,8.666982
79,4605,8.763803
79,4620,8.836909
79,4635,8.888375
79,4650,8.920096
79,4665,8.933822
79,4680,8.931178
79,4695,8.91368
79,4710,8.882729
79,4725,8.8396225
79,4740,8.7855625
79,4755,8.721656
79,4770,8.648926
79,4785,8.56832
79,4800,8.480712
79,4815,8.386903
79,4830,8.287632
79,4845,8.18358
79,4860,8.075375
79,4875,7.963591
79,4890,7.848749
79,4905,7.7313437
79,4920,7.6117973
79,4935,7.4905267
79,4950,7.367892
79,4965,7.2442265
79,4980,7.119843
79,4995,6.9950223
79,5010,6.870017
79,5025,6.745064
79,5040,6.620372
79,5055,6.5105805
79,5070,6.447626
79,5085,6.428
79,5100,6.4456024
79,5115,6.496288
79,5130,6.576762
79,5145,6.684118
79,5160,6.815709
79,5175,6.9690847
79,5190,7.1419744
79,5205,7.3322797
79,5220,7.5380673
79,5235,7.757554
79,5250,7.989074
79,5265,8.212713
79,5280,8.398536
79,5295,8.550435
79,5310,8.673205
79,5325,8.769916
79,5340,8.842912
79,5355,8.894271
79,5370,8.925887
79,5385,8.939509
79,5400,8.936764
79,5415,8.919167
79,5430,8.888118
79,5445,8.844916
79,5460,8.790763
79,5475,8.726764
79,5490,8.653944
79,5505,8.57325
79,5520,8.485555
79,5535,8.39166
79,5550,8.292306
79,5565,8.188172
79,5580,8.079886
79,5595,7.9680233
79,5610,7.853104
79,5625,7.735623
79,5640,7.616002
79,5655,7.494658
79,5670,7.371951
79,5685,7.248215
79,5700,7.1237626
79,5715,6.998874
79,5730,6.873802
79,5745,6.7487836
79,5760,6.6240273
79,5775,6.514173
79,5790,6.451156
79,5805,6.43147
79,5820,6.4490123
79,5835,6.4996395
79,5850,6.580056
79,5865,6.6873555
79,5880,6.8188915
79,5895,6.9722133
79,5910,7.1450496
79,5925,7.3353024
79,5940,7.541039
79,5955,7.760475
79,5970,7.9919457
79,5985,8.215536
79,6000,8.401312
79,6015,8.553164
79,6030,8.675889
79,6045,8.772553
79,6060,8.845506
79,6075,8.896821
79,6090,8.928395
79,6105,8.941976
79,6120,8.939189
79,6135,8.921551
79,6150,8.890463
79,6165,8.847222
79,6180,8.793031
79,6195,8.728993
79,6210,8.6561365
79,6225,8.575407
79,6240,8.487676
79,6255,8.393746
79,6270,8.294357
79,6285,8.19019
79,6300,8.081871
79,6315,7.9699755
79,6330,7.8550243
79,6345,7.737511
79,6360,7.61786
79,6375,7.496485
79,6390,7.3737483
79,6405,7.249983
79,6420,7.125502
79,6435,7.000585
79,6450,6.875485
79,6465,6.7504387
79,6480,6.6256557
79,6495,6.5013247
79,6510,6.377619
79,6525,6.254689
79,6540,6.1326737
79,6555,6.0116954
79,6570,5.8918643
79,6585,5.773276
79,6600,5.656016
79,6615,5.540162
79,6630,5.425784
79,6645,5.312931
79,6660,5.2016563
79,6675,5.092008
79,6690,4.984025
79,6705,4.877722
79,6720,4.773133
79,6735,4.6702814
79,6750,4.569178
79,6765,4.469826
79,6780,4.3722377
79,6795,4.276416
79,6810,4.182355
79,6825,4.090051
79,6840,3.9994986
79,6855,3.9106882
79,6870,3.8236063
79,6885,3.7382407
79,6900,3.654577
79,6915,3.5725982
79,6930,3.4922853
79,6945,3.4136202
79,6960,3.336585
79,6975,3.2611563
79,6990,3.1873121
79,7005,3.1150317
79,7020,3.044293
79,7035,2.9750693
79,7050,2.9073384
79,7065,2.8410764
79,7080,2.7762582
79,7095,2.712859
79,7110,2.6508534
79,7125,2.5902174
79,7140,2.530925
79,7155,2.472952
79,7170,2.4162726
79,7185,2.3608634
79,7200,2.3066986
80,0,0
80,3,0.00016427253
80,6,0.0012162239
80,9,0.0037251275
80,12,0.007987268
80,15,0.014122811
80,18,0.022155741
80,21,0.032062683
80,24,0.043799944
80,27,0.057317153
80,30,0.072563425
80,33,0.08949025
80,36,0.10805232
80,39,0.12820776
80,42,0.14991775
80,45,0.17314619
80,48,0.19785914
80,51,0.22402449
80,54,0.25161156
80,57,0.28059104
80,60,0.3109346
80,63,0.3426148
80,66,0.37560514
80,69,0.40987962
80,72,0.44541314
80,75,0.48218095
80,78,0.5201588
80,81,0.5593231
80,84,0.5996501
80,87,0.6411169
80,90,0.68370086
80,93,0.72737956
80,96,0.7721311
80,99,0.81793386
80,102,0.8647666
80,105,0.9126084
80,108,0.9614385
80,111,1.0112363
80,114,1.0619819
80,117,1.1136558
80,120,1.1662388
80,135,1.4421237
80,150,1.7379746
80,165,2.0516672
80,180,2.3812337
80,195,2.7248554
80,210,3.0808308
80,225,3.429686
80,240,3.7428474
80,255,4.0225396
80,270,4.2723126
80,285,4.4947114
80,300,4.691868
80,315,4.865691
80,330,5.017965
80,345,5.150352
80,360,5.264402
80,375,5.36156
80,390,5.443174
80,405,5.5104995
80,420,5.5647016
80,435,5.606864
80,450,5.637988
80,465,5.6590037
80,480,5.670776
80,495,5.674102
80,510,5.6697235
80,525,5.658329
80,540,5.6405506
80,555,5.616977
80,570,5.588159
80,585,5.554594
80,600,5.516743
80,615,5.4750495
80,630,5.4298873
80,645,5.3816276
80,660,5.330612
80,675,5.2771354
80,690,5.2214956
80,705,5.1639543
80,720,5.104757
80,735,5.0582542
80,750,5.054867
80,765,5.0925903
80,780,5.1666794
80,795,5.2735496
80,810,5.410154
80,825,5.573749
80,840,5.761806
80,855,5.971958
80,870,6.202015
80,885,6.4499464
80,900,6.713875
80,915,6.9920607
80,930,7.2828717
80,945,7.566912
80,960,7.8156114
80,975,8.031284
80,990,8.217525
80,1005,8.37693
80,1020,8.511609
80,1035,8.623545
80,1050,8.714561
80,1065,8.786323
80,1080,8.840402
80,1095,8.878272
80,1110,8.901298
80,1125,8.910746
80,1140,8.907791
80,1155,8.893528
80,1170,8.868968
80,1185,8.835052
80,1200,8.792645
80,1215,8.742554
80,1230,8.685518
80,1245,8.622227
80,1260,8.553314
80,1275,8.479367
80,1290,8.400927
80,1305,8.318494
80,1320,8.232529
80,1335,8.143455
80,1350,8.051664
80,1365,7.957517
80,1380,7.861342
80,1395,7.7634506
80,1410,7.6641192
80,1425,7.5636044
80,1440,7.46215
80,1455,7.3740935
80,1470,7.3298516
80,1485,7.3273983
80,1500,7.3620005
80,1515,7.430053
80,1530,7.528514
80,1545,7.65462
80,1560,7.8058286
80,1575,7.979778
80,1590,8.174269
80,1605,8.387261
80,1620,8.616864
80,1635,8.861328
80,1650,9.119009
80,1665,9.370516
80,1680,9.587253
80,1695,9.771531
80,1710,9.926932
80,1725,10.056029
80,1740,10.16096
80,1755,10.243677
80,1770,10.305982
80,1785,10.349547
80,1800,10.375932
80,1815,10.386597
80,1830,10.382895
80,1845,10.366092
80,1860,10.337354
80,1875,10.297767
80,1890,10.248332
80,1905,10.1899805
80,1920,10.123572
80,1935,10.049909
80,1950,9.969723
80,1965,9.883696
80,1980,9.792455
80,1995,9.696572
80,2010,9.596589
80,2025,9.49299
80,2040,9.386231
80,2055,9.276735
80,2070,9.164885
80,2085,9.051038
80,2100,8.935517
80,2115,8.818626
80,2130,8.700637
80,2145,8.5818
80,2160,8.462346
80,2175,8.356604
80,2190,8.2949915
80,2205,8.275489
80,2220,8.293341
80,2235,8.344951
80,2250,8.427259
80,2265,8.537506
80,2280,8.673151
80,2295,8.8318205
80,2310,9.011303
80,2325,9.209557
80,2340,9.42469
80,2355,9.654951
80,2370,9.898691
80,2385,10.136504
80,2400,10.339796
80,2415,10.510872
80,2430,10.653309
80,2445,10.769675
80,2460,10.862104
80,2475,10.932542
80,2490,10.982787
80,2505,11.014508
80,2520,11.029263
80,2535,11.028505
80,2550,11.013585
80,2565,10.985762
80,2580,10.9462
80,2595,10.895982
80,2610,10.836105
80,2625,10.767497
80,2640,10.691015
80,2655,10.607456
80,2670,10.51755
80,2685,10.421977
80,2700,10.321359
80,2715,10.216266
80,2730,10.107234
80,2745,9.994746
80,2760,9.879257
80,2775,9.761184
80,2790,9.640905
80,2805,9.518782
80,2820,9.39513
80,2835,9.27025
80,2850,9.144414
80,2865,9.017869
80,2880,8.890843
80,2895,8.777662
80,2910,8.70874
80,2925,8.682064
80,2940,8.692867
80,2955,8.737553
80,2970,8.813063
80,2985,8.9166355
80,3000,9.045713
80,3015,9.197927
80,3030,9.371082
80,3045,9.56313
80,3060,9.772171
80,3075,9.996443
80,3090,10.234298
80,3105,10.4663315
80,3120,10.663946
80,3135,10.829446
80,3150,10.966406
80,3165,11.077392
80,3180,11.1645355
80,3195,11.229781
80,3210,11.274925
80,3225,11.301636
80,3240,11.311467
80,3255,11.305874
80,3270,11.2862015
80,3285,11.25371
80,3300,11.209561
80,3315,11.154838
80,3330,11.090532
80,3345,11.017573
80,3360,10.936817
80,3375,10.849058
80,3390,10.755026
80,3405,10.655397
80,3420,10.550795
80,3435,10.441787
80,3450,10.328908
80,3465,10.21264
80,3480,10.093436
80,3495,9.971712
80,3510,9.847847
80,3525,9.722198
80,3540,9.595082
80,3555,9.4668
80,3570,9.337619
80,3585,9.207787
80,3600,9.077531
80,3615,8.961176
80,3630,8.889135
80,3645,8.859395
80,3660,8.8671875
80,3675,8.908914
80,3690,8.981519
80,3705,9.082235
80,3720,9.208508
80,3735,9.357966
80,3750,9.528412
80,3765,9.717799
80,3780,9.924228
80,3795,10.145931
80,3810,10.381265
80,3825,10.610821
80,3840,10.806001
80,3855,10.969108
80,3870,11.103717
80,3885,11.212393
80,3900,11.297268
80,3915,11.360283
80,3930,11.4032345
80,3945,11.427791
80,3960,11.435505
80,3975,11.427831
80,3990,11.406114
80,4005,11.371613
80,4020,11.325489
80,4035,11.268823
80,4050,11.20261
80,4065,11.127775
80,4080,11.045175
80,4095,10.955605
80,4110,10.859791
80,4125,10.758411
80,4140,10.652088
80,4155,10.5413885
80,4170,10.426847
80,4185,10.308945
80,4200,10.188134
80,4215,10.064831
80,4230,9.939413
80,4245,9.812238
80,4260,9.683622
80,4275,9.5538645
80,4290,9.423234
80,4305,9.291977
80,4320,9.16032
80,4335,9.042588
80,4350,8.969193
80,4365,8.938123
80,4380,8.944607
80,4395,8.985048
80,4410,9.056389
80,4425,9.155865
80,4440,9.280916
80,4455,9.429174
80,4470,9.598441
80,4485,9.786671
80,4500,9.991961
80,4515,10.212545
80,4530,10.446779
80,4545,10.675254
80,4560,10.869372
80,4575,11.031435
80,4590,11.165018
80,4605,11.272685
80,4620,11.356568
80,4635,11.418609
80,4650,11.460602
80,4665,11.484216
80,4680,11.491004
80,4695,11.482419
80,4710,11.459806
80,4725,11.424425
80,4740,11.377436
80,4755,11.319919
80,4770,11.252869
80,4785,11.177212
80,4800,11.093802
80,4815,11.003436
80,4830,10.90684
80,4845,10.804692
80,4860,10.697613
80,4875,10.586169
80,4890,10.470897
80,4905,10.352275
80,4920,10.230757
80,4935,10.106758
80,4950,9.980657
80,4965,9.852809
80,4980,9.723532
80,4995,9.593123
80,5010,9.461854
80,5025,9.3299675
80,5040,9.197693
80,5055,9.079352
80,5070,9.00536
80,5085,8.973701
80,5100,8.979607
80,5115,9.019479
80,5130,9.090261
80,5145,9.189187
80,5160,9.313699
80,5175,9.461426
80,5190,9.63017
80,5205,9.817885
80,5220,10.022671
80,5235,10.24276
80,5250,10.476505
80,5265,10.7045
80,5280,10.898147
80,5295,11.059746
80,5310,11.192873
80,5325,11.300092
80,5340,11.3835335
80,5355,11.44514
80,5370,11.486707
80,5385,11.509901
80,5400,11.516276
80,5415,11.507286
80,5430,11.484275
80,5445,11.448501
80,5460,11.401125
80,5475,11.343228
80,5490,11.275805
80,5505,11.19978
80,5520,11.11601
80,5535,11.025288
80,5550,10.928342
80,5565,10.8258505
80,5580,10.718432
80,5595,10.606656
80,5610,10.491056
80,5625,10.372112
80,5640,10.2502775
80,5655,10.125967
80,5670,9.999559
80,5685,9.871409
80,5700,9.741837
80,5715,9.611136
80,5730,9.479579
80,5745,9.34741
80,5760,9.214857
80,5775,9.096243
80,5790,9.021982
80,5805,8.990058
80,5820,8.995704
80,5835,9.03532
80,5850,9.105851
80,5865,9.204529
80,5880,9.328797
80,5895,9.476285
80,5910,9.6447935
80,5925,9.832277
80,5940,10.036835
80,5955,10.2567
80,5970,10.490224
80,5985,10.718003
80,6000,10.911436
80,6015,11.072825
80,6030,11.205746
80,6045,11.312762
80,6060,11.396005
80,6075,11.457415
80,6090,11.498788
80,6105,11.521792
80,6120,11.527981
80,6135,11.5188055
80,6150,11.495614
80,6165,11.459661
80,6180,11.41211
80,6195,11.354041
80,6210,11.2864485
80,6225,11.210257
80,6240,11.126322
80,6255,11.035439
80,6270,10.9383335
80,6285,10.835685
80,6300,10.728113
80,6315,10.616185
80,6330,10.500436
80,6345,10.381345
80,6360,10.259366
80,6375,10.134913
80,6390,10.008366
80,6405,9.880078
80,6420,9.750369
80,6435,9.619535
80,6450,9.487847
80,6465,9.35555
80,6480,9.222869
80,6495,9.090012
80,6510,8.957166
80,6525,8.824504
80,6540,8.692181
80,6555,8.560336
80,6570,8.4291
80,6585,8.298595
80,6600,8.168922
80,6615,8.040169
80,6630,7.9124303
80,6645,7.7857947
80,6660,7.660325
80,6675,7.53608
80,6690,7.4131165
80,6705,7.291481
80,6720,7.1712112
80,6735,7.05234
80,6750,6.9349017
80,6765,6.8189187
80,6780,6.704413
80,6795,6.5914035
80,6810,6.479907
80,6825,6.369934
80,6840,6.2614937
80,6855,6.154594
80,6870,6.0492363
80,6885,5.945422
80,6900,5.8431506
80,6915,5.742418
80,6930,5.6432185
80,6945,5.5455456
80,6960,5.4493914
80,6975,5.3547463
80,6990,5.2616
80,7005,5.169941
80,7020,5.0797577
80,7035,4.9910364
80,7050,4.9037633
80,7065,4.8179245
80,7080,4.7335043
80,7095,4.650487
80,7110,4.5688562
80,7125,4.488596
80,7140,4.409688
80,7155,4.3321166
80,7170,4.2558627
80,7185,4.18091
80,7200,4.10724
81,0,0
81,3,0.00017984406
81,6,0.0013071347
81,9,0.003968217
81,12,0.008483534
81,15,0.014997755
81,18,0.023552861
81,21,0.034136247
81,24,0.046708185
81,27,0.061217405
81,30,0.07760911
81,33,0.095828906
81,36,0.11582451
81,39,0.13754657
81,42,0.16094853
81,45,0.18598649
81,48,0.21261892
81,51,0.24080631
81,54,0.27051082
81,57,0.30169603
81,60,0.33432686
81,63,0.3683692
81,66,0.40379015
81,69,0.44055742
81,72,0.47863996
81,75,0.518007
81,78,0.5586287
81,81,0.6004756
81,84,0.6435188
81,87,0.6877301
81,90,0.73308146
81,93,0.77954584
81,96,0.8270962
81,99,0.8757065
81,102,0.9253507
81,105,0.97600335
81,108,1.0276396
81,111,1.0802349
81,114,1.1337649
81,117,1.1882058
81,120,1.2435347
81,135,1.532704
81,150,1.8407816
81,165,2.1652627
81,180,2.5038528
81,195,2.8544517
81,210,3.2151136
81,225,3.5650475
81,240,3.873161
81,255,4.1414413
81,270,4.3742185
81,285,4.574805
81,300,4.746014
81,315,4.8903694
81,330,5.0101852
81,345,5.1076097
81,360,5.1846323
81,375,5.2430906
81,390,5.2846823
81,405,5.3109794
81,420,5.323433
81,435,5.323382
81,450,5.312065
81,465,5.2906165
81,480,5.2600827
81,495,5.2214274
81,510,5.1755285
81,525,5.123207
81,540,5.065202
81,555,5.002205
81,570,4.934842
81,585,4.8636885
81,600,4.789274
81,615,4.7120767
81,630,4.6325383
81,645,4.5510654
81,660,4.468025
81,675,4.383736
81,690,4.298527
81,705,4.212654
81,720,4.126348
81,735,4.054825
81,750,4.030959
81,765,4.0530515
81,780,4.1154957
81,795,4.213815
81,810,4.344191
81,825,4.5031962
81,840,4.6877017
81,855,4.8948255
81,870,5.1219144
81,885,5.366534
81,900,5.6264515
81,915,5.8996186
81,930,6.1841335
81,945,6.4592276
81,960,6.693869
81,975,6.8900366
81,990,7.052061
81,1005,7.183291
81,1020,7.2865314
81,1035,7.364317
81,1050,7.418969
81,1065,7.4526267
81,1080,7.4672704
81,1095,7.464734
81,1110,7.44671
81,1125,7.4147606
81,1140,7.370324
81,1155,7.31473
81,1170,7.249184
81,1185,7.174819
81,1200,7.092646
81,1215,7.003621
81,1230,6.908602
81,1245,6.8083863
81,1260,6.7037024
81,1275,6.59521
81,1290,6.483522
81,1305,6.369186
81,1320,6.2527113
81,1335,6.134554
81,1350,6.0151315
81,1365,5.8948255
81,1380,5.7739754
81,1395,5.652895
81,1410,5.5318613
81,1425,5.4111295
81,1440,5.2909255
81,1455,5.18644
81,1470,5.130515
81,1485,5.1214314
81,1500,5.153562
81,1515,5.22241
81,1530,5.324138
81,1545,5.4552975
81,1560,5.612738
81,1575,5.793561
81,1590,5.9950943
81,1605,6.2148824
81,1620,6.4506702
81,1635,6.700394
81,1650,6.9621353
81,1665,7.215108
81,1680,7.428261
81,1695,7.6035447
81,1710,7.745288
81,1725,7.8568096
81,1740,7.9409084
81,1755,8.0000925
81,1770,8.0366745
81,1785,8.052778
81,1800,8.05037
81,1815,8.03127
81,1830,7.997155
81,1845,7.949576
81,1860,7.889953
81,1875,7.819597
81,1890,7.7397137
81,1905,7.651413
81,1920,7.555711
81,1935,7.453541
81,1950,7.345759
81,1965,7.233156
81,1980,7.116446
81,1995,6.996276
81,2010,6.8732667
81,2025,6.747926
81,2040,6.6207633
81,2055,6.4922276
81,2070,6.362703
81,2085,6.2325807
81,2100,6.1021876
81,2115,5.971827
81,2130,5.841775
81,2145,5.712289
81,2160,5.5835776
81,2175,5.4708486
81,2190,5.406917
81,2205,5.3900595
81,2220,5.414641
81,2235,5.4761586
81,2250,5.570769
81,2265,5.6950173
81,2280,5.845748
81,2295,6.0200553
81,2310,6.2152634
81,2325,6.428909
81,2340,6.658734
81,2355,6.902668
81,2370,7.1587877
81,2385,7.406302
81,2400,7.614155
81,2415,7.784291
81,2430,7.9210353
81,2445,8.027701
81,2460,8.107085
81,2475,8.16169
81,2490,8.193822
81,2505,8.205604
81,2520,8.1989975
81,2535,8.175818
81,2550,8.137741
81,2565,8.086313
81,2580,8.02295
81,2595,7.948961
81,2610,7.865548
81,2625,7.7738175
81,2640,7.6747823
81,2655,7.569374
81,2670,7.458446
81,2685,7.3427835
81,2700,7.223103
81,2715,7.1000423
81,2730,6.974227
81,2745,6.8461647
81,2760,6.7163477
81,2775,6.58524
81,2790,6.4532146
81,2805,6.320662
81,2820,6.1879067
81,2835,6.0552516
81,2850,5.922967
81,2865,5.7913084
81,2880,5.6604896
81,2895,5.5457106
81,2910,5.479787
81,2925,5.460993
81,2940,5.483692
81,2955,5.543381
81,2970,5.6362147
81,2985,5.7587357
81,3000,5.907788
81,3015,6.080465
81,3030,6.2740874
81,3045,6.486193
81,3060,6.714521
81,3075,6.9570003
81,3090,7.211706
81,3105,7.457846
81,3120,7.664363
81,3135,7.8332005
81,3150,7.9686823
81,3165,8.074121
81,3180,8.152311
81,3195,8.205754
81,3210,8.236758
81,3225,8.247442
81,3240,8.239768
81,3255,8.21555
81,3270,8.176463
81,3285,8.124053
81,3300,8.059734
81,3315,7.9848146
81,3330,7.900498
81,3345,7.807887
81,3360,7.7079954
81,3375,7.601754
81,3390,7.4900155
81,3405,7.3735633
81,3420,7.253115
81,3435,7.129307
81,3450,7.002764
81,3465,6.8739953
81,3480,6.743489
81,3495,6.611711
81,3510,6.479035
81,3525,6.345847
81,3540,6.212474
81,3555,6.0792174
81,3570,5.946347
81,3585,5.814118
81,3600,5.6827445
81,3615,5.567425
81,3630,5.5009747
81,3645,5.4816685
81,3660,5.5038695
81,3675,5.563073
81,3690,5.6554337
81,3705,5.777495
81,3720,5.9260993
81,3735,6.09834
81,3750,6.2915382
81,3765,6.5032306
81,3780,6.7311563
81,3795,6.973244
81,3810,7.227568
81,3825,7.4733367
81,3840,7.6794925
81,3855,7.8479776
81,3870,7.983116
81,3885,8.088221
81,3900,8.166085
81,3915,8.219211
81,3930,8.249905
81,3945,8.260288
81,3960,8.25232
81,3975,8.227817
81,3990,8.18845
81,4005,8.135767
81,4020,8.071184
81,4035,7.996006
81,4050,7.911437
81,4065,7.81858
81,4080,7.718449
81,4095,7.611974
81,4110,7.500007
81,4125,7.383333
81,4140,7.2626677
81,4155,7.138648
81,4170,7.0118985
81,4185,6.882929
81,4200,6.752226
81,4215,6.620257
81,4230,6.487395
81,4245,6.354024
81,4260,6.2204733
81,4275,6.0870433
81,4290,5.954004
81,4305,5.821609
81,4320,5.6900744
81,4335,5.574597
81,4350,5.5079937
81,4365,5.4885373
81,4380,5.510592
81,4395,5.5696526
81,4410,5.661874
81,4425,5.783799
81,4440,5.9322705
81,4455,6.104382
81,4470,6.297454
81,4485,6.5090227
81,4500,6.736828
81,4515,6.978798
81,4530,7.2330074
81,4545,7.478664
81,4560,7.68471
81,4575,7.8530884
81,4590,7.9881225
81,4605,8.093125
81,4620,8.17089
81,4635,8.223918
81,4650,8.254518
81,4665,8.264808
81,4680,8.256749
81,4695,8.232156
81,4710,8.192703
81,4725,8.1399355
81,4740,8.075269
81,4755,8.00001
81,4770,7.915362
81,4785,7.8224277
81,4800,7.722221
81,4815,7.615671
81,4830,7.5036325
81,4845,7.386887
81,4860,7.2661524
81,4875,7.1420646
81,4890,7.0152493
81,4905,6.8862147
81,4920,6.755448
81,4935,6.623417
81,4950,6.490494
81,4965,6.357064
81,4980,6.223455
81,4995,6.089968
81,5010,5.956873
81,5025,5.8244233
81,5040,5.6928353
81,5055,5.577306
81,5070,5.510651
81,5085,5.4911447
81,5100,5.51315
81,5115,5.572163
81,5130,5.6643376
81,5145,5.7862167
81,5160,5.9346433
81,5175,6.1067104
81,5190,6.2997394
81,5205,6.5112658
81,5220,6.73903
81,5235,6.9809594
81,5250,7.2351294
81,5265,7.480747
81,5280,7.686755
81,5295,7.8550963
81,5310,7.9900947
81,5325,8.095061
81,5340,8.172791
81,5355,8.225785
81,5370,8.2563505
81,5385,8.266608
81,5400,8.258517
81,5415,8.233893
81,5430,8.194409
81,5445,8.141611
81,5460,8.076915
81,5475,8.001627
81,5490,7.91695
81,5505,7.823988
81,5520,7.723754
81,5535,7.6171775
81,5550,7.505112
81,5565,7.388341
81,5580,7.267581
81,5595,7.143468
81,5610,7.0166283
81,5625,6.8875694
81,5640,6.7567797
81,5655,6.6247253
81,5670,6.49178
81,5685,6.3583274
81,5700,6.2246966
81,5715,6.0911884
81,5730,5.958072
81,5745,5.825602
81,5760,5.693994
81,5775,5.5784445
81,5790,5.5117702
81,5805,5.4922447
81,5820,5.5142317
81,5835,5.573226
81,5850,5.6653824
81,5865,5.787244
81,5880,5.935653
81,5895,6.107703
81,5910,6.3007154
81,5925,6.5122256
81,5940,6.7399735
81,5955,6.9818873
81,5970,7.236042
81,5985,7.4816446
81,6000,7.6876373
81,6015,7.855964
81,6030,7.9909477
81,6045,8.095901
81,6060,8.173616
81,6075,8.226597
81,6090,8.257149
81,6105,8.267393
81,6120,8.25929
81,6135,8.2346525
81,6150,8.195156
81,6165,8.142346
81,6180,8.077638
81,6195,8.002338
81,6210,7.9176497
81,6225,7.824676
81,6240,7.7244306
81,6255,7.617843
81,6270,7.505767
81,6285,7.388985
81,6300,7.2682147
81,6315,7.1440916
81,6330,7.0172415
81,6345,6.888173
81,6360,6.7573733
81,6375,6.6253095
81,6390,6.4923544
81,6405,6.358893
81,6420,6.225253
81,6435,6.091736
81,6450,5.958611
81,6465,5.8261323
81,6480,5.6945157
81,6495,5.563954
81,6510,5.434627
81,6525,5.3066826
81,6540,5.180255
81,6555,5.0554614
81,6570,4.9324036
81,6585,4.8111696
81,6600,4.691834
81,6615,4.5744624
81,6630,4.4591093
81,6645,4.345811
81,6660,4.2346087
81,6675,4.125536
81,6690,4.0186195
81,6705,3.913862
81,6720,3.8112798
81,6735,3.7108755
81,6750,3.6126437
81,6765,3.5165756
81,6780,3.4226604
81,6795,3.3308835
81,6810,3.241225
81,6825,3.153665
81,6840,3.0681813
81,6855,2.9847503
81,6870,2.9033432
81,6885,2.823934
81,6900,2.7464945
81,6915,2.6709914
81,6930,2.5973942
81,6945,2.5256698
81,6960,2.4557838
81,6975,2.3877017
81,6990,2.3213887
81,7005,2.2568095
81,7020,2.1939285
81,7035,2.1327105
81,7050,2.0731199
81,7065,2.0151217
81,7080,1.9586792
81,7095,1.9037582
81,7110,1.8503246
81,7125,1.7983452
81,7140,1.7477835
81,7155,1.6986072
81,7170,1.650783
81,7185,1.6042773
81,7200,1.5590574
82,0,0
82,3,0.00015014237
82,6,0.0010737623
82,9,0.0032312803
82,12,0.0068644877
82,15,0.012076231
82,18,0.018891549
82,21,0.027295426
82,24,0.037254315
82,27,0.048727386
82,30,0.061671942
82,33,0.07604615
82,36,0.09181002
82,39,0.1089259
82,42,0.12735832
82,45,0.1470738
82,48,0.16804072
82,51,0.19022888
82,54,0.21360943
82,57,0.23815463
82,60,0.26383772
82,63,0.29063284
82,66,0.31851494
82,69,0.3474596
82,72,0.37744322
82,75,0.4084427
82,78,0.44043544
82,81,0.47339946
82,84,0.507313
82,87,0.5421549
82,90,0.57790434
82,93,0.61454093
82,96,0.6520448
82,99,0.69039625
82,102,0.7295761
82,105,0.7695656
82,108,0.81034607
82,111,0.85189945
82,114,0.89420795
82,117,0.93725395
82,120,0.98102015
82,135,1.2100748
82,150,1.4547236
82,165,1.7131307
82,180,1.9836164
82,195,2.2646432
82,210,2.5547814
82,225,2.837446
82,240,3.0885859
82,255,3.3100135
82,270,3.5050688
82,285,3.6762853
82,300,3.8257897
82,315,3.9554574
82,330,4.0669794
82,345,4.1619067
82,360,4.24166
82,375,4.3075423
82,390,4.360748
82,405,4.402376
82,420,4.4334393
82,435,4.45487
82,450,4.4675307
82,465,4.472209
82,480,4.4696383
82,495,4.4604826
82,510,4.4453645
82,525,4.4248524
82,540,4.3994718
82,555,4.369711
82,570,4.3360147
82,585,4.2987957
82,600,4.2584352
82,615,4.21528
82,630,4.169654
82,645,4.1218534
82,660,4.072155
82,675,4.0208025
82,690,3.9680288
82,705,3.914053
82,720,3.8590496
82,735,3.8152518
82,750,3.8083155
82,765,3.836649
82,780,3.8959656
82,795,3.9828677
82,810,4.0944815
82,825,4.2282486
82,840,4.381861
82,855,4.553218
82,870,4.740391
82,885,4.9416103
82,900,5.155256
82,915,5.379847
82,930,5.6140056
82,945,5.841203
82,960,6.0373945
82,975,6.204447
82,990,6.345727
82,1005,6.463799
82,1020,6.5607996
82,1035,6.638629
82,1050,6.6990075
82,1065,6.7434936
82,1080,6.773513
82,1095,6.790378
82,1110,6.7952933
82,1125,6.7893667
82,1140,6.7736173
82,1155,6.74898
82,1170,6.7163157
82,1185,6.6764145
82,1200,6.630004
82,1215,6.5777555
82,1230,6.520286
82,1245,6.4581623
82,1260,6.3919063
82,1275,6.3219986
82,1290,6.2488856
82,1305,6.172965
82,1320,6.0946217
82,1335,6.014181
82,1350,5.931969
82,1365,5.8482637
82,1380,5.7633314
82,1395,5.677414
82,1410,5.59073
82,1425,5.5034866
82,1440,5.4158635
82,1455,5.3401046
82,1470,5.3018184
82,1485,5.299434
82,1500,5.3286405
82,1515,5.3860307
82,1530,5.4687214
82,1545,5.5741625
82,1560,5.7000246
82,1575,5.844186
82,1590,6.0047097
82,1605,6.179825
82,1620,6.3679037
82,1635,6.5674543
82,1650,6.777088
82,1665,6.9802675
82,1680,7.1529307
82,1695,7.2969413
82,1710,7.415653
82,1725,7.5116343
82,1740,7.586985
82,1755,7.643604
82,1770,7.6832156
82,1785,7.707361
82,1800,7.717451
82,1815,7.714803
82,1830,7.7006145
82,1845,7.675977
82,1860,7.6418943
82,1875,7.5992975
82,1890,7.5490446
82,1905,7.4919176
82,1920,7.4286084
82,1935,7.3598247
82,1950,7.286133
82,1965,7.208162
82,1980,7.1263876
82,1995,7.0413117
82,2010,6.953354
82,2025,6.8629026
82,2040,6.7703314
82,2055,6.6759543
82,2070,6.580094
82,2085,6.4830174
82,2100,6.384994
82,2115,6.286253
82,2130,6.187017
82,2145,6.0874777
82,2160,5.98782
82,2175,5.900277
82,2190,5.850468
82,2205,5.836767
82,2220,5.854913
82,2235,5.9014745
82,2250,5.97357
82,2265,6.0686283
82,2280,6.184324
82,2295,6.3185363
82,2310,6.469325
82,2325,6.634909
82,2340,6.8136563
82,2355,7.0040708
82,2370,7.2047567
82,2385,7.399183
82,2400,7.563276
82,2415,7.6988955
82,2430,7.8093925
82,2445,7.8973303
82,2460,7.9648075
82,2475,8.013712
82,2490,8.045773
82,2505,8.062527
82,2520,8.065376
82,2535,8.055637
82,2550,8.034506
82,2565,8.003073
82,2580,7.962344
82,2595,7.9132476
82,2610,7.8566318
82,2625,7.793278
82,2640,7.723902
82,2655,7.6491585
82,2670,7.569656
82,2685,7.485952
82,2700,7.3985624
82,2715,7.307958
82,2730,7.2145743
82,2745,7.118806
82,2760,7.0210176
82,2775,6.921542
82,2790,6.820684
82,2805,6.718723
82,2820,6.6159143
82,2835,6.512491
82,2850,6.4086676
82,2865,6.304639
82,2880,6.200581
82,2895,6.108733
82,2910,6.054709
82,2925,6.036895
82,2940,6.0509987
82,2955,6.0936065
82,2970,6.1618285
82,2985,6.253097
82,3000,6.3650856
82,3015,6.495668
82,3030,6.642898
82,3045,6.804993
82,3060,6.980323
82,3075,7.1673923
82,3090,7.3648047
82,3105,7.5560274
82,3120,7.716983
82,3135,7.8495297
82,3150,7.957017
82,3165,8.042007
82,3180,8.106599
82,3195,8.152676
82,3210,8.181966
82,3225,8.196009
82,3240,8.1962
82,3255,8.183858
82,3270,8.160177
82,3285,8.126246
82,3300,8.08307
82,3315,8.031577
82,3330,7.972613
82,3345,7.906961
82,3360,7.835332
82,3375,7.7583823
82,3390,7.6767178
82,3405,7.5908947
82,3420,7.501427
82,3435,7.408788
82,3450,7.31341
82,3465,7.215688
82,3480,7.115986
82,3495,7.014634
82,3510,6.9119377
82,3525,6.808176
82,3540,6.703603
82,3555,6.598453
82,3570,6.492939
82,3585,6.3872538
82,3600,6.281574
82,3615,6.1881332
82,3630,6.132549
82,3645,6.1132054
82,3660,6.1258125
82,3675,6.1669526
82,3690,6.2337375
82,3705,6.3235984
82,3720,6.4342074
82,3735,6.5634384
82,3750,6.709344
82,3765,6.870142
82,3780,7.044201
82,3795,7.230026
82,3810,7.4262204
82,3825,7.616248
82,3840,7.7760334
82,3855,7.9074335
82,3870,8.013798
82,3885,8.097687
82,3900,8.1612
82,3915,8.20622
82,3930,8.234474
82,3945,8.247501
82,3960,8.246699
82,3975,8.233381
82,3990,8.208744
82,4005,8.173877
82,4020,8.129783
82,4035,8.07739
82,4050,8.017544
82,4065,7.951029
82,4080,7.8785524
82,4095,7.8007736
82,4110,7.7182956
82,4125,7.6316752
82,4140,7.5414248
82,4155,7.448019
82,4170,7.351888
82,4185,7.25343
82,4200,7.1530046
82,4215,7.0509453
82,4230,6.9475546
82,4245,6.8431125
82,4260,6.737872
82,4275,6.6320686
82,4290,6.5259132
82,4305,6.4195995
82,4320,6.313303
82,4335,6.219259
82,4350,6.1630816
82,4365,6.1431584
82,4380,6.1551967
82,4395,6.1957793
82,4410,6.2620173
82,4425,6.351342
82,4440,6.4614263
82,4455,6.5901423
82,4470,6.7355433
82,4485,6.8958464
82,4500,7.069421
82,4515,7.25477
82,4530,7.4504995
82,4545,7.640071
82,4560,7.7994084
82,4575,7.93037
82,4590,8.0363035
82,4605,8.119771
82,4620,8.182871
82,4635,8.227485
82,4650,8.255342
82,4665,8.26798
82,4680,8.266795
82,4695,8.253102
82,4710,8.228098
82,4725,8.19287
82,4740,8.148422
82,4755,8.095682
82,4770,8.035497
82,4785,7.9686484
82,4800,7.8958454
82,4815,7.817746
82,4830,7.7349534
82,4845,7.6480246
82,4860,7.5574713
82,4875,7.4637685
82,4890,7.3673463
82,4905,7.268602
82,4920,7.1678967
82,4935,7.0655627
82,4950,6.9619026
82,4965,6.8571954
82,4980,6.751696
82,4995,6.645638
82,5010,6.5392327
82,5025,6.4326744
82,5040,6.326138
82,5055,6.231858
82,5070,6.17545
82,5085,6.1552997
82,5100,6.1671157
82,5115,6.20748
82,5130,6.273504
82,5145,6.362619
82,5160,6.4724975
82,5175,6.6010118
82,5190,6.7462144
82,5205,6.906324
82,5220,7.0797076
82,5235,7.26487
82,5250,7.4604163
82,5265,7.6498084
82,5280,7.8089695
82,5295,7.9397583
82,5310,8.045523
82,5325,8.128823
82,5340,8.19176
82,5355,8.236214
82,5370,8.263913
82,5385,8.276397
82,5400,8.275062
82,5415,8.26122
82,5430,8.23607
82,5445,8.200699
82,5460,8.156111
82,5475,8.103233
82,5490,8.0429125
82,5505,7.9759316
82,5520,7.9029984
82,5535,7.8247714
82,5550,7.7418537
82,5565,7.654802
82,5580,7.564128
82,5595,7.4703064
82,5610,7.3737674
82,5625,7.274909
82,5640,7.1740913
82,5655,7.071647
82,5670,6.9678793
82,5685,6.863066
82,5700,6.757463
82,5715,6.6513023
82,5730,6.544797
82,5745,6.43814
82,5760,6.331507
82,5775,6.237132
82,5790,6.1806307
82,5805,6.1603894
82,5820,6.1721153
82,5835,6.212392
82,5850,6.2783294
82,5865,6.3673596
82,5880,6.4771547
82,5895,6.6055875
82,5910,6.75071
82,5925,6.9107404
82,5940,7.084047
82,5955,7.2691336
82,5970,7.464606
82,5985,7.6539245
82,6000,7.813014
82,6015,7.9437323
82,6030,8.049428
82,6045,8.132661
82,6060,8.195531
82,6075,8.239919
82,6090,8.267554
82,6105,8.279975
82,6120,8.278578
82,6135,8.264675
82,6150,8.239466
82,6165,8.204036
82,6180,8.15939
82,6195,8.106457
82,6210,8.04608
82,6225,7.979045
82,6240,7.906058
82,6255,7.827779
82,6270,7.744809
82,6285,7.6577063
82,6300,7.5669827
82,6315,7.473112
82,6330,7.3765254
82,6345,7.27762
82,6360,7.176756
82,6375,7.074266
82,6390,6.9704533
82,6405,6.8655963
82,6420,6.7599497
82,6435,6.653747
82,6450,6.5471997
82,6465,6.4405017
82,6480,6.3338284
82,6495,6.2273397
82,6510,6.1211796
82,6525,6.015479
82,6540,5.910359
82,6555,5.8059225
82,6570,5.702268
82,6585,5.5994835
82,6600,5.4976425
82,6615,5.3968163
82,6630,5.2970643
82,6645,5.19844
82,6660,5.1009912
82,6675,5.0047574
82,6690,4.9097743
82,6705,4.8160715
82,6720,4.723675
82,6735,4.6326056
82,6750,4.5428805
82,6765,4.454513
82,6780,4.367514
82,6795,4.2818904
82,6810,4.197647
82,6825,4.1147857
82,6840,4.0333056
82,6855,3.9532046
82,6870,3.8744788
82,6885,3.7971218
82,6900,3.7211258
82,6915,3.6464825
82,6930,3.573181
82,6945,3.5012107
82,6960,3.4305587
82,6975,3.3612123
82,6990,3.293157
82,7005,3.2263787
82,7020,3.160862
82,7035,3.0965908
82,7050,3.0335488
82,7065,2.9717197
82,7080,2.9110863
82,7095,2.8516314
82,7110,2.7933373
82,7125,2.7361865
82,7140,2.6801612
82,7155,2.6252434
82,7170,2.5714154
82,7185,2.5186589
82,7200,2.4669561
83,0,0
83,3,0.00018942718
83,6,0.0014123697
83,9,0.004304771
83,12,0.00918107
83,15,0.016156947
83,18,0.025241574
83,21,0.036393274
83,24,0.04955038
83,27,0.06464611
83,30,0.08161526
83,33,0.100397125
83,36,0.120935954
83,39,0.14318085
83,42,0.16708511
83,45,0.19260553
83,48,0.21970162
83,51,0.24833506
83,54,0.27846926
83,57,0.31006914
83,60,0.34310082
83,63,0.37753135
83,66,0.41332892
83,69,0.45046213
83,72,0.48890084
83,75,0.52861494
83,78,0.5695753
83,81,0.61175305
83,84,0.65511966
83,87,0.69964737
83,90,0.7453086
83,93,0.79207635
83,96,0.8399242
83,99,0.88882595
83,102,0.9387559
83,105,0.989689
83,108,1.0416
83,111,1.0944643
83,114,1.1482582
83,117,1.2029582
83,120,1.2585412
83,135,1.5489049
83,150,1.8580576
83,165,2.183496
83,180,2.522924
83,195,2.8742406
83,210,3.2355006
83,225,3.58449
83,240,3.8900962
83,255,4.156066
83,270,4.386859
83,285,4.5856533
83,300,4.7551703
83,315,4.8978763
83,330,5.016071
83,345,5.111896
83,360,5.187339
83,375,5.2442374
83,390,5.2842946
83,405,5.3090854
83,420,5.320064
83,435,5.3185744
83,450,5.305855
83,465,5.2830467
83,480,5.2511916
83,495,5.2112617
83,510,5.164133
83,525,5.1106253
83,540,5.0514865
83,555,4.9873996
83,570,4.9189987
83,585,4.846855
83,600,4.7714977
83,615,4.693408
83,630,4.6130238
83,645,4.5307574
83,660,4.446965
83,675,4.361975
83,690,4.2761087
83,705,4.1896152
83,720,4.102741
83,735,4.0318494
83,750,4.010342
83,765,4.034595
83,780,4.098785
83,795,4.198571
83,810,4.3302455
83,825,4.490411
83,840,4.675953
83,855,4.8840346
83,870,5.112002
83,885,5.357408
83,900,5.6180186
83,915,5.8917894
83,930,6.17682
83,945,6.450934
83,960,6.6830025
83,975,6.876824
83,990,7.0368767
83,1005,7.166361
83,1020,7.2679286
83,1035,7.3441377
83,1050,7.3972626
83,1065,7.4294224
83,1080,7.4425964
83,1095,7.4386334
83,1110,7.419227
83,1125,7.3859353
83,1140,7.3401966
83,1155,7.2833414
83,1170,7.2165904
83,1185,7.14107
83,1200,7.057803
83,1215,6.9677377
83,1230,6.871737
83,1245,6.7705936
83,1260,6.6650367
83,1275,6.555729
83,1290,6.4432764
83,1305,6.328236
83,1320,6.2111077
83,1335,6.092351
83,1350,5.9723845
83,1365,5.851582
83,1380,5.7302885
83,1395,5.608818
83,1410,5.4874477
83,1425,5.3664217
83,1440,5.2459836
83,1455,5.1424484
83,1470,5.0891986
83,1485,5.082597
83,1500,5.116793
83,1515,5.187423
83,1530,5.290751
83,1545,5.423385
83,1560,5.5821996
83,1575,5.7643023
83,1590,5.967024
83,1605,6.1879086
83,1620,6.4247036
83,1635,6.67534
83,1650,6.9378977
83,1665,7.1901913
83,1680,7.4010696
83,1695,7.574313
83,1710,7.714382
83,1725,7.824435
83,1740,7.907175
83,1755,7.965074
83,1770,8.000413
83,1785,8.015306
83,1800,8.011722
83,1815,7.9914784
83,1830,7.956258
83,1845,7.9076085
83,1860,7.846957
83,1875,7.7756166
83,1890,7.6947966
83,1905,7.6056104
83,1920,7.5090737
83,1935,7.4061255
83,1950,7.2976117
83,1965,7.1843204
83,1980,7.066962
83,1995,6.946193
83,2010,6.822612
83,2025,6.6967635
83,2040,6.569142
83,2055,6.440199
83,2070,6.310341
83,2085,6.179936
83,2100,6.0493183
83,2115,5.918789
83,2130,5.788618
83,2145,5.6590486
83,2160,5.530296
83,2175,5.4187207
83,2190,5.357665
83,2205,5.3434844
83,2220,5.370323
83,2235,5.43381
83,2250,5.530205
83,2265,5.656108
83,2280,5.808388
83,2295,5.984148
83,2310,6.180713
83,2325,6.395622
83,2340,6.626615
83,2355,6.87162
83,2370,7.1287107
83,2385,7.375698
83,2400,7.5814238
83,2415,7.7496653
83,2430,7.884877
83,2445,7.990215
83,2460,8.068375
83,2475,8.121826
83,2490,8.152845
83,2505,8.163545
83,2520,8.155887
83,2535,8.131686
83,2550,8.092623
83,2565,8.040241
83,2580,7.975963
83,2595,7.9011006
83,2610,7.8168592
83,2625,7.72435
83,2640,7.624584
83,2655,7.5184994
83,2670,7.406939
83,2685,7.2906876
83,2700,7.170453
83,2715,7.0468903
83,2730,6.920594
83,2745,6.792107
83,2760,6.661923
83,2775,6.5304894
83,2790,6.398211
83,2805,6.2654552
83,2820,6.1325526
83,2835,5.9998026
83,2850,5.8674746
83,2865,5.7358084
83,2880,5.605018
83,2895,5.491463
83,2910,5.4284825
83,2925,5.412432
83,2940,5.4374537
83,2955,5.4991755
83,2970,5.593854
83,2985,5.71809
83,3000,5.8687506
83,3015,6.042937
83,3030,6.2379723
83,3045,6.4513946
83,3060,6.680943
83,3075,6.924545
83,3090,7.180271
83,3105,7.425933
83,3120,7.63037
83,3135,7.797359
83,3150,7.931353
83,3165,8.035507
83,3180,8.112515
83,3195,8.164847
83,3210,8.1947775
83,3225,8.204419
83,3240,8.195731
83,3255,8.170529
83,3270,8.130492
83,3285,8.077163
83,3300,8.011963
83,3315,7.936204
83,3330,7.85109
83,3345,7.757732
83,3360,7.6571403
83,3375,7.550252
83,3390,7.4379096
83,3405,7.320897
83,3420,7.1999226
83,3435,7.0756392
83,3450,6.948642
83,3465,6.819472
83,3480,6.6886234
83,3495,6.556543
83,3510,6.423635
83,3525,6.290266
83,3540,6.156767
83,3555,6.0234365
83,3570,5.8905425
83,3585,5.758326
83,3600,5.627
83,3615,5.5129223
83,3630,5.449434
83,3645,5.4328885
83,3660,5.457428
83,3675,5.5186806
83,3690,5.6129026
83,3705,5.736694
83,3720,5.8869214
83,3735,6.060686
83,3750,6.2553105
83,3765,6.4683332
83,3780,6.6974926
83,3795,6.940715
83,3810,7.196072
83,3825,7.441374
83,3840,7.645461
83,3855,7.8121085
83,3870,7.94577
83,3885,8.0496
83,3900,8.126292
83,3915,8.178316
83,3930,8.207947
83,3945,8.217295
83,3960,8.208322
83,3975,8.182842
83,3990,8.142533
83,4005,8.08894
83,4020,8.023482
83,4035,7.9474716
83,4050,7.862112
83,4065,7.7685146
83,4080,7.66769
83,4095,7.5605736
83,4110,7.448009
83,4125,7.33078
83,4140,7.209594
83,4155,7.085104
83,4170,6.957905
83,4185,6.828539
83,4200,6.6974983
83,4215,6.5652304
83,4230,6.43214
83,4245,6.2985926
83,4260,6.164919
83,4275,6.0314183
83,4290,5.8983583
83,4305,5.76598
83,4320,5.6344953
83,4335,5.520263
83,4350,5.4566236
83,4365,5.439931
83,4380,5.464327
83,4395,5.525439
83,4410,5.6195235
83,4425,5.7431808
83,4440,5.893277
83,4455,6.066914
83,4470,6.261414
83,4485,6.474314
83,4500,6.703355
83,4515,6.9464607
83,4530,7.2017045
83,4545,7.446895
83,4560,7.6508737
83,4575,7.817415
83,4590,7.950973
83,4605,8.054702
83,4620,8.131295
83,4635,8.183222
83,4650,8.212758
83,4665,8.222013
83,4680,8.212951
83,4695,8.187383
83,4710,8.146987
83,4725,8.093308
83,4740,8.027768
83,4755,7.9516764
83,4770,7.866238
83,4785,7.7725625
83,4800,7.671662
83,4815,7.5644712
83,4830,7.451834
83,4845,7.3345337
83,4860,7.213278
83,4875,7.08872
83,4890,6.961454
83,4905,6.832022
83,4920,6.7009177
83,4935,6.5685873
83,4950,6.4354353
83,4965,6.3018274
83,4980,6.1680956
83,4995,6.034537
83,5010,5.9014206
83,5025,5.7689867
83,5040,5.637448
83,5055,5.523163
83,5070,5.4594707
83,5085,5.4427276
83,5100,5.467073
83,5115,5.5281363
83,5130,5.622173
83,5145,5.7457833
83,5160,5.895834
83,5175,6.0694256
83,5190,6.263881
83,5205,6.4767385
83,5220,6.7057366
83,5235,6.948801
83,5250,7.2040043
83,5265,7.4491553
83,5280,7.653095
83,5295,7.8195977
83,5310,7.9531183
83,5325,8.056809
83,5340,8.133368
83,5355,8.185259
83,5370,8.21476
83,5385,8.223982
83,5400,8.214885
83,5415,8.189284
83,5430,8.148857
83,5445,8.095146
83,5460,8.029575
83,5475,7.9534535
83,5490,7.8679852
83,5505,7.7742805
83,5520,7.673351
83,5535,7.5661325
83,5550,7.4534674
83,5565,7.33614
83,5580,7.214857
83,5595,7.0902734
83,5610,6.9629817
83,5625,6.8335247
83,5640,6.7023954
83,5655,6.5700407
83,5670,6.4368644
83,5685,6.3032336
83,5700,6.1694784
83,5715,6.0358973
83,5730,5.9027586
83,5745,5.770303
83,5760,5.6387424
83,5775,5.5244365
83,5790,5.460724
83,5805,5.44396
83,5820,5.4682856
83,5835,5.5293293
83,5850,5.623347
83,5865,5.746938
83,5880,5.8969703
83,5895,6.070544
83,5910,6.2649817
83,5925,6.4778214
83,5940,6.706802
83,5955,6.9498496
83,5970,7.205036
83,5985,7.4501705
83,6000,7.654094
83,6015,7.8205814
83,6030,7.9540863
83,6045,8.057762
83,6060,8.134305
83,6075,8.186182
83,6090,8.215669
83,6105,8.224876
83,6120,8.215766
83,6135,8.190151
83,6150,8.14971
83,6165,8.095986
83,6180,8.030402
83,6195,7.9542675
83,6210,7.8687863
83,6225,7.775069
83,6240,7.6741276
83,6255,7.566897
83,6270,7.45422
83,6285,7.336881
83,6300,7.2155867
83,6315,7.0909915
83,6330,6.963689
83,6345,6.834221
83,6360,6.703081
83,6375,6.5707154
83,6390,6.437529
83,6405,6.303888
83,6420,6.1701226
83,6435,6.0365314
83,6450,5.9033833
83,6465,5.770918
83,6480,5.639348
83,6495,5.50887
83,6510,5.379657
83,6525,5.2518463
83,6540,5.1255846
83,6555,5.0009975
83,6570,4.8781633
83,6585,4.757186
83,6600,4.6381483
83,6615,4.5211015
83,6630,4.4061007
83,6645,4.293195
83,6660,4.182415
83,6675,4.0737844
83,6690,3.9673238
83,6705,3.8630455
83,6720,3.7609534
83,6735,3.66105
83,6750,3.5633323
83,6765,3.4677892
83,6780,3.3744109
83,6795,3.2831848
83,6810,3.194088
83,6825,3.107102
83,6840,3.0222044
83,6855,2.9393687
83,6870,2.8585663
83,6885,2.7797697
83,6900,2.7029474
83,6915,2.628067
83,6930,2.5550957
83,6945,2.4840002
83,6960,2.414745
83,6975,2.347296
83,6990,2.2816174
83,7005,2.217673
83,7020,2.1554277
83,7035,2.094846
83,7050,2.0358908
83,7065,1.978527
83,7080,1.9227189
83,7095,1.8684311
83,7110,1.8156278
83,7125,1.7642745
83,7140,1.7143365
83,7155,1.6657795
83,7170,1.6185695
83,7185,1.5726734
83,7200,1.5280583
84,0,0
84,3,0.00014465212
84,6,0.0010810442
84,9,0.0033035744
84,12,0.0070668636
84,15,0.012471558
84,18,0.019532576
84,21,0.028222209
84,24,0.03849477
84,27,0.050298873
84,30,0.06358347
84,33,0.07830048
84,36,0.09440552
84,39,0.11185795
84,42,0.13062055
84,45,0.15065897
84,48,0.17194116
84,51,0.19443698
84,54,0.21811785
84,57,0.24295644
84,60,0.2689266
84,63,0.29600292
84,66,0.3241611
84,69,0.35337716
84,72,0.3836282
84,75,0.4148914
84,78,0.44714475
84,81,0.48036644
84,84,0.51453507
84,87,0.5496297
84,90,0.5856295
84,93,0.62251437
84,96,0.6602643
84,99,0.6988597
84,102,0.73828137
84,105,0.7785104
84,108,0.8195277
84,111,0.861315
84,114,0.9038545
84,117,0.94712853
84,120,0.9911199
84,135,1.2212348
84,150,1.466806
84,165,1.7259413
84,180,1.9968975
84,195,2.2780733
84,210,2.5679798
84,225,2.8494544
84,240,3.0978494
84,255,3.3158984
84,270,3.507151
84,285,3.6740632
84,300,3.8186748
84,315,3.9427996
84,330,4.0481176
84,345,4.136194
84,360,4.208483
84,375,4.266332
84,390,4.3109922
84,405,4.343624
84,420,4.365305
84,435,4.37703
84,450,4.379722
84,465,4.374226
84,480,4.3613296
84,495,4.341757
84,510,4.3161736
84,525,4.2851996
84,540,4.249401
84,555,4.209302
84,570,4.1653843
84,585,4.118092
84,600,4.067836
84,615,4.0149794
84,630,3.959882
84,645,3.9028451
84,660,3.8441489
84,675,3.784071
84,690,3.7228394
84,705,3.660676
84,720,3.5977857
84,735,3.5468214
84,750,3.5341434
84,765,3.5572066
84,780,3.6113946
84,795,3.6933393
84,810,3.8002224
84,825,3.9295223
84,840,4.0789213
84,855,4.2462735
84,870,4.429599
84,885,4.6270714
84,900,4.8370094
84,915,5.0578637
84,930,5.2881894
84,945,5.5108714
84,960,5.701262
84,975,5.8621454
84,990,5.997096
84,1005,6.108604
84,1020,6.1986566
84,1035,6.269153
84,1050,6.3217683
84,1065,6.3580575
84,1080,6.379476
84,1095,6.3873887
84,1110,6.383051
84,1125,6.3676186
84,1140,6.3421645
84,1155,6.3076806
84,1170,6.2650847
84,1185,6.215223
84,1200,6.158869
84,1215,6.0967436
84,1230,6.0295
84,1245,5.957747
84,1260,5.882043
84,1275,5.8028975
84,1290,5.7207847
84,1305,5.6361327
84,1320,5.549337
84,1335,5.46076
84,1350,5.37073
84,1365,5.279549
84,1380,5.187493
84,1395,5.0948105
84,1410,5.001736
84,1425,4.9084725
84,1440,4.8152046
84,1455,4.7345614
84,1470,4.692901
84,1485,4.687665
84,1500,4.7142243
84,1515,4.769199
84,1530,4.8497567
84,1545,4.9533615
84,1560,5.077686
84,1575,5.22057
84,1590,5.38002
84,1605,5.5541945
84,1620,5.7413955
84,1635,5.9400606
84,1650,6.148744
84,1665,6.3503294
84,1680,6.520138
84,1695,6.660944
84,1710,6.7763085
84,1725,6.868712
84,1740,6.940129
84,1755,6.9924397
84,1770,7.0273223
84,1785,7.046313
84,1800,7.050856
84,1815,7.0423045
84,1830,7.021908
84,1845,6.9908133
84,1860,6.950082
84,1875,6.9006953
84,1890,6.8435626
84,1905,6.77952
84,1920,6.709339
84,1935,6.633724
84,1950,6.5533257
84,1965,6.468744
84,1980,6.3805237
84,1995,6.2891746
84,2010,6.195156
84,2025,6.0988927
84,2040,6.000774
84,2055,5.9011517
84,2070,5.8003507
84,2085,5.698664
84,2100,5.596361
84,2115,5.4936876
84,2130,5.390863
84,2145,5.2880945
84,2160,5.1855583
84,2175,5.0958757
84,2190,5.0454006
84,2205,5.031569
84,2220,5.0497465
84,2235,5.0965486
84,2250,5.169138
84,2265,5.264973
84,2280,5.3817215
84,2295,5.5172205
84,2310,5.66947
84,2325,5.8366246
84,2340,6.016979
84,2355,6.208973
84,2370,6.4111447
84,2385,6.606387
84,2400,6.77001
84,2415,6.9047847
84,2430,7.014269
84,2445,7.100917
84,2460,7.1667566
84,2475,7.2136183
84,2490,7.243175
84,2505,7.2569776
84,2520,7.256468
84,2535,7.2429857
84,2550,7.217776
84,2565,7.181987
84,2580,7.1366777
84,2595,7.0828257
84,2610,7.0213356
84,2625,6.9530416
84,2640,6.8787093
84,2655,6.7990484
84,2670,6.7147017
84,2685,6.626268
84,2700,6.53429
84,2715,6.4392724
84,2730,6.3416758
84,2745,6.2419214
84,2760,6.1403956
84,2775,6.037448
84,2790,5.933405
84,2805,5.8285522
84,2820,5.72316
84,2835,5.6174755
84,2850,5.511709
84,2865,5.406067
84,2880,5.3007317
84,2895,5.208334
84,2910,5.1552095
84,2925,5.138793
84,2940,5.154449
84,2955,5.198791
84,2970,5.2689805
84,2985,5.3624744
84,3000,5.4769387
84,3015,5.6102095
84,3030,5.7602854
84,3045,5.9253197
84,3060,6.1036057
84,3075,6.2935815
84,3090,6.493784
84,3105,6.6871057
84,3120,6.8488545
84,3135,6.981801
84,3150,7.0895014
84,3165,7.174409
84,3180,7.2385497
84,3195,7.2837534
84,3210,7.311692
84,3225,7.3239155
84,3240,7.321865
84,3255,7.306879
84,3270,7.2802014
84,3285,7.2429795
84,3300,7.1962714
84,3315,7.1410546
84,3330,7.0782323
84,3345,7.008637
84,3360,6.9330354
84,3375,6.8521347
84,3390,6.7665777
84,3405,6.676963
84,3420,6.583832
84,3435,6.4876885
84,3450,6.388993
84,3465,6.2881656
84,3480,6.185592
84,3495,6.0816216
84,3510,5.976579
84,3525,5.870752
84,3540,5.764407
84,3555,5.6577935
84,3570,5.5511193
84,3585,5.4445906
84,3600,5.33839
84,3615,5.245147
84,3630,5.1911974
84,3645,5.1739755
84,3660,5.1888447
84,3675,5.2324185
84,3690,5.3018584
84,3705,5.3946204
84,3720,5.50837
84,3735,5.640943
84,3750,5.7903376
84,3765,5.954707
84,3780,6.132344
84,3795,6.321686
84,3810,6.5212684
84,3825,6.713986
84,3840,6.8751445
84,3855,7.0075145
84,3870,7.1146517
84,3885,7.1990094
84,3900,7.2626133
84,3915,7.3072925
84,3930,7.3347187
84,3945,7.3464417
84,3960,7.3439026
84,3975,7.3284388
84,3990,7.301294
84,4005,7.263616
84,4020,7.2164626
84,4035,7.1608105
84,4050,7.097563
84,4065,7.0275517
84,4080,6.951544
84,4095,6.870246
84,4110,6.7843013
84,4125,6.6943073
84,4140,6.6008058
84,4155,6.5043006
84,4170,6.405251
84,4185,6.3040776
84,4200,6.201166
84,4215,6.096865
84,4230,5.9914994
84,4245,5.8853574
84,4260,5.7787037
84,4275,5.671788
84,4290,5.5648193
84,4305,5.458002
84,4320,5.35152
84,4335,5.2580013
84,4350,5.2037826
84,4365,5.186297
84,4380,5.200909
84,4395,5.2442317
84,4410,5.313425
84,4425,5.4059467
84,4440,5.5194616
84,4455,5.651805
84,4470,5.800975
84,4485,5.965125
84,4500,6.1425467
84,4515,6.3316793
84,4530,6.531057
84,4545,6.723574
84,4560,6.8845367
84,4575,7.016715
84,4590,7.123665
84,4605,7.2078395
84,4620,7.271264
84,4635,7.315768
84,4650,7.3430223
84,4665,7.3545775
84,4680,7.3518744
84,4695,7.33625
84,4710,7.3089485
84,4725,7.271117
84,4740,7.223813
84,4755,7.168014
84,4770,7.1046224
84,4785,7.0344706
84,4800,6.9583244
84,4815,6.876892
84,4830,6.7908154
84,4845,6.700692
84,4860,6.6070647
84,4875,6.5104356
84,4890,6.411265
84,4905,6.3099732
84,4920,6.206946
84,4935,6.1025314
84,4950,5.9970546
84,4965,5.8908033
84,4980,5.7840433
84,4995,5.6770234
84,5010,5.5699525
84,5025,5.4630356
84,5040,5.3564553
84,5055,5.2628407
84,5070,5.2085285
84,5085,5.190951
84,5100,5.2054734
84,5115,5.248708
84,5130,5.3178153
84,5145,5.4102526
84,5160,5.523685
84,5175,5.655947
84,5190,5.8050385
84,5205,5.969111
84,5220,6.1464567
84,5235,6.335515
84,5250,6.53482
84,5265,6.727266
84,5280,6.888159
84,5295,7.020269
84,5310,7.127152
84,5325,7.2112613
84,5340,7.2746215
84,5355,7.319062
84,5370,7.346256
84,5385,7.3577504
84,5400,7.354988
84,5415,7.339306
84,5430,7.311948
84,5445,7.2740607
84,5460,7.226702
84,5475,7.17085
84,5490,7.1074057
84,5505,7.037203
84,5520,6.9610066
84,5535,6.879525
84,5550,6.7934
84,5565,6.7032294
84,5580,6.6095552
84,5595,6.512881
84,5610,6.413666
84,5625,6.3123302
84,5640,6.20926
84,5655,6.1048036
84,5670,5.9992857
84,5685,5.892994
84,5700,5.7861943
84,5715,5.679136
84,5730,5.5720267
84,5745,5.4650726
84,5760,5.3584557
84,5775,5.2648053
84,5790,5.210458
84,5805,5.192846
84,5820,5.207334
84,5835,5.2505355
84,5850,5.3196106
84,5865,5.412016
84,5880,5.525417
84,5895,5.6576486
84,5910,5.80671
84,5925,5.9707527
84,5940,6.14807
84,5955,6.3370996
84,5970,6.536377
84,5985,6.7287955
84,6000,6.889662
84,6015,7.0217457
84,6030,7.128603
84,6045,7.2126865
84,6060,7.2760224
84,6075,7.320439
84,6090,7.3476086
84,6105,7.35908
84,6120,7.3562946
84,6135,7.34059
84,6150,7.3132095
84,6165,7.2753005
84,6180,7.227921
84,6195,7.1720476
84,6210,7.108583
84,6225,7.0383596
84,6240,6.962144
84,6255,6.880643
84,6270,6.7944984
84,6285,6.7043095
84,6300,6.610617
84,6315,6.5139246
84,6330,6.4146914
84,6345,6.3133388
84,6360,6.2102513
84,6375,6.105778
84,6390,6.0002437
84,6405,5.893936
84,6420,5.7871203
84,6435,5.680046
84,6450,5.572922
84,6465,5.4659524
84,6480,5.359321
84,6495,5.253181
84,6510,5.147682
84,6525,5.0429564
84,6540,4.9391165
84,6555,4.8362675
84,6570,4.734502
84,6585,4.633899
84,6600,4.534533
84,6615,4.4364643
84,6630,4.339748
84,6645,4.2444315
84,6660,4.150553
84,6675,4.0581474
84,6690,3.9672425
84,6705,3.8778589
84,6720,3.7900152
84,6735,3.7037244
84,6750,3.618994
84,6765,3.53583
84,6780,3.454234
84,6795,3.3742042
84,6810,3.2957373
84,6825,3.2188265
84,6840,3.143463
84,6855,3.0696366
84,6870,2.9973345
84,6885,2.9265428
84,6900,2.8572464
84,6915,2.789428
84,6930,2.7230704
84,6945,2.6581545
84,6960,2.5946605
84,6975,2.5325685
84,6990,2.4718573
84,7005,2.4125051
84,7020,2.3544908
84,7035,2.2977912
84,7050,2.2423844
84,7065,2.1882474
84,7080,2.1353574
84,7095,2.0836914
84,7110,2.0332265
84,7125,1.9839393
84,7140,1.9358071
84,7155,1.8888069
84,7170,1.8429159
84,7185,1.7981117
84,7200,1.7543714
85,0,0
85,3,0.00016658117
85,6,0.0012277137
85,9,0.0037332023
85,12,0.007968337
85,15,0.014050502
85,18,0.02200252
85,21,0.031798556
85,24,0.043390688
85,27,0.056722995
85,30,0.07173834
85,33,0.08838178
85,36,0.10660171
85,39,0.12635033
85,42,0.14758334
85,45,0.1702595
85,48,0.19434026
85,51,0.21978922
85,54,0.24657176
85,57,0.27465484
85,60,0.30400673
85,63,0.33459666
85,66,0.3663952
85,69,0.39937332
85,72,0.43350342
85,75,0.46875787
85,78,0.50511014
85,81,0.5425339
85,84,0.5810034
85,87,0.6204935
85,90,0.6609792
85,93,0.7024363
85,96,0.744841
85,99,0.7881697
85,102,0.8323995
85,105,0.87750757
85,108,0.9234713
85,111,0.970269
85,114,1.0178795
85,117,1.0662818
85,120,1.1154554
85,135,1.3721746
85,150,1.6452374
85,165,1.932413
85,180,2.2316566
85,195,2.5410998
85,210,2.8590147
85,225,3.1660368
85,240,3.4342234
85,255,3.6664732
85,270,3.8670352
85,285,4.0389585
85,300,4.1847854
85,315,4.3067756
85,330,4.4070086
85,345,4.4874167
85,360,4.549788
85,375,4.595775
85,390,4.6269064
85,405,4.6445937
85,420,4.6501412
85,435,4.644753
85,450,4.629539
85,465,4.6055155
85,480,4.5736213
85,495,4.534716
85,510,4.4895854
85,525,4.4389615
85,540,4.383503
85,555,4.323823
85,570,4.2604804
85,585,4.1939826
85,600,4.1248007
85,615,4.0533547
85,630,3.9800363
85,645,3.9052007
85,660,3.8291717
85,675,3.7522278
85,690,3.674655
85,705,3.596677
85,720,3.5184958
85,735,3.4543521
85,750,3.434045
85,765,3.4549131
85,780,3.5115058
85,795,3.5997286
85,810,3.7161481
85,825,3.8577132
85,840,4.0216293
85,855,4.205313
85,870,4.406397
85,885,4.622709
85,900,4.8522563
85,915,5.093212
85,930,5.34388
85,945,5.5849295
85,960,5.788411
85,975,5.9572515
85,990,6.0957146
85,1005,6.206856
85,1020,6.2931995
85,1035,6.3570223
85,1050,6.4004073
85,1065,6.4252725
85,1080,6.433387
85,1095,6.426398
85,1110,6.405827
85,1125,6.373076
85,1140,6.3294325
85,1155,6.2760816
85,1170,6.214112
85,1185,6.144526
85,1200,6.068243
85,1215,5.9861035
85,1230,5.8988795
85,1245,5.8072762
85,1260,5.711944
85,1275,5.6134634
85,1290,5.512379
85,1305,5.409168
85,1320,5.3042827
85,1335,5.1981163
85,1350,5.091043
85,1365,4.9833875
85,1380,4.875454
85,1395,4.76751
85,1410,4.6598005
85,1425,4.552542
85,1440,4.44593
85,1455,4.3541813
85,1470,4.307074
85,1485,4.301905
85,1500,4.3332295
85,1515,4.396922
85,1530,4.489551
85,1545,4.6080236
85,1560,4.749502
85,1575,4.911416
85,1590,5.0913925
85,1605,5.2872286
85,1620,5.496909
85,1635,5.71859
85,1650,5.950562
85,1665,6.1734858
85,1680,6.3593755
85,1695,6.5111527
85,1710,6.6330643
85,1725,6.728151
85,1740,6.7989225
85,1755,6.8476396
85,1770,6.8763742
85,1785,6.887028
85,1800,6.8813596
85,1815,6.861003
85,1830,6.8274665
85,1845,6.7821383
85,1860,6.726297
85,1875,6.6611156
85,1890,6.587674
85,1905,6.506961
85,1920,6.4198847
85,1935,6.3272786
85,1950,6.2299047
85,1965,6.128457
85,1980,6.0235715
85,1995,5.9158278
85,2010,5.8057594
85,2025,5.6938386
85,2040,5.580512
85,2055,5.4661593
85,2070,5.3511524
85,2085,5.2358007
85,2100,5.1204233
85,2115,5.0052695
85,2130,4.890555
85,2145,4.776501
85,2160,4.6632934
85,2175,4.5651345
85,2190,4.5118127
85,2205,4.500618
85,2220,4.526101
85,2235,4.58413
85,2250,4.671268
85,2265,4.784421
85,2280,4.9207406
85,2295,5.0776496
85,2310,5.252775
85,2325,5.4439116
85,2340,5.6490345
85,2355,5.8662963
85,2370,6.0939865
85,2385,6.3127575
85,2400,6.4946203
85,2415,6.642494
85,2430,6.76062
85,2445,6.8520517
85,2460,6.919252
85,2475,6.96451
85,2490,6.989899
85,2505,6.9972997
85,2520,6.98847
85,2535,6.96505
85,2550,6.928547
85,2565,6.880342
85,2580,6.8217077
85,2595,6.753816
85,2610,6.677748
85,2625,6.5944915
85,2640,6.504953
85,2655,6.409959
85,2670,6.3102646
85,2685,6.2065682
85,2700,6.099496
85,2715,5.9896293
85,2730,5.8774943
85,2745,5.7635684
85,2760,5.6482882
85,2775,5.532045
85,2790,5.415196
85,2805,5.2980647
85,2820,5.1809387
85,2835,5.064082
85,2850,4.947729
85,2865,4.8320932
85,2880,4.7173533
85,2895,4.6177187
85,2910,4.562964
85,2925,4.5503783
85,2940,4.574511
85,2955,4.631229
85,2970,4.717095
85,2985,4.829013
85,3000,4.9641337
85,3015,5.119878
85,3030,5.2938733
85,3045,5.4839125
85,3060,5.68797
85,3075,5.9041977
85,3090,6.130884
85,3105,6.3486805
85,3120,6.5295963
85,3135,6.676551
85,3150,6.7937837
85,3165,6.8843484
85,3180,6.950706
85,3195,6.9951453
85,3210,7.0197396
85,3225,7.0263677
85,3240,7.016788
85,3255,6.992638
85,3270,6.955426
85,3285,6.906533
85,3300,6.8472285
85,3315,6.778687
85,3330,6.701987
85,3345,6.618115
85,3360,6.527979
85,3375,6.432404
85,3390,6.3321447
85,3405,6.2278996
85,3420,6.1202936
85,3435,6.009908
85,3450,5.897269
85,3465,5.7828517
85,3480,5.667094
85,3495,5.550387
85,3510,5.433087
85,3525,5.3155165
85,3540,5.1979637
85,3555,5.0806913
85,3570,4.9639344
85,3585,4.8479056
85,3600,4.732784
85,3615,4.6327767
85,3630,4.5776606
85,3645,4.5647225
85,3660,4.5885124
85,3675,4.644897
85,3690,4.7304387
85,3705,4.8420415
85,3720,4.9768553
85,3735,5.132301
85,3750,5.3060055
85,3765,5.495762
85,3780,5.6995444
85,3795,5.9155045
85,3810,6.1419296
85,3825,6.3594723
85,3840,6.5401416
85,3855,6.6868553
85,3870,6.803854
85,3885,6.894191
85,3900,6.960326
85,3915,7.004549
85,3930,7.0289326
85,3945,7.0353556
85,3960,7.0255756
85,3975,7.001231
85,3990,6.963829
85,4005,6.91475
85,4020,6.8552656
85,4035,6.786548
85,4050,6.7096763
85,4065,6.625637
85,4080,6.535338
85,4095,6.4396043
85,4110,6.33919
85,4125,6.2347937
85,4140,6.12704
85,4155,6.016511
85,4170,5.9037313
85,4185,5.7891774
85,4200,5.6732864
85,4215,5.556449
85,4230,5.4390216
85,4245,5.321327
85,4260,5.2036533
85,4275,5.086263
85,4290,4.9693904
85,4305,4.853249
85,4320,4.7380176
85,4335,4.637903
85,4350,4.582682
85,4365,4.569642
85,4380,4.5933323
85,4395,4.6496196
85,4410,4.735066
85,4425,4.8465757
85,4440,4.981299
85,4455,5.1366563
85,4470,5.310274
85,4485,5.499946
85,4500,5.7036467
85,4515,5.9195256
85,4530,6.1458726
85,4545,6.3633385
85,4560,6.5439324
85,4575,6.690573
85,4590,6.8075004
85,4605,6.8977666
85,4620,6.963834
85,4635,7.00799
85,4650,7.0323076
85,4665,7.038667
85,4680,7.0288243
85,4695,7.0044184
85,4710,6.9669566
85,4725,6.917819
85,4740,6.8582773
85,4755,6.7895036
85,4770,6.712577
85,4785,6.6284842
85,4800,6.5381327
85,4815,6.442347
85,4830,6.3418827
85,4845,6.2374372
85,4860,6.1296353
85,4875,6.019059
85,4890,5.906233
85,4905,5.7916336
85,4920,5.6756988
85,4935,5.5588174
85,4950,5.441348
85,4965,5.3236117
85,4980,5.205897
85,4995,5.0884666
85,5010,4.9715548
85,5025,4.8553753
85,5040,4.740106
85,5055,4.639955
85,5070,4.5846977
85,5085,4.5716224
85,5100,4.595278
85,5115,4.651531
85,5130,4.7369447
85,5145,4.848422
85,5160,4.983113
85,5175,5.1384387
85,5190,5.312026
85,5205,5.501668
85,5220,5.705339
85,5235,5.9211893
85,5250,6.147508
85,5265,6.3649464
85,5280,6.545513
85,5295,6.6921268
85,5310,6.8090277
85,5325,6.8992686
85,5340,6.9653106
85,5355,7.009442
85,5370,7.0337358
85,5385,7.040071
85,5400,7.0302052
85,5415,7.0057764
85,5430,6.9682918
85,5445,6.9191327
85,5460,6.8595695
85,5475,6.7907743
85,5490,6.7138267
85,5505,6.6297135
85,5520,6.539342
85,5535,6.4435368
85,5550,6.343053
85,5565,6.2385883
85,5580,6.130768
85,5595,6.020173
85,5610,5.907329
85,5625,5.792712
85,5640,5.6767597
85,5655,5.559861
85,5670,5.4423747
85,5685,5.324622
85,5700,5.206891
85,5715,5.089445
85,5730,4.9725175
85,5745,4.8563223
85,5760,4.741038
85,5775,4.6408725
85,5790,4.5856004
85,5805,4.5725107
85,5820,4.5961523
85,5835,4.6523914
85,5850,4.737791
85,5865,4.849255
85,5880,4.9839334
85,5895,5.139246
85,5910,5.312821
85,5925,5.5024505
85,5940,5.706109
85,5955,5.9219475
85,5970,6.1482544
85,5985,6.3656807
85,6000,6.5462365
85,6015,6.6928387
85,6030,6.8097286
85,6045,6.8999586
85,6060,6.9659905
85,6075,7.0101113
85,6090,7.0343943
85,6105,7.04072
85,6120,7.0308437
85,6135,7.0064054
85,6150,6.968911
85,6165,6.9197426
85,6180,6.86017
85,6195,6.7913656
85,6210,6.714409
85,6225,6.6302867
85,6240,6.5399065
85,6255,6.4440928
85,6270,6.3436007
85,6285,6.2391276
85,6300,6.131299
85,6315,6.020696
85,6330,5.907844
85,6345,5.793219
85,6360,5.677259
85,6375,5.5603533
85,6390,5.442859
85,6405,5.3250995
85,6420,5.207361
85,6435,5.0899076
85,6450,4.9729733
85,6465,4.8567715
85,6480,4.7414804
85,6495,4.627277
85,6510,4.514302
85,6525,4.4026732
85,6540,4.2925196
85,6555,4.183928
85,6570,4.076982
85,6585,3.971759
85,6600,3.8683212
85,6615,3.7667198
85,6630,3.6669974
85,6645,3.5691938
85,6660,3.4733305
85,6675,3.3794293
85,6690,3.2875042
85,6705,3.19756
85,6720,3.1095989
85,6735,3.0236175
85,6750,2.9396086
85,6765,2.857561
85,6780,2.7774606
85,6795,2.6992903
85,6810,2.623032
85,6825,2.5486617
85,6840,2.4761572
85,6855,2.4054935
85,6870,2.3366418
85,6885,2.2695744
85,6900,2.204262
85,6915,2.1406727
85,6930,2.0787756
85,6945,2.0185385
85,6960,1.9599285
85,6975,1.9029127
85,6990,1.8474572
85,7005,1.7935287
85,7020,1.7410942
85,7035,1.6901214
85,7050,1.6405736
85,7065,1.5924197
85,7080,1.5456275
85,7095,1.5001655
85,7110,1.4559994
85,7125,1.4130979
85,7140,1.3714292
85,7155,1.330962
85,7170,1.2916647
85,7185,1.2535068
85,7200,1.2164588
86,0,0
86,3,0.00013781677
86,6,0.00107137
86,9,0.0033377868
86,12,0.007228918
86,15,0.012870448
86,18,0.020289298
86,21,0.029459378
86,24,0.040329624
86,27,0.052839573
86,30,0.066927336
86,33,0.08253363
86,36,0.099603325
86,39,0.11808611
86,42,0.13793603
86,45,0.15911114
86,48,0.18157291
86,51,0.20528561
86,54,0.23021585
86,57,0.2563322
86,60,0.28360486
86,63,0.31200543
86,66,0.34150687
86,69,0.37208295
86,72,0.40370876
86,75,0.43635967
86,78,0.47001204
86,81,0.5046425
86,84,0.5402283
86,87,0.57674724
86,90,0.6141775
86,93,0.6524978
86,96,0.69168735
86,99,0.7317255
86,102,0.7725924
86,105,0.8142675
86,108,0.85673183
86,111,0.8999666
86,114,0.9439535
86,117,0.9886745
86,120,1.0341086
86,135,1.2713994
86,150,1.5240254
86,165,1.7900393
86,180,2.0676506
86,195,2.355219
86,210,2.6512241
86,225,2.9379063
86,240,3.1885028
86,255,3.40635
86,270,3.595975
86,285,3.7603393
86,300,3.9017265
86,315,4.022094
86,330,4.123228
86,345,4.206769
86,360,4.2742305
86,375,4.327016
86,390,4.3664284
86,405,4.393672
86,420,4.40986
86,435,4.416022
86,450,4.4131045
86,465,4.401986
86,480,4.3834777
86,495,4.3583255
86,510,4.327217
86,525,4.2907863
86,540,4.249623
86,555,4.2042556
86,570,4.155185
86,585,4.1028633
86,600,4.047684
86,615,3.9900532
86,630,3.9302967
86,645,3.868733
86,660,3.805662
86,675,3.741348
86,690,3.6760333
86,705,3.6099467
86,720,3.543294
86,735,3.4891272
86,750,3.4759507
86,765,3.5008364
86,780,3.558113
86,795,3.643871
86,810,3.7550094
86,825,3.8888426
86,840,4.0429473
86,855,4.215087
86,870,4.4032145
86,885,4.6054516
86,900,4.8200674
86,915,5.0454693
86,930,5.280176
86,945,5.506453
86,960,5.6975875
86,975,5.856921
86,990,5.9889903
86,1005,6.096792
86,1020,6.182606
86,1035,6.2484126
86,1050,6.2960057
86,1065,6.327025
86,1080,6.3429785
86,1095,6.345273
86,1110,6.3352113
86,1125,6.3139954
86,1140,6.282734
86,1155,6.242448
86,1170,6.1940784
86,1185,6.138495
86,1200,6.0764995
86,1215,6.0088277
86,1230,5.9361567
86,1245,5.8591037
86,1260,5.778242
86,1275,5.694086
86,1290,5.6071215
86,1305,5.517779
86,1320,5.4264655
86,1335,5.333544
86,1350,5.2393494
86,1365,5.1441865
86,1380,5.048331
86,1395,4.9520364
86,1410,4.8555274
86,1425,4.759018
86,1440,4.6626897
86,1455,4.5795684
86,1470,4.538158
86,1485,4.535512
86,1500,4.565959
86,1515,4.6255603
86,1530,4.711203
86,1545,4.8201947
86,1560,4.950091
86,1575,5.098646
86,1590,5.2638
86,1605,5.443658
86,1620,5.6364717
86,1635,5.8406324
86,1650,6.0546484
86,1665,6.260768
86,1680,6.4322853
86,1695,6.5724936
86,1710,6.68595
86,1725,6.7756176
86,1740,6.843773
86,1755,6.892372
86,1770,6.9232006
86,1785,6.9378953
86,1800,6.937958
86,1815,6.924787
86,1830,6.899655
86,1845,6.863756
86,1860,6.8181934
86,1875,6.7639775
86,1890,6.7020435
86,1905,6.633252
86,1920,6.558391
86,1935,6.478186
86,1950,6.393307
86,1965,6.304364
86,1980,6.2119203
86,1995,6.1164913
86,2010,6.018546
86,2025,5.9185147
86,2040,5.816793
86,2055,5.7137375
86,2070,5.6096783
86,2085,5.504908
86,2100,5.3997025
86,2115,5.2942977
86,2130,5.188921
86,2145,5.0837684
86,2160,4.97902
86,2175,4.8877096
86,2190,4.838326
86,2205,4.827916
86,2220,4.8508058
86,2235,4.9030495
86,2250,4.9815297
86,2265,5.0835485
86,2280,5.2066574
86,2295,5.348605
86,2310,5.507327
86,2325,5.6809235
86,2340,5.8676424
86,2355,6.065871
86,2370,6.2741117
86,2385,6.474609
86,2400,6.6406536
86,2415,6.7755322
86,2430,6.8838005
86,2445,6.968416
86,2460,7.031653
86,2475,7.075462
86,2490,7.101626
86,2505,7.111778
86,2520,7.107417
86,2535,7.08994
86,2550,7.060613
86,2565,7.020631
86,2580,6.97109
86,2595,6.9129987
86,2610,6.847291
86,2625,6.774824
86,2640,6.6963825
86,2655,6.612692
86,2670,6.524417
86,2685,6.432166
86,2700,6.3365006
86,2715,6.237933
86,2730,6.1369305
86,2745,6.0339227
86,2760,5.9293
86,2775,5.8234186
86,2790,5.716607
86,2805,5.609155
86,2820,5.5013385
86,2835,5.393392
86,2850,5.2855363
86,2865,5.1779714
86,2880,5.0708723
86,2895,4.9772706
86,2910,4.9256554
86,2925,4.9130716
86,2940,4.933844
86,2955,4.9840255
86,2970,5.0604973
86,2985,5.1605597
86,3000,5.281763
86,3015,5.421855
86,3030,5.578769
86,3045,5.7506046
86,3060,5.935609
86,3075,6.132167
86,3090,6.338781
86,3105,6.5376935
86,3120,6.702194
86,3135,6.8355684
86,3150,6.9423714
86,3165,7.0255594
86,3180,7.0874047
86,3195,7.1298585
86,3210,7.1547008
86,3225,7.163565
86,3240,7.15795
86,3255,7.1392503
86,3270,7.1087317
86,3285,7.0675883
86,3300,7.0169153
86,3315,6.9577203
86,3330,6.8909373
86,3345,6.8174224
86,3360,6.7379584
86,3375,6.6532717
86,3390,6.5640254
86,3405,6.4708276
86,3420,6.37424
86,3435,6.274772
86,3450,6.172892
86,3465,6.069029
86,3480,5.963572
86,3495,5.8568773
86,3510,5.7492733
86,3525,5.641049
86,3540,5.532478
86,3555,5.423797
86,3570,5.3152246
86,3585,5.2069607
86,3600,5.0991807
86,3615,5.0049143
86,3630,4.952651
86,3645,4.939436
86,3660,4.959592
86,3675,5.009173
86,3690,5.0850587
86,3705,5.1845503
86,3720,5.305197
86,3735,5.444746
86,3750,5.601131
86,3765,5.7724504
86,3780,5.956951
86,3795,6.1530185
86,3810,6.3591537
86,3825,6.5575995
86,3840,6.7216454
86,3855,6.8545756
86,3870,6.9609456
86,3885,7.043711
86,3900,7.1051445
86,3915,7.147196
86,3930,7.171646
86,3945,7.1801276
86,3960,7.174139
86,3975,7.1550746
86,3990,7.124201
86,4005,7.0827103
86,4020,7.031698
86,4035,6.972173
86,4050,6.9050674
86,4065,6.8312373
86,4080,6.7514663
86,4095,6.6664796
86,4110,6.57694
86,4125,6.483456
86,4140,6.3865895
86,4155,6.286849
86,4170,6.184703
86,4185,6.08058
86,4200,5.9748697
86,4215,5.867927
86,4230,5.7600813
86,4245,5.651621
86,4260,5.542819
86,4275,5.433913
86,4290,5.325121
86,4305,5.2166424
86,4320,5.1086526
86,4335,5.0141816
86,4350,4.9617186
86,4365,4.9483075
86,4380,4.968273
86,4395,5.017668
86,4410,5.093372
86,4425,5.1926856
86,4440,5.313159
86,4455,5.4525385
86,4470,5.608758
86,4485,5.779916
86,4500,5.964259
86,4515,6.160172
86,4530,6.3661575
86,4545,6.564456
86,4560,6.7283583
86,4575,6.8611484
86,4590,6.967381
86,4605,7.0500126
86,4620,7.1113153
86,4635,7.153239
86,4650,7.177564
86,4665,7.185923
86,4680,7.1798153
86,4695,7.160634
86,4710,7.129646
86,4725,7.088044
86,4740,7.036923
86,4755,6.977291
86,4770,6.9100814
86,4785,6.836149
86,4800,6.7562785
86,4815,6.671194
86,4830,6.5815597
86,4845,6.4879827
86,4860,6.3910246
86,4875,6.291195
86,4890,6.1889615
86,4905,6.0847535
86,4920,5.9789596
86,4935,5.8719354
86,4950,5.7640095
86,4965,5.6554713
86,4980,5.5465927
86,4995,5.437612
86,5010,5.328747
86,5025,5.2201967
86,5040,5.112137
86,5055,5.017597
86,5070,4.965067
86,5085,4.951591
86,5100,4.9714923
86,5115,5.020824
86,5130,5.0964665
86,5145,5.19572
86,5160,5.3161345
86,5175,5.4554567
86,5190,5.61162
86,5205,5.782723
86,5220,5.967012
86,5235,6.1628723
86,5250,6.368806
86,5265,6.5670543
86,5280,6.7309065
86,5295,6.8636484
86,5310,6.969834
86,5325,7.052419
86,5340,7.113676
86,5355,7.1555552
86,5370,7.1798368
86,5385,7.1881533
86,5400,7.182004
86,5415,7.1627817
86,5430,7.1317534
86,5445,7.0901127
86,5460,7.038953
86,5475,6.9792833
86,5490,6.912037
86,5505,6.838068
86,5520,6.758162
86,5535,6.6730433
86,5550,6.5833745
86,5565,6.489764
86,5580,6.392773
86,5595,6.2929115
86,5610,6.190647
86,5625,6.086408
86,5640,5.980584
86,5655,5.8735304
86,5670,5.7655754
86,5685,5.657009
86,5700,5.5481024
86,5715,5.439095
86,5730,5.3302026
86,5745,5.2216263
86,5760,5.113541
86,5775,5.0189757
86,5790,4.966421
86,5805,4.9529204
86,5820,4.972798
86,5835,5.0221066
86,5850,5.0977263
86,5865,5.1969576
86,5880,5.31735
86,5895,5.4566507
86,5910,5.612793
86,5925,5.783875
86,5940,5.968144
86,5955,6.1639843
86,5970,6.3698983
86,5985,6.5681276
86,6000,6.7319613
86,6015,6.864685
86,6030,6.9708524
86,6045,7.05342
86,6060,7.1146593
86,6075,7.1565213
86,6090,7.1807866
86,6105,7.1890864
86,6120,7.182921
86,6135,7.163683
86,6150,7.1326394
86,6165,7.0909834
86,6180,7.0398088
86,6195,6.9801245
86,6210,6.9128637
86,6225,6.838881
86,6240,6.7589607
86,6255,6.6738286
86,6270,6.5841465
86,6285,6.490523
86,6300,6.3935194
86,6315,6.293645
86,6330,6.191368
86,6345,6.087117
86,6360,5.981281
86,6375,5.8742156
86,6390,5.766249
86,6405,5.6576715
86,6420,5.5487537
86,6435,5.439735
86,6450,5.330832
86,6465,5.222245
86,6480,5.1141496
86,6495,5.0067067
86,6510,4.9000616
86,6525,4.794341
86,6540,4.6896615
86,6555,4.5861244
86,6570,4.483818
86,6585,4.382822
86,6600,4.283203
86,6615,4.1850204
86,6630,4.088323
86,6645,3.9931545
86,6660,3.899549
86,6675,3.807535
86,6690,3.717137
86,6705,3.628376
86,6720,3.5412564
86,6735,3.4557915
86,6750,3.3719895
86,6765,3.2898555
86,6780,3.2093804
86,6795,3.1305625
86,6810,3.0533936
86,6825,2.977862
86,6840,2.903953
86,6855,2.8316526
86,6870,2.7609444
86,6885,2.6918097
86,6900,2.6242292
86,6915,2.5581834
86,6930,2.493652
86,6945,2.430612
86,6960,2.369042
86,6975,2.308918
86,6990,2.2502162
86,7005,2.1929119
86,7020,2.1369805
86,7035,2.0823967
86,7050,2.029135
86,7065,1.9771699
86,7080,1.926476
86,7095,1.8770278
86,7110,1.8288
86,7125,1.7817675
86,7140,1.735905
86,7155,1.6911879
86,7170,1.6475912
86,7185,1.6050904
86,7200,1.5636612
87,0,0
87,3,0.00013733449
87,6,0.0010409607
87,9,0.0032136731
87,12,0.0069280327
87,15,0.0123028895
87,18,0.019367587
87,21,0.028104438
87,24,0.038474023
87,27,0.050428737
87,30,0.0639195
87,33,0.07889901
87,36,0.09532289
87,39,0.11315013
87,42,0.13234274
87,45,0.15286548
87,48,0.17468534
87,51,0.19777116
87,54,0.22209331
87,57,0.2476234
87,60,0.27433416
87,63,0.3021991
87,66,0.3311928
87,69,0.3612902
87,72,0.39246726
87,75,0.4247002
87,78,0.45796585
87,81,0.49224135
87,84,0.52750427
87,87,0.5637326
87,90,0.60090464
87,93,0.63899904
87,96,0.6779949
87,99,0.71787167
87,102,0.7586091
87,105,0.80018735
87,108,0.8425865
87,111,0.88578725
87,114,0.9297707
87,117,0.9745185
87,120,1.0200124
87,135,1.2580427
87,150,1.5121237
87,165,1.7802668
87,180,2.0606403
87,195,2.3515623
87,210,2.6514714
87,225,2.9433074
87,240,3.2013862
87,255,3.4278147
87,270,3.626155
87,285,3.7989502
87,300,3.9483347
87,315,4.076218
87,330,4.1843705
87,345,4.274442
87,360,4.347968
87,375,4.406371
87,390,4.450972
87,405,4.482997
87,420,4.503583
87,435,4.5137796
87,450,4.514562
87,465,4.506821
87,480,4.4913864
87,495,4.4690223
87,510,4.4404306
87,525,4.406263
87,540,4.3671165
87,555,4.32354
87,570,4.276043
87,585,4.225091
87,600,4.171114
87,615,4.1144943
87,630,4.055609
87,645,3.9947715
87,660,3.9322777
87,675,3.8684154
87,690,3.8034225
87,705,3.7375329
87,720,3.6709578
87,735,3.6161795
87,750,3.6004357
87,765,3.6218562
87,780,3.6757932
87,795,3.7587576
87,810,3.867802
87,825,4.000278
87,840,4.1537433
87,855,4.325942
87,870,4.5147934
87,885,4.718376
87,900,4.9349184
87,915,5.162788
87,930,5.400468
87,945,5.630951
87,960,5.828552
87,975,5.9954247
87,990,6.135155
87,1005,6.250321
87,1020,6.3430066
87,1035,6.4151964
87,1050,6.4686623
87,1065,6.50504
87,1080,6.5258665
87,1095,6.5325766
87,1110,6.5264974
87,1125,6.5088477
87,1140,6.480757
87,1155,6.443272
87,1170,6.39736
87,1185,6.3439097
87,1200,6.2837396
87,1215,6.2176065
87,1230,6.1461964
87,1245,6.0701513
87,1260,5.9900546
87,1275,5.906444
87,1290,5.819815
87,1305,5.7306175
87,1320,5.6392655
87,1335,5.5461373
87,1350,5.4515758
87,1365,5.3558984
87,1380,5.2593894
87,1395,5.1623106
87,1410,5.064904
87,1425,4.9673824
87,1440,4.869935
87,1455,4.785037
87,1470,4.7398763
87,1485,4.7325964
87,1500,4.758554
87,1515,4.814219
87,1530,4.896637
87,1545,5.003144
87,1560,5.1312838
87,1575,5.278794
87,1590,5.443578
87,1605,5.6236978
87,1620,5.8173656
87,1635,6.0229387
87,1650,6.2388873
87,1665,6.4481893
87,1680,6.6251397
87,1695,6.771886
87,1710,6.8919997
87,1725,6.988027
87,1740,7.062091
87,1755,7.116117
87,1770,7.1518726
87,1785,7.1709943
87,1800,7.175008
87,1815,7.165328
87,1830,7.143271
87,1845,7.11005
87,1860,7.0667853
87,1875,7.01451
87,1890,6.9541807
87,1905,6.8866787
87,1920,6.812813
87,1935,6.733332
87,1950,6.6489153
87,1965,6.5601945
87,1980,6.467743
87,1995,6.372092
87,2010,6.2737274
87,2025,6.1730943
87,2040,6.0705957
87,2055,5.9666038
87,2070,5.8614597
87,2085,5.755462
87,2100,5.6488986
87,2115,5.542026
87,2130,5.435066
87,2145,5.3282356
87,2160,5.221722
87,2175,5.1279993
87,2190,5.074254
87,2205,5.058597
87,2220,5.076392
87,2235,5.1241093
87,2250,5.198795
87,2265,5.2977657
87,2280,5.4185534
87,2295,5.558901
87,2310,5.7167087
87,2325,5.8900313
87,2340,6.0770783
87,2355,6.2762027
87,2370,6.48587
87,2385,6.6890492
87,2400,6.8600326
87,2415,7.000965
87,2430,7.1154137
87,2445,7.205921
87,2460,7.2746058
87,2475,7.3233895
87,2490,7.354036
87,2505,7.36818
87,2520,7.3673425
87,2535,7.3529344
87,2550,7.3262687
87,2565,7.288556
87,2580,7.240913
87,2595,7.184371
87,2610,7.119883
87,2625,7.0483265
87,2640,6.9705095
87,2655,6.8871775
87,2670,6.7990065
87,2685,6.7066264
87,2700,6.610608
87,2715,6.5114803
87,2730,6.409726
87,2745,6.305788
87,2760,6.2000694
87,2775,6.0929365
87,2790,5.9847302
87,2805,5.87575
87,2820,5.766276
87,2835,5.6565676
87,2850,5.546842
87,2865,5.437314
87,2880,5.3281727
87,2895,5.2318873
87,2910,5.1756434
87,2925,5.157551
87,2940,5.172972
87,2955,5.2183747
87,2970,5.2908053
87,2985,5.3875804
87,3000,5.506223
87,3015,5.6444774
87,3030,5.800246
87,3045,5.971583
87,3060,6.156694
87,3075,6.353932
87,3090,6.56176
87,3105,6.7631464
87,3120,6.9323807
87,3135,7.0716085
87,3150,7.184395
87,3165,7.273281
87,3180,7.340385
87,3195,7.3876266
87,3210,7.4167695
87,3225,7.4294467
87,3240,7.4271793
87,3255,7.411376
87,3270,7.3833494
87,3285,7.3443093
87,3300,7.2953715
87,3315,7.237567
87,3330,7.1718464
87,3345,7.0990877
87,3360,7.020098
87,3375,6.9356217
87,3390,6.8463345
87,3405,6.752866
87,3420,6.655785
87,3435,6.55562
87,3450,6.4528546
87,3465,6.347929
87,3480,6.2412477
87,3495,6.133175
87,3510,6.0240507
87,3525,5.914176
87,3540,5.8038282
87,3555,5.6932673
87,3570,5.5827103
87,3585,5.4723697
87,3600,5.3624363
87,3615,5.265377
87,3630,5.2083783
87,3645,5.18955
87,3660,5.204252
87,3675,5.2489533
87,3690,5.3206997
87,3705,5.416808
87,3720,5.534799
87,3735,5.6724157
87,3750,5.827562
87,3765,5.998293
87,3780,6.182813
87,3795,6.379474
87,3810,6.586739
87,3825,6.787576
87,3840,6.9562736
87,3855,7.0949774
87,3870,7.207252
87,3885,7.295639
87,3900,7.362255
87,3915,7.409021
87,3930,7.437699
87,3945,7.449922
87,3960,7.4472113
87,3975,7.4309754
87,3990,7.402526
87,4005,7.3630724
87,4020,7.313731
87,4035,7.2555323
87,4050,7.189427
87,4065,7.1162925
87,4080,7.0369353
87,4095,6.9521
87,4110,6.8624616
87,4125,6.7686505
87,4140,6.671235
87,4155,6.5707436
87,4170,6.467658
87,4185,6.36242
87,4200,6.255433
87,4215,6.1470623
87,4230,6.037647
87,4245,5.9274874
87,4260,5.816861
87,4275,5.706028
87,4290,5.595205
87,4305,5.4846044
87,4320,5.374417
87,4335,5.277109
87,4350,5.2198677
87,4365,5.200802
87,4380,5.215272
87,4395,5.259747
87,4410,5.331272
87,4425,5.4271646
87,4440,5.544944
87,4455,5.682353
87,4470,5.8372965
87,4485,6.0078297
87,4500,6.192157
87,4515,6.388629
87,4530,6.5957093
87,4545,6.7963657
87,4560,6.964887
87,4575,7.1034184
87,4590,7.215524
87,4605,7.303746
87,4620,7.370201
87,4635,7.4168086
87,4650,7.445332
87,4665,7.4574046
87,4680,7.454546
87,4695,7.438165
87,4710,7.4095745
87,4725,7.3699827
87,4740,7.320506
87,4755,7.2621746
87,4770,7.1959395
87,4785,7.122678
87,4800,7.0431967
87,4815,6.9582396
87,4830,6.8684826
87,4845,6.774555
87,4860,6.6770253
87,4875,6.576422
87,4890,6.473228
87,4905,6.3678827
87,4920,6.2607913
87,4935,6.152318
87,4950,6.042802
87,4965,5.9325447
87,4980,5.821822
87,4995,5.7108946
87,5010,5.5999794
87,5025,5.4892883
87,5040,5.3790126
87,5055,5.2816186
87,5070,5.2242923
87,5085,5.205143
87,5100,5.219532
87,5115,5.263927
87,5130,5.3353744
87,5145,5.4311905
87,5160,5.5488954
87,5175,5.6862307
87,5190,5.8411026
87,5205,6.011565
87,5220,6.195824
87,5235,6.3922286
87,5250,6.599243
87,5265,6.799835
87,5280,6.9682927
87,5295,7.106762
87,5310,7.218807
87,5325,7.3069696
87,5340,7.3733664
87,5355,7.4199166
87,5370,7.4483843
87,5385,7.4604015
87,5400,7.457489
87,5415,7.441056
87,5430,7.412413
87,5445,7.372771
87,5460,7.323244
87,5475,7.264864
87,5490,7.198581
87,5505,7.1252728
87,5520,7.0457454
87,5535,6.9607434
87,5550,6.870942
87,5565,6.7769713
87,5580,6.6793995
87,5595,6.5787544
87,5610,6.475519
87,5625,6.370134
87,5640,6.2630033
87,5655,6.154491
87,5670,6.044937
87,5685,5.934643
87,5700,5.8238835
87,5715,5.71292
87,5730,5.60197
87,5745,5.491245
87,5760,5.380935
87,5775,5.283508
87,5790,5.226149
87,5805,5.2069683
87,5820,5.221326
87,5835,5.2656903
87,5850,5.337107
87,5865,5.432894
87,5880,5.55057
87,5895,5.6878767
87,5910,5.8427205
87,5925,6.013156
87,5940,6.1973877
87,5955,6.393766
87,5970,6.6007547
87,5985,6.801321
87,6000,6.969754
87,6015,7.1081986
87,6030,7.22022
87,6045,7.308359
87,6060,7.374732
87,6075,7.4212604
87,6090,7.449705
87,6105,7.461701
87,6120,7.458767
87,6135,7.4423122
87,6150,7.413649
87,6165,7.3739862
87,6180,7.3244395
87,6195,7.26604
87,6210,7.199738
87,6225,7.1264105
87,6240,7.0468645
87,6255,6.961844
87,6270,6.872025
87,6285,6.7780366
87,6300,6.680447
87,6315,6.579785
87,6330,6.476533
87,6345,6.3711314
87,6360,6.2639847
87,6375,6.1554565
87,6390,6.045887
87,6405,5.935577
87,6420,5.824803
87,6435,5.7138247
87,6450,5.60286
87,6465,5.4921203
87,6480,5.381797
87,6495,5.2720475
87,6510,5.1630282
87,6525,5.054874
87,6540,4.947701
87,6555,4.8416176
87,6570,4.7367177
87,6585,4.633083
87,6600,4.5307875
87,6615,4.4298935
87,6630,4.330456
87,6645,4.2325225
87,6660,4.13613
87,6675,4.0413136
87,6690,3.9481
87,6705,3.8565085
87,6720,3.7665567
87,6735,3.6782556
87,6750,3.5916114
87,6765,3.5066285
87,6780,3.423306
87,6795,3.3416407
87,6810,3.2616272
87,6825,3.183256
87,6840,3.1065168
87,6855,3.031397
87,6870,2.9578812
87,6885,2.885954
87,6900,2.8155973
87,6915,2.7467918
87,6930,2.679518
87,6945,2.6137545
87,6960,2.5494795
87,6975,2.4866705
87,6990,2.4253042
87,7005,2.365357
87,7020,2.306805
87,7035,2.2496233
87,7050,2.1937876
87,7065,2.1392734
87,7080,2.0860553
87,7095,2.0341086
87,7110,1.9834085
87,7125,1.9339297
87,7140,1.8856477
87,7155,1.8385375
87,7170,1.7925748
87,7185,1.7477353
87,7200,1.7039946
88,0,0
88,3,0.00016963293
88,6,0.0012671216
88,9,0.003898579
88,12,0.00839582
88,15,0.0149067165
88,18,0.023472724
88,21,0.034079336
88,24,0.046685774
88,27,0.061240926
88,30,0.07769119
88,33,0.09598432
88,36,0.116070844
88,39,0.1379047
88,42,0.16144288
88,45,0.1866452
88,48,0.21347381
88,51,0.24189283
88,54,0.2718679
88,57,0.30336604
88,60,0.33635536
88,63,0.37080488
88,66,0.4066847
88,69,0.44396523
88,72,0.4826182
88,75,0.5226153
88,78,0.5639292
88,81,0.60653263
88,84,0.6503989
88,87,0.6955018
88,90,0.74181545
88,93,0.78931445
88,96,0.8379738
88,99,0.8877687
88,102,0.93867505
88,105,0.990669
88,108,1.0437266
88,111,1.0978248
88,114,1.1529409
88,117,1.2090524
88,120,1.2661378
88,135,1.5654083
88,150,1.8858755
88,165,2.225127
88,180,2.5809343
88,195,2.951243
88,210,3.3341382
88,225,3.7089076
88,240,4.044129
88,255,4.3416095
88,270,4.605228
88,285,4.837882
88,300,5.0420003
88,315,5.2198114
88,330,5.373381
88,345,5.504636
88,360,5.6153784
88,375,5.70729
88,390,5.781935
88,405,5.840764
88,420,5.885124
88,435,5.9162664
88,450,5.9353504
88,465,5.9434423
88,480,5.9415383
88,495,5.930553
88,510,5.9113336
88,525,5.884667
88,540,5.851275
88,555,5.811827
88,570,5.766943
88,585,5.717188
88,600,5.663089
88,615,5.605133
88,630,5.543765
88,645,5.4793887
88,660,5.4123945
88,675,5.343111
88,690,5.271861
88,705,5.1989393
88,720,5.124603
88,735,5.0640054
88,750,5.050374
88,765,5.082189
88,780,5.154245
88,795,5.26251
88,810,5.4035225
88,825,5.5741487
88,840,5.771489
88,855,5.9928384
88,870,6.2356925
88,885,6.4977393
88,900,6.7768383
88,915,7.071014
88,930,7.3784184
88,945,7.6784053
88,960,7.93959
88,975,8.163822
88,990,8.355032
88,1005,8.516144
88,1020,8.649619
88,1035,8.757709
88,1050,8.8425045
88,1065,8.905957
88,1080,8.94988
88,1095,8.975966
88,1110,8.98579
88,1125,8.980811
88,1140,8.962382
88,1155,8.931756
88,1170,8.890092
88,1185,8.838461
88,1200,8.777861
88,1215,8.7092
88,1230,8.63333
88,1245,8.551018
88,1260,8.462987
88,1275,8.369891
88,1290,8.272343
88,1305,8.170901
88,1320,8.066083
88,1335,7.9583654
88,1350,7.848181
88,1365,7.735929
88,1380,7.6219754
88,1395,7.506653
88,1410,7.390268
88,1425,7.2730985
88,1440,7.1554003
88,1455,7.05231
88,1470,6.997039
88,1485,6.9880595
88,1500,7.0201488
88,1515,7.0892634
88,1530,7.191936
88,1545,7.3250113
88,1560,7.485566
88,1575,7.6709003
88,1590,7.878507
88,1605,8.10605
88,1620,8.351366
88,1635,8.612466
88,1650,8.887495
88,1665,9.155793
88,1680,9.385955
88,1695,9.579821
88,1710,9.741304
88,1725,9.873316
88,1740,9.978307
88,1755,10.058511
88,1770,10.11601
88,1785,10.152738
88,1800,10.170502
88,1815,10.170981
88,1830,10.155741
88,1845,10.12623
88,1860,10.083787
88,1875,10.0296545
88,1890,9.964982
88,1905,9.890827
88,1920,9.808172
88,1935,9.717924
88,1950,9.620914
88,1965,9.517914
88,1980,9.409633
88,1995,9.296721
88,2010,9.179787
88,2025,9.059368
88,2040,8.93599
88,2055,8.8101
88,2070,8.682122
88,2085,8.552453
88,2100,8.42144
88,2115,8.289415
88,2130,8.156678
88,2145,8.0234995
88,2160,7.890131
88,2175,7.771708
88,2190,7.7014318
88,2205,7.6777673
88,2220,7.6954856
88,2235,7.750538
88,2250,7.83945
88,2265,7.9590597
88,2280,8.10644
88,2295,8.278881
88,2310,8.473872
88,2325,8.689073
88,2340,8.922316
88,2355,9.171602
88,2370,9.43507
88,2385,9.692058
88,2400,9.911152
88,2415,10.094186
88,2430,10.24507
88,2445,10.366709
88,2460,10.461547
88,2475,10.531814
88,2490,10.579586
88,2505,10.606795
88,2520,10.61524
88,2535,10.606598
88,2550,10.582428
88,2565,10.544176
88,2580,10.493176
88,2595,10.43067
88,2610,10.357796
88,2625,10.275613
88,2640,10.1851
88,2655,10.087155
88,2670,9.982612
88,2685,9.872237
88,2700,9.756733
88,2715,9.636749
88,2730,9.51289
88,2745,9.385696
88,2760,9.255674
88,2775,9.123289
88,2790,8.988947
88,2805,8.853051
88,2820,8.715943
88,2835,8.577947
88,2850,8.439363
88,2865,8.30046
88,2880,8.161484
88,2895,8.03757
88,2910,7.9619174
88,2925,7.93299
88,2940,7.9455557
88,2955,7.995563
88,2970,8.079536
88,2985,8.194313
88,3000,8.33696
88,3015,8.504768
88,3030,8.695224
88,3045,8.905985
88,3060,9.134883
88,3075,9.379916
88,3090,9.63922
88,3105,9.892132
88,3120,10.107236
88,3135,10.286363
88,3150,10.433422
88,3165,10.551314
88,3180,10.642485
88,3195,10.70916
88,3210,10.753414
88,3225,10.777178
88,3240,10.7822485
88,3255,10.770302
88,3270,10.742896
88,3285,10.701473
88,3300,10.647368
88,3315,10.5818205
88,3330,10.505967
88,3345,10.420866
88,3360,10.327495
88,3375,10.226749
88,3390,10.119463
88,3405,10.0064
88,3420,9.888263
88,3435,9.765699
88,3450,9.639312
88,3465,9.5096445
88,3480,9.377194
88,3495,9.242433
88,3510,9.1057625
88,3525,8.967586
88,3540,8.828244
88,3555,8.688059
88,3570,8.547329
88,3585,8.406325
88,3600,8.265289
88,3615,8.139357
88,3630,8.061727
88,3645,8.030862
88,3660,8.04153
88,3675,8.089678
88,3690,8.17183
88,3705,8.284822
88,3720,8.425721
88,3735,8.591818
88,3750,8.780596
88,3765,8.989715
88,3780,9.217004
88,3795,9.460462
88,3810,9.718222
88,3825,9.969621
88,3840,10.183243
88,3855,10.360918
88,3870,10.506556
88,3885,10.623054
88,3900,10.712858
88,3915,10.778194
88,3930,10.821137
88,3945,10.843616
88,3960,10.847427
88,3975,10.834246
88,3990,10.805629
88,4005,10.76302
88,4020,10.707752
88,4035,10.641065
88,4050,10.564094
88,4065,10.477897
88,4080,10.383452
88,4095,10.281654
88,4110,10.173336
88,4125,10.059261
88,4140,9.940132
88,4155,9.816597
88,4170,9.689255
88,4185,9.558652
88,4200,9.425284
88,4215,9.289624
88,4230,9.152075
88,4245,9.013032
88,4260,8.872844
88,4275,8.731828
88,4290,8.590284
88,4305,8.448482
88,4320,8.306663
88,4335,8.179961
88,4350,8.101579
88,4365,8.069975
88,4380,8.079919
88,4395,8.1273575
88,4410,8.208814
88,4425,8.321123
88,4440,8.461353
88,4455,8.626795
88,4470,8.81493
88,4485,9.023418
88,4500,9.25009
88,4515,9.492942
88,4530,9.750108
88,4545,10.000925
88,4560,10.213977
88,4575,10.391092
88,4590,10.5361805
88,4605,10.652141
88,4620,10.741418
88,4635,10.806237
88,4650,10.848672
88,4665,10.870652
88,4680,10.873975
88,4695,10.860314
88,4710,10.831227
88,4725,10.788157
88,4740,10.732437
88,4755,10.665306
88,4770,10.587899
88,4785,10.501276
88,4800,10.406412
88,4815,10.304203
88,4830,10.19548
88,4845,10.08101
88,4860,9.961492
88,4875,9.837575
88,4890,9.709859
88,4905,9.578889
88,4920,9.445161
88,4935,9.309147
88,4950,9.17125
88,4965,9.031867
88,4980,8.891345
88,4995,8.750001
88,5010,8.608135
88,5025,8.466017
88,5040,8.323887
88,5055,8.196882
88,5070,8.1182
88,5085,8.086304
88,5100,8.09596
88,5115,8.143116
88,5130,8.224296
88,5145,8.336333
88,5160,8.476296
88,5175,8.641476
88,5190,8.829354
88,5205,9.037591
88,5220,9.264015
88,5235,9.506625
88,5250,9.763553
88,5265,10.014136
88,5280,10.226959
88,5295,10.40385
88,5310,10.5487175
88,5325,10.66446
88,5340,10.753526
88,5355,10.818135
88,5370,10.860365
88,5385,10.882144
88,5400,10.885269
88,5415,10.871415
88,5430,10.842137
88,5445,10.798881
88,5460,10.742976
88,5475,10.675665
88,5490,10.598082
88,5505,10.511284
88,5520,10.416249
88,5535,10.313872
88,5550,10.204986
88,5565,10.090353
88,5580,9.970675
88,5595,9.846603
88,5610,9.718734
88,5625,9.587613
88,5640,9.453736
88,5655,9.317577
88,5670,9.179539
88,5685,9.040015
88,5700,8.899355
88,5715,8.757875
88,5730,8.615877
88,5745,8.473628
88,5760,8.33137
88,5775,8.20424
88,5790,8.125434
88,5805,8.093416
88,5820,8.102952
88,5835,8.149991
88,5850,8.231055
88,5865,8.34298
88,5880,8.482833
88,5895,8.6479025
88,5910,8.835674
88,5925,9.043805
88,5940,9.270126
88,5955,9.512634
88,5970,9.769464
88,5985,10.019949
88,6000,10.232676
88,6015,10.4094715
88,6030,10.554246
88,6045,10.669898
88,6060,10.758874
88,6075,10.823396
88,6090,10.865539
88,6105,10.887233
88,6120,10.890275
88,6135,10.876338
88,6150,10.84698
88,6165,10.803643
88,6180,10.747662
88,6195,10.680274
88,6210,10.602615
88,6225,10.515743
88,6240,10.420636
88,6255,10.318188
88,6270,10.20923
88,6285,10.094529
88,6300,9.974784
88,6315,9.850645
88,6330,9.72271
88,6345,9.591524
88,6360,9.457584
88,6375,9.321363
88,6390,9.183263
88,6405,9.043679
88,6420,8.90296
88,6435,8.761423
88,6450,8.619367
88,6465,8.477061
88,6480,8.334748
88,6495,8.192655
88,6510,8.050982
88,6525,7.9099126
88,6540,7.7696114
88,6555,7.630225
88,6570,7.4918876
88,6585,7.354717
88,6600,7.218818
88,6615,7.0842867
88,6630,6.9512033
88,6645,6.819642
88,6660,6.689671
88,6675,6.5613503
88,6690,6.434712
88,6705,6.3098083
88,6720,6.1866794
88,6735,6.0653625
88,6750,5.945869
88,6765,5.828224
88,6780,5.71244
88,6795,5.598526
88,6810,5.486484
88,6825,5.3763156
88,6840,5.268021
88,6855,5.161595
88,6870,5.0570307
88,6885,4.954321
88,6900,4.853457
88,6915,4.754424
88,6930,4.65721
88,6945,4.5618
88,6960,4.468176
88,6975,4.376319
88,6990,4.28621
88,7005,4.197829
88,7020,4.111152
88,7035,4.0261593
88,7050,3.9428267
88,7065,3.861132
88,7080,3.7810507
88,7095,3.7025595
88,7110,3.6256347
88,7125,3.550251
88,7140,3.4763844
88,7155,3.4040103
88,7170,3.3331034
88,7185,3.2636395
88,7200,3.1955929
89,0,0
89,3,0.0001623516
89,6,0.0011837352
89,9,0.003586484
89,12,0.007622357
89,15,0.013378638
89,18,0.020857845
89,21,0.030024635
89,24,0.040829286
89,27,0.05321956
89,30,0.067145206
89,33,0.08255984
89,36,0.09942115
89,39,0.117690645
89,42,0.13733307
89,45,0.15831591
89,48,0.18060875
89,51,0.2041828
89,54,0.22901075
89,57,0.25506637
89,60,0.28232443
89,63,0.3107605
89,66,0.340351
89,69,0.37107268
89,72,0.4029033
89,75,0.4358206
89,78,0.46980312
89,81,0.5048296
89,84,0.540879
89,87,0.5779309
89,90,0.61596507
89,93,0.6549616
89,96,0.694901
89,99,0.7357641
89,102,0.77753186
89,105,0.8201857
89,108,0.8637073
89,111,0.9080786
89,114,0.95328164
89,117,0.99929905
89,120,1.0461135
89,135,1.291554
89,150,1.5544745
89,165,1.8329936
89,180,2.1253717
89,195,2.4300022
89,210,2.7453778
89,225,3.0531976
89,240,3.3282459
89,255,3.5734327
89,270,3.7920585
89,285,3.9864233
89,300,4.1584277
89,315,4.309798
89,330,4.4421225
89,345,4.556879
89,360,4.65545
89,375,4.7391233
89,390,4.8090973
89,405,4.866482
89,420,4.912311
89,435,4.947541
89,450,4.9730644
89,465,4.9897017
89,480,4.9982157
89,495,4.999316
89,510,4.9936566
89,525,4.981843
89,540,4.9644394
89,555,4.9419622
89,570,4.9148927
89,585,4.8836756
89,600,4.84872
89,615,4.8104105
89,630,4.7690883
89,645,4.725086
89,660,4.6786957
89,675,4.630182
89,690,4.5798106
89,705,4.527803
89,720,4.474375
89,735,4.4331007
89,750,4.4311976
89,765,4.4658213
89,780,4.5325866
89,795,4.6282806
89,810,4.7501926
89,825,4.8958607
89,840,5.0630255
89,855,5.2496014
89,870,5.4536457
89,885,5.673356
89,900,5.9070654
89,915,6.153235
89,930,6.4104176
89,945,6.660381
89,960,6.8779364
89,975,7.066044
89,990,7.2280416
89,1005,7.366268
89,1020,7.4826503
89,1035,7.5789404
89,1050,7.6567554
89,1065,7.7175965
89,1080,7.7628636
89,1095,7.793861
89,1110,7.8118
89,1125,7.817803
89,1140,7.8129125
89,1155,7.798095
89,1170,7.7742453
89,1185,7.7421923
89,1200,7.7027063
89,1215,7.656496
89,1230,7.604219
89,1245,7.5464816
89,1260,7.48385
89,1275,7.4168377
89,1290,7.345925
89,1305,7.2715535
89,1320,7.19412
89,1335,7.114008
89,1350,7.0315514
89,1365,6.9470735
89,1380,6.860865
89,1395,6.7731957
89,1410,6.6843133
89,1425,6.594448
89,1440,6.503805
89,1455,6.4259553
89,1470,6.3881
89,1485,6.3873954
89,1500,6.419441
89,1515,6.4810205
89,1530,6.5694113
89,1545,6.682153
89,1560,6.8169823
89,1575,6.9717956
89,1590,7.144639
89,1605,7.3337045
89,1620,7.537319
89,1635,7.7539363
89,1650,7.9821024
89,1665,8.203575
89,1680,8.393153
89,1695,8.55379
89,1710,8.688813
89,1725,8.800553
89,1740,8.890928
89,1755,8.96168
89,1770,9.0144205
89,1785,9.050642
89,1800,9.071735
89,1815,9.078997
89,1830,9.073629
89,1845,9.056752
89,1860,9.029396
89,1875,8.992521
89,1890,8.947017
89,1905,8.893702
89,1920,8.833339
89,1935,8.766632
89,1950,8.694231
89,1965,8.616736
89,1980,8.534702
89,1995,8.448641
89,2010,8.359028
89,2025,8.266291
89,2040,8.17084
89,2055,8.073035
89,2070,7.9732122
89,2085,7.8716884
89,2100,7.7687416
89,2115,7.6646395
89,2130,7.5596232
89,2145,7.4539146
89,2160,7.347716
89,2175,7.2545967
89,2190,7.201751
89,2205,7.186333
89,2220,7.2039356
89,2235,7.2513385
89,2250,7.325814
89,2265,7.424898
89,2280,7.5463223
89,2295,7.6879787
89,2310,7.8479095
89,2325,8.024301
89,2340,8.215473
89,2355,8.41987
89,2370,8.6360445
89,2385,8.84576
89,2400,9.023797
89,2415,9.173107
89,2430,9.29701
89,2445,9.397836
89,2460,9.477497
89,2475,9.53773
89,2490,9.580146
89,2505,9.606232
89,2520,9.617374
89,2535,9.614865
89,2550,9.599908
89,2565,9.573613
89,2580,9.537012
89,2595,9.491064
89,2610,9.436647
89,2625,9.374584
89,2640,9.305633
89,2655,9.230492
89,2670,9.14981
89,2685,9.064185
89,2700,8.974167
89,2715,8.880267
89,2730,8.782955
89,2745,8.682664
89,2760,8.579786
89,2775,8.474698
89,2790,8.3677225
89,2805,8.259173
89,2820,8.149335
89,2835,8.038461
89,2850,7.9267964
89,2865,7.8145595
89,2880,7.7019496
89,2895,7.602534
89,2910,7.5435066
89,2925,7.522019
89,2940,7.5336623
89,2955,7.5752144
89,2970,7.643946
89,2985,7.7373915
89,3000,7.85328
89,3015,7.9895015
89,3030,8.144097
89,3045,8.315251
89,3060,8.501282
89,3075,8.70063
89,3090,8.911849
89,3105,9.116701
89,3120,9.289962
89,3135,9.434582
89,3150,9.553882
89,3165,9.650186
89,3180,9.725408
89,3195,9.781282
89,3210,9.819417
89,3225,9.8413
89,3240,9.848315
89,3255,9.841754
89,3270,9.822815
89,3285,9.792611
89,3300,9.752172
89,3315,9.702454
89,3330,9.644335
89,3345,9.578636
89,3360,9.506113
89,3375,9.427464
89,3390,9.343337
89,3405,9.254329
89,3420,9.160987
89,3435,9.063824
89,3450,8.963304
89,3465,8.859863
89,3480,8.753892
89,3495,8.645765
89,3510,8.535809
89,3525,8.424327
89,3540,8.311611
89,3555,8.197911
89,3570,8.083469
89,3585,7.968505
89,3600,7.8532166
89,3615,7.751169
89,3630,7.6895533
89,3645,7.6655297
89,3660,7.6746793
89,3675,7.7137814
89,3690,7.7801075
89,3705,7.871189
89,3720,7.9847426
89,3735,8.118691
89,3750,8.271061
89,3765,8.440021
89,3780,8.623897
89,3795,8.821146
89,3810,9.030301
89,3825,9.233106
89,3840,9.404357
89,3855,9.547004
89,3870,9.664366
89,3885,9.758767
89,3900,9.83212
89,3915,9.886158
89,3930,9.922489
89,3945,9.942599
89,3960,9.947874
89,3975,9.939602
89,3990,9.918984
89,4005,9.88713
89,4020,9.84507
89,4035,9.793758
89,4050,9.734075
89,4065,9.66684
89,4080,9.592806
89,4095,9.512673
89,4110,9.427091
89,4125,9.336649
89,4140,9.241901
89,4155,9.143354
89,4170,9.041476
89,4185,8.936701
89,4200,8.829419
89,4215,8.720002
89,4230,8.60878
89,4245,8.496055
89,4260,8.382116
89,4275,8.267217
89,4290,8.151595
89,4305,8.035471
89,4320,7.9190445
89,4335,7.815877
89,4350,7.753161
89,4365,7.728057
89,4380,7.7361445
89,4395,7.7742033
89,4410,7.8395047
89,4425,7.9295793
89,4440,8.042144
89,4455,8.17512
89,4470,8.326536
89,4485,8.494557
89,4500,8.677512
89,4515,8.873856
89,4530,9.082122
89,4545,9.284053
89,4560,9.454446
89,4575,9.59625
89,4590,9.712783
89,4605,9.80637
89,4620,9.878922
89,4635,9.932175
89,4650,9.967733
89,4665,9.987084
89,4680,9.991613
89,4695,9.982608
89,4710,9.961269
89,4725,9.928707
89,4740,9.885951
89,4755,9.833956
89,4770,9.7736
89,4785,9.705705
89,4800,9.6310215
89,4815,9.55025
89,4830,9.46404
89,4845,9.372981
89,4860,9.277628
89,4875,9.178485
89,4890,9.07602
89,4905,8.97067
89,4920,8.862823
89,4935,8.752849
89,4950,8.64108
89,4965,8.527817
89,4980,8.413351
89,4995,8.297933
89,5010,8.181801
89,5025,8.065175
89,5040,7.948255
89,5055,7.8446026
89,5070,7.7814097
89,5085,7.7558374
89,5100,7.7634645
89,5115,7.8010707
89,5130,7.865927
89,5145,7.955565
89,5160,8.067699
89,5175,8.2002535
89,5190,8.351254
89,5205,8.5188675
89,5220,8.701422
89,5235,8.897372
89,5250,9.10525
89,5265,9.306801
89,5280,9.47682
89,5295,9.618257
89,5310,9.734428
89,5325,9.82766
89,5340,9.899863
89,5355,9.952772
89,5370,9.987993
89,5385,10.007013
89,5400,10.011215
89,5415,10.00189
89,5430,9.980235
89,5445,9.947363
89,5460,9.904303
89,5475,9.852008
89,5490,9.791357
89,5505,9.723172
89,5520,9.648204
89,5535,9.567153
89,5550,9.480666
89,5565,9.389338
89,5580,9.293717
89,5595,9.194313
89,5610,9.091591
89,5625,8.985988
89,5640,8.877891
89,5655,8.767672
89,5670,8.655663
89,5685,8.542163
89,5700,8.427464
89,5715,8.311816
89,5730,8.195459
89,5745,8.078612
89,5760,7.961475
89,5775,7.8576083
89,5790,7.794205
89,5805,7.768425
89,5820,7.775849
89,5835,7.813255
89,5850,7.8779144
89,5865,7.967358
89,5880,8.079303
89,5895,8.21167
89,5910,8.362486
89,5925,8.52992
89,5940,8.712296
89,5955,8.908071
89,5970,9.115777
89,5985,9.317159
89,6000,9.487012
89,6015,9.628284
89,6030,9.744295
89,6045,9.837369
89,6060,9.909417
89,6075,9.962173
89,6090,9.997244
89,6105,10.016115
89,6120,10.020172
89,6135,10.010704
89,6150,9.988909
89,6165,9.955898
89,6180,9.912702
89,6195,9.860272
89,6210,9.79949
89,6225,9.731175
89,6240,9.65608
89,6255,9.5749035
89,6270,9.488295
89,6285,9.396844
89,6300,9.301105
89,6315,9.201583
89,6330,9.098745
89,6345,8.993028
89,6360,8.88482
89,6375,8.77449
89,6390,8.662374
89,6405,8.548767
89,6420,8.433964
89,6435,8.318213
89,6450,8.201755
89,6465,8.084808
89,6480,7.967572
89,6495,7.8502274
89,6510,7.7329445
89,6525,7.615872
89,6540,7.499148
89,6555,7.382898
89,6570,7.267233
89,6585,7.1522555
89,6600,7.038057
89,6615,6.92472
89,6630,6.812318
89,6645,6.7009153
89,6660,6.5905733
89,6675,6.481346
89,6690,6.37328
89,6705,6.266408
89,6720,6.1607723
89,6735,6.056409
89,6750,5.9533463
89,6765,5.851601
89,6780,5.751194
89,6795,5.6521406
89,6810,5.5544505
89,6825,5.4581304
89,6840,5.363188
89,6855,5.2696257
89,6870,5.177445
89,6885,5.0866456
89,6900,4.9972267
89,6915,4.9091854
89,6930,4.8225155
89,6945,4.7372117
89,6960,4.6532664
89,6975,4.57067
89,6990,4.489413
89,7005,4.4094834
89,7020,4.3308706
89,7035,4.2535605
89,7050,4.1775413
89,7065,4.1027985
89,7080,4.029318
89,7095,3.9570854
89,7110,3.886086
89,7125,3.8163047
89,7140,3.7477257
89,7155,3.6803336
89,7170,3.6141121
89,7185,3.5490453
89,7200,3.485117
90,0,0
90,3,0.0001781224
90,6,0.001329537
90,9,0.0040779496
90,12,0.008758633
90,15,0.015520025
90,18,0.02440532
90,21,0.035403535
90,24,0.048478596
90,27,0.06358444
90,30,0.08067224
90,33,0.099693865
90,36,0.12060314
90,39,0.14335632
90,42,0.16791195
90,45,0.19423056
90,48,0.22227435
90,51,0.2520069
90,54,0.28339288
90,57,0.31639785
90,60,0.35098818
90,63,0.3871309
90,66,0.42479366
90,69,0.4639447
90,72,0.5045527
90,75,0.546587
90,78,0.59001696
90,81,0.63481265
90,84,0.68094444
90,87,0.72838306
90,90,0.7770996
90,93,0.8270656
90,96,0.878253
90,99,0.9306341
90,102,0.98418164
90,105,1.0388687
90,108,1.0946686
90,111,1.1515554
90,114,1.2095032
90,117,1.2684866
90,120,1.3284808
90,135,1.6427618
90,150,1.9787707
90,165,2.3337927
90,180,2.7053287
90,195,3.091083
90,210,3.4889243
90,225,3.8772023
90,240,4.2232456
90,255,4.5282674
90,270,4.795881
90,285,5.0290275
90,300,5.230389
90,315,5.4024863
90,330,5.5476995
90,345,5.668272
90,360,5.766302
90,375,5.843744
90,390,5.902413
90,405,5.943993
90,420,5.9700427
90,435,5.982004
90,450,5.9812107
90,465,5.968893
90,480,5.9461927
90,495,5.914151
90,510,5.873737
90,525,5.825831
90,540,5.7712502
90,555,5.7107487
90,570,5.64501
90,585,5.574677
90,600,5.5003233
90,615,5.4224896
90,630,5.341661
90,645,5.2582865
90,660,5.1727796
90,675,5.085514
90,690,4.996821
90,705,4.9070287
90,720,4.816404
90,735,4.7407055
90,750,4.7143254
90,765,4.736232
90,780,4.8014297
90,795,4.9057364
90,810,5.0453773
90,825,5.216838
90,840,5.416836
90,855,5.6423044
90,870,5.8904
90,885,6.1584973
90,900,6.444173
90,915,6.7451982
90,930,7.0595
90,945,7.365489
90,960,7.6304955
90,975,7.8557906
90,990,8.04501
90,1005,8.201129
90,1020,8.326804
90,1035,8.4246
90,1050,8.496915
90,1065,8.545975
90,1080,8.573879
90,1095,8.582598
90,1110,8.573937
90,1125,8.549575
90,1140,8.511065
90,1155,8.459841
90,1170,8.39723
90,1185,8.324443
90,1200,8.242602
90,1215,8.152734
90,1230,8.055788
90,1245,7.9526334
90,1260,7.8440742
90,1275,7.730844
90,1290,7.6136155
90,1305,7.493003
90,1320,7.3695674
90,1335,7.2438207
90,1350,7.116231
90,1365,6.9872246
90,1380,6.85719
90,1395,6.72648
90,1410,6.5954137
90,1425,6.464281
90,1440,6.3333445
90,1455,6.2183585
90,1470,6.153677
90,1485,6.138246
90,1500,6.167053
90,1515,6.235896
90,1530,6.3409805
90,1545,6.478771
90,1560,6.645967
90,1575,6.8394823
90,1590,7.0564537
90,1605,7.2942357
90,1620,7.5503874
90,1635,7.8226604
90,1650,8.108963
90,1665,8.387688
90,1680,8.62614
90,1695,8.825578
90,1710,8.989615
90,1725,9.121214
90,1740,9.22301
90,1755,9.297545
90,1770,9.347209
90,1785,9.374213
90,1800,9.380644
90,1815,9.368445
90,1830,9.3394165
90,1845,9.295219
90,1860,9.237391
90,1875,9.167354
90,1890,9.086415
90,1905,8.995782
90,1920,8.896562
90,1935,8.789775
90,1950,8.676355
90,1965,8.557164
90,1980,8.432988
90,1995,8.30455
90,2010,8.172512
90,2025,8.0374775
90,2040,7.8999987
90,2055,7.7605786
90,2070,7.6196756
90,2085,7.4777064
90,2100,7.3350487
90,2115,7.1920447
90,2130,7.0490074
90,2145,6.906218
90,2160,6.7639256
90,2175,6.6378913
90,2190,6.5624537
90,2205,6.5365505
90,2220,6.555163
90,2235,6.614081
90,2250,6.709504
90,2265,6.83789
90,2280,6.995931
90,2295,7.180536
90,2310,7.388833
90,2325,7.6181717
90,2340,7.866105
90,2355,8.130379
90,2370,8.408894
90,2385,8.680039
90,2400,8.911113
90,2415,9.103367
90,2430,9.26041
90,2445,9.385186
90,2460,9.480357
90,2475,9.548442
90,2490,9.591809
90,2505,9.612687
90,2520,9.613158
90,2535,9.595159
90,2550,9.560482
90,2565,9.510786
90,2580,9.447601
90,2595,9.372342
90,2610,9.286316
90,2625,9.190723
90,2640,9.086673
90,2655,8.975185
90,2670,8.857187
90,2685,8.733543
90,2700,8.605024
90,2715,8.472357
90,2730,8.336191
90,2745,8.19713
90,2760,8.055725
90,2775,7.9124765
90,2790,7.7678447
90,2805,7.622242
90,2820,7.4760475
90,2835,7.329601
90,2850,7.183211
90,2865,7.0371556
90,2880,6.891686
90,2895,6.7625446
90,2910,6.684079
90,2925,6.6552267
90,2940,6.6709657
90,2955,6.7270846
90,2970,6.819781
90,2985,6.945511
90,3000,7.1009636
90,3015,7.2830467
90,3030,7.4888883
90,3045,7.715834
90,3060,7.9614367
90,3075,8.223439
90,3090,8.4997425
90,3105,8.768733
90,3120,8.997705
90,3135,9.187913
90,3150,9.342961
90,3165,9.465794
90,3180,9.55907
90,3195,9.625307
90,3210,9.666874
90,3225,9.685996
90,3240,9.684756
90,3255,9.665089
90,3270,9.628785
90,3285,9.577503
90,3300,9.512771
90,3315,9.436004
90,3330,9.348507
90,3345,9.251479
90,3360,9.146029
90,3375,9.033177
90,3390,8.913848
90,3405,8.788906
90,3420,8.659121
90,3435,8.525219
90,3450,8.387848
90,3465,8.247612
90,3480,8.105062
90,3495,7.9606934
90,3510,7.8149695
90,3525,7.668302
90,3540,7.521068
90,3555,7.373608
90,3570,7.2262287
90,3585,7.0792084
90,3600,6.9327965
90,3615,6.8027363
90,3630,6.7233744
90,3645,6.6936464
90,3660,6.708532
90,3675,6.763818
90,3690,6.855701
90,3705,6.980638
90,3720,7.1353173
90,3735,7.3166456
90,3750,7.5217505
90,3765,7.747978
90,3780,7.9928794
90,3795,8.254198
90,3810,8.529833
90,3825,8.798172
90,3840,9.026508
90,3855,9.216095
90,3870,9.370539
90,3885,9.492779
90,3900,9.585477
90,3915,9.651151
90,3930,9.692166
90,3945,9.710752
90,3960,9.708986
90,3975,9.688806
90,3990,9.652001
90,4005,9.600229
90,4020,9.53502
90,4035,9.457786
90,4050,9.369832
90,4065,9.272359
90,4080,9.166473
90,4095,9.053196
90,4110,8.93345
90,4125,8.808103
90,4140,8.677919
90,4155,8.54363
90,4170,8.40588
90,4185,8.265273
90,4200,8.122359
90,4215,7.977638
90,4230,7.8315673
90,4245,7.6845613
90,4260,7.5369964
90,4275,7.3892126
90,4290,7.241517
90,4305,7.0941873
90,4320,6.947473
90,4335,6.8171167
90,4350,6.737466
90,4365,6.7074556
90,4380,6.7220645
90,4395,6.7770805
90,4410,6.8686996
90,4425,6.9933786
90,4440,7.147805
90,4455,7.328887
90,4470,7.5337505
90,4485,7.759742
90,4500,8.004413
90,4515,8.265506
90,4530,8.54092
90,4545,8.809044
90,4560,9.037169
90,4575,9.226549
90,4590,9.380791
90,4605,9.502833
90,4620,9.595339
90,4635,9.660824
90,4650,9.701654
90,4665,9.720058
90,4680,9.718116
90,4695,9.697762
90,4710,9.660788
90,4725,9.6088505
90,4740,9.543477
90,4755,9.466084
90,4770,9.3779745
90,4785,9.280349
90,4800,9.174314
90,4815,9.060889
90,4830,8.941
90,4845,8.815512
90,4860,8.685192
90,4875,8.550767
90,4890,8.412886
90,4905,8.272149
90,4920,8.129108
90,4935,7.984263
90,4950,7.838071
90,4965,7.6909456
90,4980,7.543264
90,4995,7.3953657
90,5010,7.247558
90,5025,7.100118
90,5040,6.9532967
90,5055,6.822835
90,5070,6.7430806
90,5085,6.712969
90,5100,6.7274785
90,5115,6.7823973
90,5130,6.8739214
90,5145,6.9985065
90,5160,7.1528416
90,5175,7.3338337
90,5190,7.5386095
90,5205,7.764515
90,5220,8.009101
90,5235,8.270111
90,5250,8.545445
90,5265,8.813489
90,5280,9.041537
90,5295,9.230841
90,5310,9.385008
90,5325,9.506977
90,5340,9.59941
90,5355,9.6648245
90,5370,9.705586
90,5385,9.723923
90,5400,9.721913
90,5415,9.701494
90,5430,9.664455
90,5445,9.612455
90,5460,9.547021
90,5475,9.469567
90,5490,9.381398
90,5505,9.283714
90,5520,9.177622
90,5535,9.064141
90,5550,8.944198
90,5565,8.818655
90,5580,8.688282
90,5595,8.553805
90,5610,8.415872
90,5625,8.275085
90,5640,8.131996
90,5655,7.9871016
90,5670,7.840862
90,5685,7.69369
90,5700,7.5459623
90,5715,7.3980193
90,5730,7.2501674
90,5745,7.1026845
90,5760,6.95582
90,5775,6.8253164
90,5790,6.745521
90,5805,6.715369
90,5820,6.7298393
90,5835,6.784719
90,5850,6.8762045
90,5865,7.0007524
90,5880,7.1550508
90,5895,7.336007
90,5910,7.540747
90,5925,7.766618
90,5940,8.011169
90,5955,8.272146
90,5970,8.547447
90,5985,8.815459
90,6000,9.043475
90,6015,9.232748
90,6030,9.386884
90,6045,9.508823
90,6060,9.601227
90,6075,9.666612
90,6090,9.707345
90,6105,9.725653
90,6120,9.723617
90,6135,9.70317
90,6150,9.666105
90,6165,9.6140785
90,6180,9.548618
90,6195,9.471139
90,6210,9.382945
90,6225,9.285236
90,6240,9.17912
90,6255,9.065616
90,6270,8.945648
90,6285,8.820084
90,6300,8.689688
90,6315,8.555189
90,6330,8.417234
90,6345,8.276426
90,6360,8.133316
90,6375,7.9884005
90,6390,7.84214
90,6405,7.6949487
90,6420,7.547201
90,6435,7.3992386
90,6450,7.251368
90,6465,7.103866
90,6480,6.956983
90,6495,6.8109446
90,6510,6.665951
90,6525,6.5221825
90,6540,6.379796
90,6555,6.238938
90,6570,6.099736
90,6585,5.962289
90,6600,5.826703
90,6615,5.69307
90,6630,5.5614414
90,6645,5.4318905
90,6660,5.304474
90,6675,5.179226
90,6690,5.0561786
90,6705,4.9353623
90,6720,4.816795
90,6735,4.7004857
90,6750,4.586443
90,6765,4.474669
90,6780,4.3651586
90,6795,4.257906
90,6810,4.1529016
90,6825,4.050129
90,6840,3.949572
90,6855,3.8512132
90,6870,3.7550294
90,6885,3.6609955
90,6900,3.5690877
90,6915,3.4792786
90,6930,3.3915367
90,6945,3.3058338
90,6960,3.2221386
90,6975,3.1404176
90,6990,3.0606382
90,7005,2.982767
90,7020,2.9067698
90,7035,2.8326118
90,7050,2.760259
90,7065,2.689676
90,7080,2.620828
90,7095,2.55368
90,7110,2.488198
90,7125,2.4243464
90,7140,2.3620908
90,7155,2.3013978
90,7170,2.242232
90,7185,2.1845605
90,7200,2.12835
91,0,0
91,3,0.0001831796
91,6,0.001286572
91,9,0.0038406875
91,12,0.008109166
91,15,0.014188976
91,18,0.022088226
91,21,0.031772874
91,24,0.043192435
91,27,0.05629226
91,30,0.071019046
91,33,0.087323174
91,36,0.10515916
91,39,0.12448553
91,42,0.14526427
91,45,0.16746032
91,48,0.19104092
91,51,0.2159751
91,54,0.24223344
91,57,0.26978773
91,60,0.29861087
91,63,0.32867652
91,66,0.3599592
91,69,0.39243403
91,72,0.42607677
91,75,0.4608637
91,78,0.49677148
91,81,0.5337772
91,84,0.57185817
91,87,0.6109922
91,90,0.65115744
91,93,0.6923322
91,96,0.73449546
91,99,0.7776263
91,102,0.82170415
91,105,0.8667088
91,108,0.91262037
91,111,0.9594188
91,114,1.007085
91,117,1.0556002
91,120,1.1049457
91,135,1.3634851
91,150,1.6401201
91,165,1.9328063
91,180,2.2396538
91,195,2.558921
91,210,2.8889756
91,225,3.210419
91,240,3.4966068
91,255,3.7505143
91,270,3.9756956
91,285,4.174612
91,300,4.3493404
91,315,4.50175
91,330,4.6335845
91,345,4.7464786
91,360,4.841956
91,375,4.9214354
91,390,4.986235
91,405,5.037583
91,420,5.0766172
91,435,5.1043954
91,450,5.1218996
91,465,5.1300344
91,480,5.1296444
91,495,5.1214976
91,510,5.1063185
91,525,5.084764
91,540,5.057451
91,555,5.0249457
91,570,4.9877696
91,585,4.9464087
91,600,4.9013047
91,615,4.852871
91,630,4.801483
91,645,4.7474895
91,660,4.691219
91,675,4.6329618
91,690,4.5729785
91,705,4.5115414
91,720,4.4488626
91,735,4.3993053
91,750,4.39157
91,765,4.4227815
91,780,4.488216
91,795,4.584417
91,810,4.7084494
91,825,4.8576584
91,840,5.0295897
91,855,5.2219553
91,870,5.4326367
91,885,5.659673
91,900,5.9012523
91,915,6.1556997
91,930,6.4214425
91,945,6.679144
91,960,6.902171
91,975,7.0935645
91,990,7.2569137
91,1005,7.3947296
91,1020,7.5090427
91,1035,7.6018147
91,1050,7.6748095
91,1065,7.7296386
91,1080,7.767855
91,1095,7.7909055
91,1110,7.8001094
91,1125,7.7967005
91,1140,7.7818274
91,1155,7.7565513
91,1170,7.7218547
91,1185,7.6786427
91,1200,7.6277523
91,1215,7.5699577
91,1230,7.505974
91,1245,7.4364624
91,1260,7.3620334
91,1275,7.2832494
91,1290,7.2006273
91,1305,7.1146426
91,1320,7.0257316
91,1335,6.9342966
91,1350,6.840706
91,1365,6.7453
91,1380,6.648389
91,1395,6.550258
91,1410,6.451168
91,1425,6.3513575
91,1440,6.251043
91,1455,6.1646004
91,1470,6.1207237
91,1485,6.1164985
91,1500,6.1471834
91,1515,6.209347
91,1530,6.3000164
91,1545,6.416537
91,1560,6.5564294
91,1575,6.7174125
91,1590,6.8973565
91,1605,7.094281
91,1620,7.3063617
91,1635,7.5319157
91,1650,7.7693563
91,1665,7.999347
91,1680,8.195225
91,1695,8.360031
91,1710,8.497341
91,1725,8.6096325
91,1740,8.698983
91,1755,8.767292
91,1770,8.816313
91,1785,8.847686
91,1800,8.862927
91,1815,8.863464
91,1830,8.850619
91,1845,8.82562
91,1860,8.789601
91,1875,8.743611
91,1890,8.688622
91,1905,8.625537
91,1920,8.555186
91,1935,8.478336
91,1950,8.395698
91,1965,8.307917
91,1980,8.215596
91,1995,8.119287
91,2010,8.019496
91,2025,7.9166956
91,2040,7.8113146
91,2055,7.7037516
91,2070,7.594368
91,2085,7.4834967
91,2100,7.3714423
91,2115,7.2584815
91,2130,7.1448693
91,2145,7.0308375
91,2160,6.916597
91,2175,6.8165174
91,2190,6.759283
91,2205,6.7419815
91,2220,6.759873
91,2235,6.8094926
91,2250,6.8878894
91,2265,6.992394
91,2280,7.1205316
91,2295,7.27
91,2310,7.438665
91,2325,7.6245503
91,2340,7.825828
91,2355,8.040808
91,2370,8.267899
91,2385,8.487757
91,2400,8.673712
91,2415,8.828806
91,2430,8.956605
91,2445,9.059586
91,2460,9.139818
91,2475,9.199198
91,2490,9.239476
91,2505,9.262287
91,2520,9.269145
91,2535,9.261472
91,2550,9.240586
91,2565,9.207712
91,2580,9.1639805
91,2595,9.110436
91,2610,9.048052
91,2625,8.97772
91,2640,8.900272
91,2655,8.816473
91,2670,8.727025
91,2685,8.632579
91,2700,8.533726
91,2715,8.431021
91,2730,8.3249655
91,2745,8.216028
91,2760,8.104636
91,2775,7.991184
91,2790,7.8760333
91,2805,7.759512
91,2820,7.6419234
91,2835,7.5235424
91,2850,7.40462
91,2865,7.2853875
91,2880,7.1660523
91,2895,7.0610013
91,2910,6.998858
91,2925,6.976767
91,2940,6.9899735
91,2955,7.034997
91,2970,7.108909
91,2985,7.209005
91,3000,7.3328295
91,3015,7.478079
91,3030,7.6426077
91,3045,7.824443
91,3060,8.021757
91,3075,8.232856
91,3090,8.456148
91,3105,8.672278
91,3120,8.854584
91,3135,9.006103
91,3150,9.130401
91,3165,9.229952
91,3180,9.306825
91,3195,9.362913
91,3210,9.399967
91,3225,9.41962
91,3240,9.423383
91,3255,9.412678
91,3270,9.388823
91,3285,9.353039
91,3300,9.306456
91,3315,9.250118
91,3330,9.184996
91,3345,9.111982
91,3360,9.031906
91,3375,8.945532
91,3390,8.85356
91,3405,8.756641
91,3420,8.655366
91,3435,8.550286
91,3450,8.441905
91,3465,8.3306875
91,3480,8.217061
91,3495,8.1014185
91,3510,7.984122
91,3525,7.8654976
91,3540,7.7458477
91,3555,7.6254473
91,3570,7.5045457
91,3585,7.383373
91,3600,7.262137
91,3615,7.155222
91,3630,7.091259
91,3645,7.0673738
91,3660,7.0788317
91,3675,7.1221414
91,3690,7.1943564
91,3705,7.2928042
91,3720,7.4150057
91,3735,7.558659
91,3750,7.721637
91,3765,7.9019556
91,3780,8.097779
91,3795,8.307414
91,3810,8.52927
91,3825,8.744002
91,3840,8.924936
91,3855,9.075111
91,3870,9.198092
91,3885,9.296353
91,3900,9.371962
91,3915,9.426809
91,3930,9.462648
91,3945,9.48111
91,3960,9.4837055
91,3975,9.471855
91,3990,9.4468775
91,4005,9.409993
91,4020,9.362331
91,4035,9.304936
91,4050,9.238777
91,4065,9.164747
91,4080,9.0836735
91,4095,8.996322
91,4110,8.903392
91,4125,8.805533
91,4140,8.703337
91,4155,8.597354
91,4170,8.488087
91,4185,8.376
91,4200,8.261522
91,4215,8.145045
91,4230,8.026929
91,4245,7.907501
91,4260,7.787064
91,4275,7.6658907
91,4290,7.5442324
91,4305,7.4223166
91,4320,7.300352
91,4335,7.1927238
91,4350,7.1280537
91,4365,7.103498
91,4380,7.1142707
91,4395,7.1569276
91,4410,7.228537
91,4425,7.32635
91,4440,7.4478965
91,4455,7.59094
91,4470,7.753329
91,4485,7.933055
91,4500,8.128304
91,4515,8.337384
91,4530,8.558689
91,4545,8.772876
91,4560,8.953278
91,4575,9.102931
91,4590,9.225399
91,4605,9.323157
91,4620,9.3982725
91,4635,9.452638
91,4650,9.488003
91,4665,9.505999
91,4680,9.508139
91,4695,9.495841
91,4710,9.470426
91,4725,9.43311
91,4740,9.385026
91,4755,9.327217
91,4770,9.260653
91,4785,9.186224
91,4800,9.10476
91,4815,9.017025
91,4830,8.923718
91,4845,8.825491
91,4860,8.722932
91,4875,8.616594
91,4890,8.506978
91,4905,8.39455
91,4920,8.2797365
91,4935,8.16293
91,4950,8.044491
91,4965,7.924746
91,4980,7.803998
91,4995,7.6825194
91,5010,7.560561
91,5025,7.4383516
91,5040,7.316099
91,5055,7.2081876
91,5070,7.14324
91,5085,7.118411
91,5100,7.128917
91,5115,7.1713104
91,5130,7.242661
91,5145,7.3402233
91,5160,7.4615235
91,5175,7.604324
91,5190,7.766474
91,5205,7.9459667
91,5220,8.140985
91,5235,8.349833
91,5250,8.57092
91,5265,8.784897
91,5280,8.965086
91,5295,9.114531
91,5310,9.236794
91,5325,9.334352
91,5340,9.409269
91,5355,9.463441
91,5370,9.498616
91,5385,9.516425
91,5400,9.518382
91,5415,9.505905
91,5430,9.480312
91,5445,9.442824
91,5460,9.39457
91,5475,9.336595
91,5490,9.269865
91,5505,9.195276
91,5520,9.113654
91,5535,9.0257635
91,5550,8.932305
91,5565,8.833928
91,5580,8.731223
91,5595,8.624741
91,5610,8.514983
91,5625,8.402416
91,5640,8.287466
91,5655,8.170526
91,5670,8.051954
91,5685,7.9320807
91,5700,7.8112054
91,5715,7.6896024
91,5730,7.567522
91,5745,7.4451923
91,5760,7.3228216
91,5775,7.214794
91,5790,7.1497326
91,5805,7.124792
91,5820,7.1351886
91,5835,7.1774735
91,5850,7.2487173
91,5865,7.3461766
91,5880,7.4673758
91,5895,7.6100755
91,5910,7.7721267
91,5925,7.9515233
91,5940,8.146446
91,5955,8.355202
91,5970,8.576197
91,5985,8.790084
91,6000,8.970186
91,6015,9.119544
91,6030,9.241723
91,6045,9.339196
91,6060,9.414033
91,6075,9.468123
91,6090,9.50322
91,6105,9.520951
91,6120,9.522832
91,6135,9.51028
91,6150,9.484613
91,6165,9.447053
91,6180,9.398727
91,6195,9.340682
91,6210,9.273885
91,6225,9.199228
91,6240,9.117539
91,6255,9.029584
91,6270,8.936062
91,6285,8.837622
91,6300,8.734855
91,6315,8.628312
91,6330,8.518495
91,6345,8.405869
91,6360,8.290862
91,6375,8.173864
91,6390,8.055238
91,6405,7.9353094
91,6420,7.81438
91,6435,7.6927247
91,6450,7.570592
91,6465,7.4482117
91,6480,7.3257904
91,6495,7.2035184
91,6510,7.081567
91,6525,6.9600887
91,6540,6.839227
91,6555,6.719113
91,6570,6.5998487
91,6585,6.481546
91,6600,6.364302
91,6615,6.2481894
91,6630,6.133283
91,6645,6.0196533
91,6660,5.907356
91,6675,5.7964334
91,6690,5.686934
91,6705,5.578895
91,6720,5.472343
91,6735,5.3673053
91,6750,5.2638035
91,6765,5.161853
91,6780,5.0614667
91,6795,4.9626546
91,6810,4.8654227
91,6825,4.769773
91,6840,4.675708
91,6855,4.5832257
91,6870,4.4923205
91,6885,4.4029875
91,6900,4.31522
91,6915,4.2290053
91,6930,4.1443343
91,6945,4.061195
91,6960,3.9795718
91,6975,3.8994508
91,6990,3.8208163
91,7005,3.7436514
91,7020,3.667939
91,7035,3.5936608
91,7050,3.520799
91,7065,3.4493334
91,7080,3.3792458
91,7095,3.3105164
91,7110,3.243125
91,7125,3.177051
91,7140,3.1122751
91,7155,3.0487764
91,7170,2.9865339
91,7185,2.9255276
91,7200,2.8657365
92,0,0
92,3,0.00016993022
92,6,0.0012501391
92,9,0.0037969614
92,12,0.00809396
92,15,0.014251825
92,18,0.022284428
92,21,0.032156687
92,24,0.043812208
92,27,0.05718788
92,30,0.072220676
92,33,0.08885102
92,36,0.10702376
92,39,0.12668847
92,42,0.1477989
92,45,0.17031254
92,48,0.19418988
92,51,0.2193939
92,54,0.2458896
92,57,0.2736438
92,60,0.30262464
92,63,0.33280158
92,66,0.36414525
92,69,0.39662695
92,72,0.43021932
92,75,0.46489507
92,78,0.50062805
92,81,0.53739226
92,84,0.5751624
92,87,0.6139136
92,90,0.65362144
92,93,0.6942621
92,96,0.73581207
92,99,0.7782484
92,102,0.82154864
92,105,0.8656902
92,108,0.910651
92,111,0.95641005
92,114,1.0029465
92,117,1.05024
92,120,1.0982696
92,135,1.3487706
92,150,1.6148217
92,165,1.8942473
92,180,2.185057
92,195,2.4854336
92,210,2.7936983
92,225,3.0902894
92,240,3.3475626
92,255,3.5692136
92,270,3.7597768
92,285,3.922378
92,300,4.059555
92,315,4.173548
92,330,4.266421
92,345,4.3400755
92,360,4.396268
92,375,4.4366217
92,390,4.4626403
92,405,4.4757094
92,420,4.477108
92,435,4.46801
92,450,4.4494963
92,465,4.422563
92,480,4.3881264
92,495,4.347026
92,510,4.3000317
92,525,4.247852
92,540,4.191141
92,555,4.1304855
92,570,4.066429
92,585,3.999473
92,600,3.9300432
92,615,3.858576
92,630,3.7854238
92,645,3.7109244
92,660,3.6353955
92,675,3.5591147
92,690,3.482334
92,705,3.4052896
92,720,3.3281894
92,735,3.265472
92,750,3.246785
92,765,3.2686691
92,780,3.325366
92,795,3.412735
92,810,3.527372
92,825,3.6662624
92,840,3.8266559
92,855,4.0060277
92,870,4.202063
92,885,4.4126406
92,900,4.6358128
92,915,4.8697963
92,930,5.112941
92,945,5.345702
92,960,5.540468
92,975,5.7009273
92,990,5.8316107
92,1005,5.9356647
92,1020,6.015611
92,1035,6.073701
92,1050,6.111989
92,1065,6.132366
92,1080,6.1365743
92,1095,6.1262255
92,1110,6.102812
92,1125,6.0677037
92,1140,6.0221615
92,1155,5.9673433
92,1170,5.904313
92,1185,5.834047
92,1200,5.7574396
92,1215,5.6753135
92,1230,5.5884175
92,1245,5.497439
92,1260,5.4029956
92,1275,5.3056645
92,1290,5.2059565
92,1305,5.1043606
92,1320,5.0012903
92,1335,4.8971367
92,1350,4.792266
92,1365,4.6869645
92,1380,4.5815344
92,1395,4.4762325
92,1410,4.371273
92,1425,4.266877
92,1440,4.1632266
92,1455,4.0747404
92,1470,4.031059
92,1485,4.028699
92,1500,4.061881
92,1515,4.1264586
92,1530,4.218997
92,1545,4.3364577
92,1560,4.4760833
92,1575,4.635328
92,1590,4.811855
92,1605,5.003525
92,1620,5.2083745
92,1635,5.4246097
92,1650,5.650561
92,1665,5.866658
92,1680,6.045276
92,1695,6.1900873
92,1710,6.30561
92,1725,6.394974
92,1740,6.4606876
92,1755,6.50499
92,1770,6.5299196
92,1785,6.5373497
92,1800,6.5290127
92,1815,6.5065126
92,1830,6.471328
92,1845,6.424816
92,1860,6.368226
92,1875,6.302705
92,1890,6.229307
92,1905,6.1489987
92,1920,6.062667
92,1935,5.971116
92,1950,5.8750873
92,1965,5.775254
92,1980,5.672234
92,1995,5.5665894
92,2010,5.4588313
92,2025,5.3494215
92,2040,5.2387857
92,2055,5.1272984
92,2070,5.0153074
92,2085,4.9031277
92,2100,4.7910314
92,2115,4.679277
92,2130,4.568087
92,2145,4.4576607
92,2160,4.348181
92,2175,4.2540503
92,2190,4.204902
92,2205,4.197248
92,2220,4.2253017
92,2235,4.284913
92,2250,4.372642
92,2265,4.4854445
92,2280,4.620559
92,2295,4.7754354
92,2310,4.9477324
92,2325,5.135305
92,2340,5.336187
92,2355,5.5485797
92,2370,5.77081
92,2385,5.9833045
92,2400,6.158432
92,2415,6.2998624
92,2430,6.4121103
92,2445,6.498302
92,2460,6.5609417
92,2475,6.6022663
92,2490,6.6243114
92,2505,6.628947
92,2520,6.617902
92,2535,6.5927777
92,2550,6.55505
92,2565,6.506075
92,2580,6.447098
92,2595,6.3792624
92,2610,6.3036222
92,2625,6.2211404
92,2640,6.1327033
92,2655,6.039111
92,2670,5.941105
92,2685,5.839354
92,2700,5.734476
92,2715,5.62703
92,2730,5.517526
92,2745,5.406424
92,2760,5.294146
92,2775,5.18107
92,2790,5.0675364
92,2805,4.9538627
92,2820,4.840317
92,2835,4.727156
92,2850,4.6146045
92,2865,4.502857
92,2880,4.3920965
92,2895,4.2967243
92,2910,4.2463727
92,2925,4.237551
92,2940,4.2644734
92,2955,4.322988
92,2970,4.4096537
92,2985,4.521425
92,3000,4.65554
92,3015,4.809447
92,3030,4.980804
92,3045,5.1674657
92,3060,5.3674636
92,3075,5.5789995
92,3090,5.8003993
92,3105,6.0120792
92,3120,6.186431
92,3135,6.327096
92,3150,6.438613
92,3165,6.524093
92,3180,6.5860457
92,3195,6.6266923
92,3210,6.6480784
92,3225,6.652083
92,3240,6.640432
92,3255,6.614725
92,3270,6.576428
92,3285,6.526893
92,3300,6.467373
92,3315,6.3990116
92,3330,6.3228583
92,3345,6.239878
92,3360,6.1509533
92,3375,6.056888
92,3390,5.958422
92,3405,5.85623
92,3420,5.7509227
92,3435,5.643061
92,3450,5.533155
92,3465,5.4216638
92,3480,5.3090067
92,3495,5.195567
92,3510,5.0816836
92,3525,4.967668
92,3540,4.8537955
92,3555,4.7403107
92,3570,4.627442
92,3585,4.5153813
92,3600,4.4043097
92,3615,4.3086324
92,3630,4.257984
92,3645,4.2488747
92,3660,4.2755175
92,3675,4.3337603
92,3690,4.420162
92,3705,4.5316772
92,3720,4.6655436
92,3735,4.819209
92,3750,4.9903316
92,3765,5.176765
92,3780,5.376541
92,3795,5.5878615
92,3810,5.809052
92,3825,6.020529
92,3840,6.194683
92,3855,6.335156
92,3870,6.446486
92,3885,6.531784
92,3900,6.5935593
92,3915,6.634034
92,3930,6.655253
92,3945,6.6590943
92,3960,6.647285
92,3975,6.6214237
92,3990,6.582976
92,4005,6.5332947
92,4020,6.4736323
92,4035,6.405132
92,4050,6.3288436
92,4065,6.245732
92,4080,6.1566787
92,4095,6.0624886
92,4110,5.9639006
92,4125,5.8615894
92,4140,5.756167
92,4155,5.648193
92,4170,5.5381765
92,4185,5.426578
92,4200,5.3138165
92,4215,5.2002754
92,4230,5.0862927
92,4245,4.97218
92,4260,4.8582134
92,4275,4.7446365
92,4290,4.6316776
92,4305,4.5195293
92,4320,4.4083724
92,4335,4.3126116
92,4350,4.261882
92,4365,4.252693
92,4380,4.2792583
92,4395,4.337425
92,4410,4.4237533
92,4425,4.5351963
92,4440,4.6689925
92,4455,4.8225894
92,4470,4.9936447
92,4485,5.1800127
92,4500,5.379725
92,4515,5.5909834
92,4530,5.812113
92,4545,6.02353
92,4560,6.197626
92,4575,6.3380423
92,4590,6.449317
92,4605,6.534561
92,4620,6.5962834
92,4635,6.6367064
92,4650,6.6578746
92,4665,6.6616664
92,4680,6.649809
92,4695,6.6239004
92,4710,6.5854063
92,4725,6.5356803
92,4740,6.475973
92,4755,6.4074297
92,4770,6.331099
92,4785,6.247946
92,4800,6.158852
92,4815,6.064622
92,4830,5.9659953
92,4845,5.8636465
92,4860,5.7581863
92,4875,5.6501756
92,4890,5.540124
92,4905,5.4284906
92,4920,5.315695
92,4935,5.2021203
92,4950,5.0881047
92,4965,4.9739594
92,4980,4.8599615
92,4995,4.7463536
92,5010,4.6333647
92,5025,4.521187
92,5040,4.410001
92,5055,4.314212
92,5070,4.263454
92,5085,4.254238
92,5100,4.280776
92,5115,4.3389173
92,5130,4.4252195
92,5145,4.5366373
92,5160,4.6704087
92,5175,4.8239813
92,5190,4.995013
92,5205,5.181358
92,5220,5.3810477
92,5235,5.5922832
92,5250,5.813391
92,5265,6.024787
92,5280,6.198862
92,5295,6.3392572
92,5310,6.450512
92,5325,6.535736
92,5340,6.5974393
92,5355,6.637843
92,5370,6.6589923
92,5385,6.662766
92,5400,6.65089
92,5415,6.624964
92,5430,6.5864525
92,5445,6.5367093
92,5460,6.4769855
92,5475,6.4084253
92,5490,6.332079
92,5505,6.24891
92,5520,6.1598005
92,5535,6.065555
92,5550,5.966913
92,5565,5.8645496
92,5580,5.759075
92,5595,5.65105
92,5610,5.5409846
92,5625,5.429337
92,5640,5.316528
92,5655,5.20294
92,5670,5.088911
92,5685,4.9747534
92,5700,4.8607426
92,5715,4.7471223
92,5730,4.6341214
92,5745,4.5219316
92,5760,4.4107337
92,5775,4.314933
92,5790,4.264164
92,5805,4.2549367
92,5820,4.281464
92,5835,4.3395944
92,5850,4.4258857
92,5865,4.5372934
92,5880,4.6710544
92,5895,4.824617
92,5910,4.995639
92,5925,5.181974
92,5940,5.3816543
92,5955,5.5928807
92,5970,5.813979
92,5985,6.025366
92,6000,6.199432
92,6015,6.339819
92,6030,6.4510646
92,6045,6.53628
92,6060,6.5979753
92,6075,6.638371
92,6090,6.659512
92,6105,6.6632776
92,6120,6.651394
92,6135,6.62546
92,6150,6.5869412
92,6165,6.5371904
92,6180,6.4774594
92,6195,6.408892
92,6210,6.3325386
92,6225,6.2493625
92,6240,6.1602464
92,6255,6.0659943
92,6270,5.9673457
92,6285,5.8649755
92,6300,5.759495
92,6315,5.6514635
92,6330,5.5413914
92,6345,5.429738
92,6360,5.3169227
92,6375,5.2033286
92,6390,5.0892944
92,6405,4.9751306
92,6420,4.8611145
92,6435,4.7474885
92,6450,4.634482
92,6465,4.522287
92,6480,4.4110837
92,6495,4.30103
92,6510,4.192263
92,6525,4.084907
92,6540,3.9790678
92,6555,3.874836
92,6570,3.7722914
92,6585,3.6714993
92,6600,3.572515
92,6615,3.475384
92,6630,3.380143
92,6645,3.2868183
92,6660,3.1954315
92,6675,3.1059985
92,6690,3.0185318
92,6705,2.933023
92,6720,2.8494763
92,6735,2.7678905
92,6750,2.6882622
92,6765,2.6105688
92,6780,2.534798
92,6795,2.4609299
92,6810,2.3889413
92,6825,2.3188057
92,6840,2.2504964
92,6855,2.1839862
92,6870,2.1192448
92,6885,2.0562422
92,6900,1.9949483
92,6915,1.9353322
92,6930,1.8773599
92,6945,1.8210005
92,6960,1.7662205
92,6975,1.7129854
92,6990,1.6612617
92,7005,1.6110153
92,7020,1.5622119
92,7035,1.514817
92,7050,1.4687973
92,7065,1.424119
92,7080,1.380749
92,7095,1.3386542
92,7110,1.2978028
92,7125,1.2581623
92,7140,1.2197013
92,7155,1.1823888
92,7170,1.1461941
92,7185,1.111087
92,7200,1.0770377
93,0,0
93,3,0.00016919708
93,6,0.0012562199
93,9,0.0038417254
93,12,0.008224105
93,15,0.014521199
93,18,0.022751855
93,21,0.0328861
93,24,0.044873293
93,27,0.05865644
93,30,0.07417866
93,33,0.09138619
93,36,0.11022923
93,39,0.13066204
93,42,0.15264244
93,45,0.17613144
93,48,0.20109245
93,51,0.22749092
93,54,0.25529394
93,57,0.28447
93,60,0.3149888
93,63,0.34682083
93,66,0.3799378
93,69,0.41431174
93,72,0.44991586
93,75,0.48672345
93,78,0.5247087
93,81,0.5638459
93,84,0.60410994
93,87,0.64547616
93,90,0.6879202
93,93,0.73141825
93,96,0.77594674
93,99,0.82148266
93,102,0.8680033
93,105,0.9154862
93,108,0.9639091
93,111,1.0132505
93,114,1.0634893
93,117,1.1146047
93,120,1.1665753
93,135,1.4385612
93,150,1.7290183
93,165,2.035708
93,180,2.3565686
93,195,2.6897058
93,210,3.0333555
93,225,3.367502
93,240,3.6632574
93,255,3.923502
93,270,4.152192
93,285,4.352143
93,300,4.525714
93,315,4.6750293
93,330,4.8020706
93,345,4.9086795
93,360,4.996566
93,375,5.06732
93,390,5.1224194
93,405,5.163236
93,420,5.1910396
93,435,5.207001
93,450,5.2122083
93,465,5.2076635
93,480,5.194293
93,495,5.1729536
93,510,5.144437
93,525,5.1094694
93,540,5.068724
93,555,5.0228276
93,570,4.9723434
93,585,4.917795
93,600,4.859677
93,615,4.798403
93,630,4.7344027
93,645,4.668034
93,660,4.59963
93,675,4.5295167
93,690,4.4579763
93,705,4.385272
93,720,4.311646
93,735,4.2518477
93,750,4.2367067
93,765,4.2635484
93,780,4.3271565
93,795,4.4236684
93,810,4.549789
93,825,4.702553
93,840,4.8792343
93,855,5.0772977
93,870,5.2944036
93,885,5.528394
93,900,5.7772784
93,915,6.03923
93,930,6.312539
93,945,6.5772142
93,960,6.804448
93,975,6.9971075
93,990,7.159197
93,1005,7.2935557
93,1020,7.4025564
93,1035,7.4883423
93,1050,7.552911
93,1065,7.5981145
93,1080,7.625671
93,1095,7.6371794
93,1110,7.6341095
93,1125,7.6178374
93,1140,7.5896277
93,1155,7.5506496
93,1170,7.5019894
93,1185,7.444641
93,1200,7.3795247
93,1215,7.3074913
93,1230,7.2293167
93,1245,7.1457214
93,1260,7.057368
93,1275,6.964859
93,1290,6.868754
93,1305,6.769563
93,1320,6.667753
93,1335,6.563755
93,1350,6.457961
93,1365,6.350732
93,1380,6.2423887
93,1395,6.1332383
93,1410,6.0235405
93,1425,5.913549
93,1440,5.803483
93,1455,5.7080584
93,1470,5.6581125
93,1485,5.6509533
93,1500,5.6813507
93,1515,5.74543
93,1530,5.839882
93,1545,5.9617195
93,1560,6.1082067
93,1575,6.276798
93,1590,6.465133
93,1605,6.671038
93,1620,6.892511
93,1635,7.127707
93,1650,7.3749027
93,1665,7.6140976
93,1680,7.8164644
93,1695,7.984853
93,1710,8.123256
93,1725,8.234496
93,1740,8.320936
93,1755,8.384704
93,1770,8.427781
93,1785,8.45201
93,1800,8.459101
93,1815,8.450631
93,1830,8.428069
93,1845,8.3927765
93,1860,8.346
93,1875,8.288907
93,1890,8.222565
93,1905,8.14796
93,1920,8.066008
93,1935,7.977539
93,1950,7.88333
93,1965,7.784086
93,1980,7.680459
93,1995,7.5730495
93,2010,7.4624014
93,2025,7.349019
93,2040,7.2333627
93,2055,7.11585
93,2070,6.996869
93,2085,6.876768
93,2100,6.755872
93,2115,6.634462
93,2130,6.512815
93,2145,6.3911605
93,2160,6.2697124
93,2175,6.1632075
93,2190,6.102398
93,2205,6.0846624
93,2220,6.104755
93,2235,6.1587677
93,2250,6.243398
93,2265,6.355667
93,2280,6.4928107
93,2295,6.652281
93,2310,6.8317227
93,2325,7.028957
93,2340,7.2419724
93,2355,7.4689164
93,2370,7.7080603
93,2385,7.9393992
93,2400,8.134108
93,2415,8.295025
93,2430,8.426141
93,2445,8.53027
93,2460,8.609772
93,2475,8.666769
93,2490,8.70324
93,2505,8.721023
93,2520,8.721817
93,2535,8.707206
93,2550,8.678646
93,2565,8.637495
93,2580,8.585007
93,2595,8.522338
93,2610,8.450556
93,2625,8.370644
93,2640,8.283508
93,2655,8.189984
93,2670,8.090841
93,2685,7.9867864
93,2700,7.878465
93,2715,7.766476
93,2730,7.6513543
93,2745,7.533607
93,2760,7.4136825
93,2775,7.2920027
93,2790,7.168951
93,2805,7.0448737
93,2820,6.9200926
93,2835,6.7948947
93,2850,6.6695433
93,2865,6.5442758
93,2880,6.419306
93,2895,6.309371
93,2910,6.245213
93,2925,6.224209
93,2940,6.241111
93,2955,6.2920094
93,2970,6.3736
93,2985,6.4829016
93,3000,6.6171494
93,3015,6.7737927
93,3030,6.9504757
93,3045,7.1450167
93,3060,7.3554034
93,3075,7.5797815
93,3090,7.816421
93,3105,8.045316
93,3120,8.2376375
93,3135,8.396226
93,3150,8.525067
93,3165,8.626976
93,3180,8.70431
93,3195,8.75919
93,3210,8.793593
93,3225,8.809357
93,3240,8.808179
93,3255,8.791642
93,3270,8.761202
93,3285,8.718214
93,3300,8.663932
93,3315,8.599511
93,3330,8.526017
93,3345,8.444433
93,3360,8.355665
93,3375,8.260546
93,3390,8.159844
93,3405,8.054268
93,3420,7.9444585
93,3435,7.8310165
93,3450,7.7144756
93,3465,7.595341
93,3480,7.4740624
93,3495,7.3510594
93,3510,7.2267146
93,3525,7.101374
93,3540,6.9753594
93,3555,6.848955
93,3570,6.722426
93,3585,6.596007
93,3600,6.469912
93,3615,6.358878
93,3630,6.2936463
93,3645,6.2715926
93,3660,6.2874694
93,3675,6.3373666
93,3690,6.4179792
93,3705,6.5263247
93,3720,6.6596384
93,3735,6.8153696
93,3750,6.9911613
93,3765,7.1848316
93,3780,7.3943677
93,3795,7.617915
93,3810,7.8537426
93,3825,8.081844
93,3840,8.273391
93,3855,8.431221
93,3870,8.559322
93,3885,8.660507
93,3900,8.737135
93,3915,8.791323
93,3930,8.825051
93,3945,8.840154
93,3960,8.83833
93,3975,8.821162
93,3990,8.790105
93,4005,8.746513
93,4020,8.691642
93,4035,8.626644
93,4050,8.552586
93,4065,8.470449
93,4080,8.381143
93,4095,8.285496
93,4110,8.184278
93,4125,8.078197
93,4140,7.967894
93,4155,7.8539696
93,4170,7.736956
93,4185,7.61736
93,4200,7.49563
93,4215,7.372185
93,4230,7.2474084
93,4245,7.1216455
93,4260,6.995217
93,4275,6.868408
93,4290,6.741483
93,4305,6.614677
93,4320,6.4882035
93,4335,6.376799
93,4350,6.311205
93,4365,6.288797
93,4380,6.3043265
93,4395,6.3538847
93,4410,6.434165
93,4425,6.5421863
93,4440,6.6751823
93,4455,6.8306026
93,4470,7.0060906
93,4485,7.199464
93,4500,7.408709
93,4515,7.6319723
93,4530,7.867522
93,4545,8.09535
93,4560,8.286632
93,4575,8.444201
93,4590,8.572047
93,4605,8.672983
93,4620,8.749366
93,4635,8.803315
93,4650,8.836809
93,4665,8.851683
93,4680,8.849635
93,4695,8.832248
93,4710,8.800976
93,4725,8.757174
93,4740,8.702096
93,4755,8.636896
93,4770,8.56264
93,4785,8.480311
93,4800,8.390814
93,4815,8.294982
93,4830,8.193583
93,4845,8.087323
93,4860,7.976846
93,4875,7.862751
93,4890,7.7455707
93,4905,7.6258106
93,4920,7.5039196
93,4935,7.380318
93,4950,7.2553873
93,4965,7.129473
93,4980,7.0028973
93,4995,6.875944
93,5010,6.748877
93,5025,6.621932
93,5040,6.495322
93,5055,6.3837843
93,5070,6.3180594
93,5085,6.295523
93,5100,6.310928
93,5115,6.360363
93,5130,6.440523
93,5145,6.548426
93,5160,6.681307
93,5175,6.836614
93,5190,7.011991
93,5205,7.2052555
93,5220,7.4143944
93,5235,7.637553
93,5250,7.8730006
93,5265,8.10073
93,5280,8.291912
93,5295,8.449387
93,5310,8.577138
93,5325,8.677981
93,5340,8.754273
93,5355,8.808134
93,5370,8.841541
93,5385,8.85633
93,5400,8.854199
93,5415,8.836729
93,5430,8.805377
93,5445,8.761497
93,5460,8.706341
93,5475,8.641066
93,5490,8.566735
93,5505,8.484333
93,5520,8.394765
93,5535,8.298862
93,5550,8.197394
93,5565,8.091067
93,5580,7.980524
93,5595,7.8663635
93,5610,7.7491198
93,5625,7.6292973
93,5640,7.507345
93,5655,7.383683
93,5670,7.258693
93,5685,7.1327214
93,5700,7.0060887
93,5715,6.8790793
93,5730,6.751958
93,5745,6.624959
93,5760,6.4982967
93,5775,6.3867073
93,5790,6.3209314
93,5805,6.2983456
93,5820,6.313701
93,5835,6.363088
93,5850,6.4432015
93,5865,6.5510583
93,5880,6.6838937
93,5895,6.8391566
93,5910,7.01449
93,5925,7.207712
93,5940,7.416809
93,5955,7.6399264
93,5970,7.8753333
93,5985,8.103023
93,6000,8.294167
93,6015,8.451603
93,6030,8.579317
93,6045,8.680123
93,6060,8.75638
93,6075,8.8102045
93,6090,8.843577
93,6105,8.858332
93,6120,8.856167
93,6135,8.838664
93,6150,8.80728
93,6165,8.763367
93,6180,8.70818
93,6195,8.642875
93,6210,8.568515
93,6225,8.486082
93,6240,8.396485
93,6255,8.300554
93,6270,8.199058
93,6285,8.092704
93,6300,7.9821334
93,6315,7.867946
93,6330,7.750676
93,6345,7.6308284
93,6360,7.5088506
93,6375,7.3851643
93,6390,7.26015
93,6405,7.1341543
93,6420,7.007498
93,6435,6.8804655
93,6450,6.753321
93,6465,6.6263003
93,6480,6.499616
93,6495,6.3734612
93,6510,6.24801
93,6525,6.123418
93,6540,5.999826
93,6555,5.8773565
93,6570,5.75612
93,6585,5.6362176
93,6600,5.5177402
93,6615,5.400749
93,6630,5.2853217
93,6645,5.171521
93,6660,5.059391
93,6675,4.948966
93,6690,4.8402915
93,6705,4.7334013
93,6720,4.6283016
93,6735,4.5250173
93,6750,4.4235635
93,6765,4.323945
93,6780,4.226163
93,6795,4.130218
93,6810,4.0361075
93,6825,3.9438229
93,6840,3.853356
93,6855,3.7646952
93,6870,3.6778274
93,6885,3.592735
93,6900,3.5094032
93,6915,3.427815
93,6930,3.3479466
93,6945,3.269779
93,6960,3.1932907
93,6975,3.1184592
93,6990,3.0452585
93,7005,2.9736652
93,7020,2.9036548
93,7035,2.835201
93,7050,2.7682774
93,7065,2.7028584
93,7080,2.6389172
93,7095,2.576427
93,7110,2.5153613
93,7125,2.4556937
93,7140,2.3973973
93,7155,2.340445
93,7170,2.2848115
93,7185,2.2304702
93,7200,2.1773944
94,0,0
94,3,0.00016345625
94,6,0.001250526
94,9,0.0038831534
94,12,0.008397816
94,15,0.014936447
94,18,0.023528045
94,21,0.034142822
94,24,0.046724487
94,27,0.061207425
94,30,0.077525206
94,33,0.09561471
94,36,0.11541745
94,39,0.13688004
94,42,0.15995368
94,45,0.18459362
94,48,0.2107584
94,51,0.23840934
94,54,0.26750994
94,57,0.29802552
94,60,0.32992306
94,63,0.36317065
94,66,0.39773786
94,69,0.43359473
94,72,0.4707128
94,75,0.5090637
94,78,0.5486202
94,81,0.5893551
94,84,0.6312419
94,87,0.6742547
94,90,0.7183679
94,93,0.7635565
94,96,0.8097958
94,99,0.8570617
94,102,0.90533054
94,105,0.9545785
94,108,1.0047824
94,111,1.05592
94,114,1.1079693
94,117,1.1609087
94,120,1.2147157
94,135,1.4960377
94,150,1.7960167
94,165,2.11232
94,180,2.4428015
94,195,2.7854908
94,210,3.1385593
94,225,3.4813461
94,240,3.782874
94,255,4.0465217
94,270,4.2769866
94,285,4.4774423
94,300,4.6504416
94,315,4.798246
94,330,4.9229484
94,345,5.026489
94,360,5.1106687
94,375,5.177161
94,390,5.227522
94,405,5.263192
94,420,5.285507
94,435,5.2956977
94,450,5.294901
94,465,5.284171
94,480,5.2644796
94,495,5.2367215
94,510,5.201723
94,525,5.1602473
94,540,5.112996
94,555,5.0606184
94,570,5.0036945
94,585,4.9427924
94,600,4.878389
94,615,4.810938
94,630,4.7408733
94,645,4.668558
94,660,4.5943565
94,675,4.5185876
94,690,4.4415464
94,705,4.3635015
94,720,4.2847066
94,735,4.220322
94,750,4.203283
94,765,4.2305803
94,780,4.296182
94,795,4.395791
94,810,4.52588
94,825,4.683332
94,840,4.8652835
94,855,5.069074
94,870,5.2922583
94,885,5.5325856
94,900,5.7879815
94,915,6.056535
94,930,6.336467
94,945,6.60715
94,960,6.837664
94,975,7.0313983
94,990,7.1930637
94,1005,7.325875
94,1020,7.432385
94,1035,7.5148797
94,1050,7.5754614
94,1065,7.6160736
94,1080,7.6385155
94,1095,7.644464
94,1110,7.635474
94,1125,7.612985
94,1140,7.578324
94,1155,7.5327163
94,1170,7.4772935
94,1185,7.413098
94,1200,7.3410916
94,1215,7.262158
94,1230,7.17711
94,1245,7.086696
94,1260,6.991606
94,1275,6.892463
94,1290,6.7898526
94,1305,6.6842875
94,1320,6.576263
94,1335,6.4662066
94,1350,6.3545322
94,1365,6.241598
94,1380,6.127747
94,1395,6.0132775
94,1410,5.898471
94,1425,5.783574
94,1440,5.668817
94,1455,5.569329
94,1470,5.518047
94,1485,5.5119443
94,1500,5.5449724
94,1515,5.6128187
94,1530,5.7119393
94,1545,5.8391953
94,1560,5.9917135
94,1575,6.1668153
94,1590,6.362036
94,1605,6.5751095
94,1620,6.8039436
94,1635,7.0466127
94,1650,7.301322
94,1665,7.547429
94,1680,7.7539935
94,1695,7.9243875
94,1710,8.063312
94,1725,8.173961
94,1740,8.258874
94,1755,8.320325
94,1770,8.360401
94,1785,8.381029
94,1800,8.383999
94,1815,8.370971
94,1830,8.343492
94,1845,8.302987
94,1860,8.2507715
94,1875,8.188059
94,1890,8.115969
94,1905,8.035537
94,1920,7.947709
94,1935,7.8533654
94,1950,7.7532997
94,1965,7.6482534
94,1980,7.5388956
94,1995,7.4258494
94,2010,7.309682
94,2025,7.1909137
94,2040,7.0700207
94,2055,6.9474354
94,2070,6.823553
94,2085,6.6987314
94,2100,6.5732965
94,2115,6.447545
94,2130,6.321745
94,2145,6.1961365
94,2160,6.0709414
94,2175,5.9612956
94,2190,5.9001193
94,2205,5.8843784
94,2220,5.9080176
94,2235,5.9667187
94,2250,6.0569315
94,2265,6.1755104
94,2280,6.3195777
94,2295,6.486449
94,2310,6.6736536
94,2325,6.878918
94,2340,7.100147
94,2355,7.335409
94,2370,7.5829043
94,2385,7.8219857
94,2400,8.021706
94,2415,8.1854315
94,2430,8.317861
94,2445,8.422181
94,2460,8.50093
94,2475,8.556374
94,2490,8.590597
94,2505,8.605524
94,2520,8.602937
94,2535,8.584496
94,2550,8.551741
94,2565,8.506094
94,2580,8.448869
94,2595,8.381274
94,2610,8.304427
94,2625,8.219357
94,2640,8.127012
94,2655,8.028263
94,2670,7.923907
94,2685,7.814678
94,2700,7.701245
94,2715,7.5842257
94,2730,7.4641857
94,2745,7.341642
94,2760,7.2170696
94,2775,7.090897
94,2790,6.9635186
94,2805,6.8352895
94,2820,6.706534
94,2835,6.577545
94,2850,6.44859
94,2865,6.319907
94,2880,6.191714
94,2895,6.079145
94,2910,6.01512
94,2925,5.996602
94,2940,6.0175347
94,2955,6.073598
94,2970,6.16124
94,2985,6.277313
94,3000,6.418938
94,3015,6.58343
94,3030,6.768315
94,3045,6.971319
94,3060,7.1903443
94,3075,7.423459
94,3090,7.6688614
94,3105,7.905903
94,3120,8.103634
94,3135,8.265422
94,3150,8.395961
94,3165,8.498438
94,3180,8.57539
94,3195,8.629083
94,3210,8.661596
94,3225,8.674857
94,3240,8.670646
94,3255,8.6506195
94,3270,8.61632
94,3285,8.569166
94,3300,8.51047
94,3315,8.4414425
94,3330,8.363196
94,3345,8.276762
94,3360,8.183086
94,3375,8.083039
94,3390,7.977417
94,3405,7.866952
94,3420,7.7523136
94,3435,7.6341186
94,3450,7.512932
94,3465,7.3892684
94,3480,7.263603
94,3495,7.136365
94,3510,7.007946
94,3525,6.8787026
94,3540,6.7489567
94,3555,6.619002
94,3570,6.489104
94,3585,6.3595014
94,3600,6.23041
94,3615,6.1169653
94,3630,6.052085
94,3645,6.0327325
94,3660,6.052851
94,3675,6.10812
94,3690,6.194987
94,3705,6.3103037
94,3720,6.4511905
94,3735,6.614962
94,3750,6.7991443
94,3765,7.001463
94,3780,7.219819
94,3795,7.452281
94,3810,7.6970463
94,3825,7.9334655
94,3840,8.13059
94,3855,8.291785
94,3870,8.421746
94,3885,8.523659
94,3900,8.6000595
94,3915,8.6532135
94,3930,8.685203
94,3945,8.69795
94,3960,8.693237
94,3975,8.672722
94,3990,8.637944
94,4005,8.590324
94,4020,8.531173
94,4035,8.461699
94,4050,8.383018
94,4065,8.296159
94,4080,8.202067
94,4095,8.101615
94,4110,7.995597
94,4125,7.884745
94,4140,7.7697287
94,4155,7.651164
94,4170,7.5296164
94,4185,7.4056
94,4200,7.27959
94,4215,7.1520147
94,4230,7.023267
94,4245,6.893701
94,4260,6.763641
94,4275,6.633379
94,4290,6.50318
94,4305,6.3732843
94,4320,6.2439065
94,4335,6.130181
94,4350,6.0650268
94,4365,6.0454063
94,4380,6.0652633
94,4395,6.120276
94,4410,6.2068925
94,4425,6.3219647
94,4440,6.462613
94,4455,6.626151
94,4470,6.8101053
94,4485,7.0122004
94,4500,7.230339
94,4515,7.462588
94,4530,7.7071447
94,4545,7.9433603
94,4560,8.1402855
94,4575,8.301287
94,4590,8.431057
94,4605,8.5327835
94,4620,8.609002
94,4635,8.661978
94,4650,8.693792
94,4665,8.70637
94,4680,8.701491
94,4695,8.680813
94,4710,8.645875
94,4725,8.598099
94,4740,8.5387945
94,4755,8.469172
94,4770,8.390345
94,4785,8.303342
94,4800,8.209111
94,4815,8.108521
94,4830,8.002369
94,4845,7.8913856
94,4860,7.776241
94,4875,7.6575503
94,4890,7.535879
94,4905,7.411742
94,4920,7.2856145
94,4935,7.157923
94,4950,7.0290623
94,4965,6.899386
94,4980,6.769217
94,4995,6.638849
94,5010,6.5085464
94,5025,6.3785486
94,5040,6.2490706
94,5055,6.1352477
94,5070,6.0699973
94,5085,6.0502834
94,5100,6.070049
94,5115,6.1249714
94,5130,6.2115
94,5145,6.3264866
94,5160,6.46705
94,5175,6.6305056
94,5190,6.8143787
94,5205,7.016395
94,5220,7.2344556
94,5235,7.4666286
94,5250,7.711111
94,5265,7.947254
94,5280,8.144108
94,5295,8.305038
94,5310,8.434741
94,5325,8.536401
94,5340,8.612554
94,5355,8.665464
94,5370,8.697216
94,5385,8.709732
94,5400,8.704792
94,5415,8.684054
94,5430,8.649058
94,5445,8.601225
94,5460,8.541864
94,5475,8.472187
94,5490,8.393306
94,5505,8.30625
94,5520,8.211967
94,5535,8.111327
94,5550,8.005125
94,5565,7.8940926
94,5580,7.7789
94,5595,7.6601624
94,5610,7.5384455
94,5625,7.4142632
94,5640,7.288091
94,5655,7.1603565
94,5670,7.0314527
94,5685,6.9017344
94,5700,6.7715244
94,5715,6.6411157
94,5730,6.5107737
94,5745,6.3807373
94,5760,6.251221
94,5775,6.137361
94,5790,6.0720744
94,5805,6.0523243
94,5820,6.0720544
94,5835,6.1269426
94,5850,6.213437
94,5865,6.32839
94,5880,6.468921
94,5895,6.6323447
94,5910,6.8161864
94,5925,7.018172
94,5940,7.2362022
94,5955,7.4683456
94,5970,7.712799
94,5985,7.948913
94,6000,8.14574
94,6015,8.306643
94,6030,8.436317
94,6045,8.5379505
94,6060,8.614078
94,6075,8.666964
94,6090,8.698689
94,6105,8.711181
94,6120,8.706217
94,6135,8.685455
94,6150,8.650435
94,6165,8.602579
94,6180,8.543197
94,6195,8.473496
94,6210,8.394593
94,6225,8.307517
94,6240,8.213213
94,6255,8.112553
94,6270,8.00633
94,6285,7.895278
94,6300,7.780066
94,6315,7.6613092
94,6330,7.539573
94,6345,7.415373
94,6360,7.289182
94,6375,7.16143
94,6390,7.0325084
94,6405,6.902773
94,6420,6.772546
94,6435,6.642121
94,6450,6.511762
94,6465,6.3817096
94,6480,6.252178
94,6495,6.123365
94,6510,5.9954443
94,6525,5.8685694
94,6540,5.742885
94,6555,5.6185136
94,6570,5.4955616
94,6585,5.3741302
94,6600,5.254301
94,6615,5.1361456
94,6630,5.0197287
94,6645,4.9051013
94,6660,4.7923093
94,6675,4.68139
94,6690,4.5723715
94,6705,4.4652777
94,6720,4.3601284
94,6735,4.2569323
94,6750,4.155699
94,6765,4.056432
94,6780,3.959128
94,6795,3.8637834
94,6810,3.7703915
94,6825,3.678939
94,6840,3.5894136
94,6855,3.5017993
94,6870,3.4160774
94,6885,3.332228
94,6900,3.2502303
94,6915,3.17006
94,6930,3.0916936
94,6945,3.015106
94,6960,2.9402702
94,6975,2.8671594
94,6990,2.7957458
94,7005,2.726001
94,7020,2.6578965
94,7035,2.5914028
94,7050,2.5264904
94,7065,2.46313
94,7080,2.4012918
94,7095,2.340946
94,7110,2.2820628
94,7125,2.2246127
94,7140,2.168566
94,7155,2.1138935
94,7170,2.060566
94,7185,2.0085547
94,7200,1.9578308
95,0,0
95,3,0.00017974187
95,6,0.0013401349
95,9,0.004063706
95,12,0.008622928
95,15,0.015108652
95,18,0.023516623
95,21,0.033799108
95,24,0.045891546
95,27,0.059726715
95,30,0.07524007
95,33,0.092372224
95,36,0.111069255
95,39,0.13128239
95,42,0.15296732
95,45,0.17608342
95,48,0.20059295
95,51,0.22646043
95,54,0.25365227
95,57,0.28213644
95,60,0.31188226
95,63,0.3428599
95,66,0.3750409
95,69,0.40839702
95,72,0.4429015
95,75,0.47852743
95,78,0.51524895
95,81,0.55304044
95,84,0.5918767
95,87,0.63173306
95,90,0.6725852
95,93,0.7144095
95,96,0.75718236
95,99,0.80088085
95,102,0.8454825
95,105,0.89096487
95,108,0.9373059
95,111,0.9844844
95,114,1.0324793
95,117,1.0812702
95,120,1.1308352
95,135,1.3895947
95,150,1.6648505
95,165,1.9544032
95,180,2.2562363
95,195,2.5685058
95,210,2.8894994
95,225,3.198576
95,240,3.467929
95,255,3.7018108
95,270,3.9045503
95,285,4.079104
95,300,4.227906
95,315,4.353146
95,330,4.456854
95,345,4.54091
95,360,4.6070547
95,375,4.6569023
95,390,4.6919484
95,405,4.7135763
95,420,4.723063
95,435,4.7215834
95,450,4.710222
95,465,4.6899776
95,480,4.661774
95,495,4.6264563
95,510,4.584803
95,525,4.537532
95,540,4.485305
95,555,4.4287224
95,570,4.368334
95,585,4.304658
95,600,4.2381306
95,615,4.1691976
95,630,4.0982275
95,645,4.0255685
95,660,3.9515507
95,675,3.876465
95,690,3.8005748
95,705,3.7241285
95,720,3.6473475
95,735,3.5855396
95,750,3.5688083
95,765,3.5929956
95,780,3.6524982
95,795,3.743339
95,810,3.8621957
95,825,4.006088
95,840,4.1722727
95,855,4.3582253
95,870,4.5616236
95,885,4.7803307
95,900,5.0123825
95,915,5.2559767
95,930,5.509439
95,945,5.752182
95,960,5.956367
95,975,6.1263027
95,990,6.2663417
95,1005,6.379446
95,1020,6.467993
95,1035,6.53426
95,1050,6.58025
95,1065,6.6078196
95,1080,6.6187105
95,1095,6.6145463
95,1110,6.5968127
95,1125,6.566876
95,1140,6.526
95,1155,6.4753513
95,1170,6.416002
95,1185,6.34894
95,1200,6.275065
95,1215,6.1952066
95,1230,6.110127
95,1245,6.020519
95,1260,5.927024
95,1275,5.830225
95,1290,5.730655
95,1305,5.628802
95,1320,5.5251074
95,1335,5.4199734
95,1350,5.3137693
95,1365,5.206825
95,1380,5.0994415
95,1395,4.991898
95,1410,4.8844366
95,1425,4.777274
95,1440,4.6706233
95,1455,4.5797315
95,1470,4.5347185
95,1485,4.5314035
95,1500,4.5641656
95,1515,4.6290255
95,1530,4.7226205
95,1545,4.8419576
95,1560,4.9842873
95,1575,5.1470604
95,1590,5.327932
95,1605,5.5247507
95,1620,5.7355323
95,1635,5.958474
95,1650,6.1918883
95,1665,6.4151535
95,1680,6.600408
95,1695,6.751954
95,1710,6.8741302
95,1725,6.9698606
95,1740,7.041575
95,1755,7.091469
95,1770,7.12155
95,1785,7.1336756
95,1800,7.1295714
95,1815,7.110837
95,1830,7.078948
95,1845,7.0352654
95,1860,6.981039
95,1875,6.917421
95,1890,6.8454733
95,1905,6.7661734
95,1920,6.680413
95,1935,6.589015
95,1950,6.4927244
95,1965,6.3922315
95,1980,6.2881613
95,1995,6.1810913
95,2010,6.071545
95,2025,5.9600043
95,2040,5.8469024
95,2055,5.7326355
95,2070,5.6175613
95,2085,5.5020046
95,2100,5.3862586
95,2115,5.270588
95,2130,5.1552315
95,2145,5.040401
95,2160,4.926288
95,2175,4.828181
95,2190,4.7761617
95,2205,4.7660437
95,2220,4.7922
95,2235,4.8506465
95,2250,4.938015
95,2265,5.051306
95,2280,5.187766
95,2295,5.344841
95,2310,5.5201807
95,2325,5.7116265
95,2340,5.917203
95,2355,6.135092
95,2370,6.3635883
95,2385,6.58207
95,2400,6.7626867
95,2415,6.909733
95,2430,7.0275393
95,2445,7.1190267
95,2460,7.1866198
95,2475,7.232511
95,2490,7.258705
95,2505,7.2670555
95,2520,7.259285
95,2535,7.236989
95,2550,7.20164
95,2565,7.1545963
95,2580,7.0971055
95,2595,7.0303164
95,2610,6.9552875
95,2625,6.8729944
95,2640,6.7843256
95,2655,6.690103
95,2670,6.591068
95,2685,6.487909
95,2700,6.3812485
95,2715,6.2716613
95,2730,6.1596694
95,2745,6.045752
95,2760,5.9303403
95,2775,5.8138294
95,2790,5.6965747
95,2805,5.5788994
95,2820,5.4610944
95,2835,5.343423
95,2850,5.226122
95,2865,5.109403
95,2880,4.9934545
95,2895,4.8935623
95,2910,4.8398085
95,2925,4.8280053
95,2940,4.8525243
95,2955,4.909379
95,2970,4.995201
95,2985,5.1069894
95,3000,5.241989
95,3015,5.397645
95,3030,5.5716057
95,3045,5.761711
95,3060,5.9659853
95,3075,6.1826086
95,3090,6.409875
95,3105,6.627161
95,3120,6.8066163
95,3135,6.9525323
95,3150,7.06924
95,3165,7.15966
95,3180,7.226215
95,3195,7.2710967
95,3210,7.296309
95,3225,7.3037047
95,3240,7.295006
95,3255,7.2718067
95,3270,7.23558
95,3285,7.1876817
95,3300,7.1293592
95,3315,7.061762
95,3330,6.9859467
95,3345,6.9028883
95,3360,6.813475
95,3375,6.7185283
95,3390,6.6187887
95,3405,6.514944
95,3420,6.4076166
95,3435,6.29738
95,3450,6.1847568
95,3465,6.070224
95,3480,5.9542136
95,3495,5.83712
95,3510,5.719299
95,3525,5.6010714
95,3540,5.4827294
95,3555,5.364535
95,3570,5.246725
95,3585,5.1295104
95,3600,5.0130796
95,3615,4.9127173
95,3630,4.8585067
95,3645,4.846258
95,3660,4.870343
95,3675,4.9267764
95,3690,5.0121875
95,3705,5.1235757
95,3720,5.2581863
95,3735,5.413463
95,3750,5.5870547
95,3765,5.7768006
95,3780,5.9807243
95,3795,6.197007
95,3810,6.4239416
95,3825,6.6409044
95,3840,6.8200445
95,3855,6.965654
95,3870,7.082063
95,3885,7.1721916
95,3900,7.238463
95,3915,7.283068
95,3930,7.3080106
95,3945,7.3151436
95,3960,7.306189
95,3975,7.28274
95,3990,7.24627
95,4005,7.198135
95,4020,7.139581
95,4035,7.071758
95,4050,6.995723
95,4065,6.9124503
95,4080,6.822828
95,4095,6.727677
95,4110,6.627738
95,4125,6.5236993
95,4140,6.4161825
95,4155,6.3057613
95,4170,6.1929574
95,4185,6.078249
95,4200,5.962067
95,4215,5.844806
95,4230,5.7268214
95,4245,5.608434
95,4260,5.4899364
95,4275,5.37159
95,4290,5.253632
95,4305,5.136273
95,4320,5.0197005
95,4335,4.9192004
95,4350,4.864855
95,4365,4.8524747
95,4380,4.876432
95,4395,4.9327393
95,4410,5.0180283
95,4425,5.129297
95,4440,5.2637906
95,4455,5.418954
95,4470,5.592434
95,4485,5.7820716
95,4500,5.9858894
95,4515,6.2020683
95,4530,6.4289017
95,4545,6.645766
95,4560,6.8248096
95,4575,6.9703245
95,4590,7.086642
95,4605,7.17668
95,4620,7.2428637
95,4635,7.2873826
95,4650,7.312241
95,4665,7.319292
95,4680,7.310257
95,4695,7.28673
95,4710,7.2501826
95,4725,7.201972
95,4740,7.143345
95,4755,7.07545
95,4770,6.9993443
95,4785,6.916003
95,4800,6.8263135
95,4815,6.7310967
95,4830,6.6310935
95,4845,6.526992
95,4860,6.419413
95,4875,6.3089314
95,4890,6.196069
95,4905,6.081302
95,4920,5.965064
95,4935,5.8477473
95,4950,5.729708
95,4965,5.6112685
95,4980,5.492718
95,4995,5.3743215
95,5010,5.256313
95,5025,5.138905
95,5040,5.022285
95,5055,4.921738
95,5070,4.867347
95,5085,4.8549213
95,5100,4.8788342
95,5115,4.935099
95,5130,5.0203457
95,5145,5.131573
95,5160,5.2660265
95,5175,5.4211497
95,5190,5.594591
95,5205,5.7841907
95,5220,5.9879713
95,5235,6.204114
95,5250,6.4309115
95,5265,6.6477404
95,5280,6.82675
95,5295,6.972231
95,5310,7.0885153
95,5325,7.1785216
95,5340,7.2446733
95,5355,7.289161
95,5370,7.313989
95,5385,7.32101
95,5400,7.311946
95,5415,7.2883897
95,5430,7.2518144
95,5445,7.2035766
95,5460,7.1449223
95,5475,7.0770006
95,5490,7.000869
95,5505,6.917502
95,5520,6.827787
95,5535,6.732546
95,5550,6.6325183
95,5565,6.528393
95,5580,6.4207907
95,5595,6.310286
95,5610,6.197401
95,5625,6.082612
95,5640,5.9663525
95,5655,5.8490148
95,5670,5.7309546
95,5685,5.612494
95,5700,5.493924
95,5715,5.375507
95,5730,5.2574797
95,5745,5.1400523
95,5760,5.0234137
95,5775,4.922848
95,5790,4.8684387
95,5805,4.855996
95,5820,4.8798914
95,5835,4.9361386
95,5850,5.021369
95,5865,5.13258
95,5880,5.267017
95,5895,5.4221244
95,5910,5.59555
95,5925,5.7851343
95,5940,5.9888997
95,5955,6.2050276
95,5970,6.431811
95,5985,6.6486254
95,6000,6.8276205
95,6015,6.9730883
95,6030,7.089359
95,6045,7.179352
95,6060,7.2454906
95,6075,7.2899656
95,6090,7.314781
95,6105,7.3217897
95,6120,7.312713
95,6135,7.289145
95,6150,7.252558
95,6165,7.2043085
95,6180,7.1456428
95,6195,7.07771
95,6210,7.0015674
95,6225,6.9181895
95,6240,6.8284636
95,6255,6.733212
95,6270,6.6331744
95,6285,6.529039
95,6300,6.421427
95,6315,6.3109126
95,6330,6.1980176
95,6345,6.0832195
95,6360,5.96695
95,6375,5.849603
95,6390,5.731534
95,6405,5.613065
95,6420,5.494486
95,6435,5.3760605
95,6450,5.258024
95,6465,5.1405888
95,6480,5.023942
95,6495,4.9082556
95,6510,4.7936826
95,6525,4.680345
95,6540,4.568371
95,6555,4.457873
95,6570,4.348918
95,6585,4.241599
95,6600,4.13599
95,6615,4.032136
95,6630,3.9300847
95,6645,3.8298805
95,6660,3.7315516
95,6675,3.6351178
95,6690,3.5405982
95,6705,3.4480038
95,6720,3.3573384
95,6735,3.2686043
95,6750,3.1817992
95,6765,3.0969133
95,6780,3.013939
95,6795,2.9328642
95,6810,2.853671
95,6825,2.7763414
95,6840,2.700857
95,6855,2.627195
95,6870,2.555329
95,6885,2.4852362
95,6900,2.416889
95,6915,2.3502586
95,6930,2.285317
95,6945,2.2220342
95,6960,2.1603796
95,6975,2.100323
95,6990,2.0418332
95,7005,1.9848787
95,7020,1.929428
95,7035,1.87545
95,7050,1.8229133
95,7065,1.7717855
95,7080,1.7220361
95,7095,1.6736339
95,7110,1.6265475
95,7125,1.580746
95,7140,1.5361997
95,7155,1.4928777
95,7170,1.4507507
95,7185,1.4097891
95,7200,1.369964
96,0,0
96,3,0.00017075495
96,6,0.0012703432
96,9,0.0038882333
96,12,0.008329563
96,15,0.014717206
96,18,0.023072205
96,21,0.03336477
96,24,0.04554221
96,27,0.05954434
96,30,0.07531043
96,33,0.09278259
96,36,0.11190681
96,39,0.1326333
96,42,0.15491602
96,45,0.17871228
96,48,0.20398213
96,51,0.23068789
96,54,0.25879365
96,57,0.28826523
96,60,0.31906965
96,63,0.351175
96,66,0.38455075
96,69,0.41916668
96,72,0.45499405
96,75,0.49200413
96,78,0.53016925
96,81,0.56946206
96,84,0.6098556
96,87,0.6513236
96,90,0.6938402
96,93,0.73738
96,96,0.7819181
96,99,0.82742995
96,102,0.87389165
96,105,0.9212794
96,108,0.9695694
96,111,1.0187392
96,114,1.0687666
96,117,1.1196296
96,120,1.171307
96,135,1.4411571
96,150,1.7282926
96,165,2.030382
96,180,2.3452873
96,195,2.671054
96,210,3.005874
96,225,3.3294473
96,240,3.612362
96,255,3.8577788
96,270,4.0701094
96,285,4.2525125
96,300,4.4076166
96,315,4.537768
96,330,4.6451373
96,345,4.7317333
96,360,4.7994127
96,375,4.8498964
96,390,4.8847766
96,405,4.9055266
96,420,4.9135056
96,435,4.909962
96,450,4.896049
96,465,4.8728313
96,480,4.841284
96,495,4.8023057
96,510,4.756725
96,525,4.7053
96,540,4.6487284
96,555,4.5876536
96,570,4.5226474
96,585,4.454268
96,600,4.382982
96,615,4.3092294
96,630,4.2334332
96,645,4.1559405
96,660,4.077104
96,675,3.997225
96,690,3.9165847
96,705,3.835436
96,720,3.7540174
96,735,3.6872513
96,750,3.6664996
96,765,3.6888447
96,780,3.7486002
96,795,3.8415246
96,810,3.964049
96,825,4.1129956
96,840,4.28545
96,855,4.4787164
96,870,4.6903224
96,885,4.9180017
96,900,5.159673
96,915,5.413428
96,930,5.6774926
96,945,5.9315886
96,960,6.1463475
96,975,6.3249264
96,990,6.4717417
96,1005,6.5899787
96,1020,6.682255
96,1035,6.7509294
96,1050,6.7981725
96,1065,6.825984
96,1080,6.8362117
96,1095,6.830568
96,1110,6.8106356
96,1125,6.777875
96,1140,6.7336297
96,1155,6.679136
96,1170,6.6155305
96,1185,6.5438585
96,1200,6.4650807
96,1215,6.3800764
96,1230,6.2896514
96,1245,6.194545
96,1260,6.095436
96,1275,5.9929366
96,1290,5.887614
96,1305,5.779971
96,1320,5.670481
96,1335,5.559561
96,1350,5.4476004
96,1365,5.3349457
96,1380,5.221915
96,1395,5.108793
96,1410,4.9958367
96,1425,4.883278
96,1440,4.771323
96,1455,4.674865
96,1470,4.625261
96,1485,4.6195765
96,1500,4.6521015
96,1515,4.7185745
96,1530,4.815415
96,1545,4.939418
96,1560,5.0876446
96,1575,5.2573876
96,1590,5.446159
96,1605,5.6516714
96,1620,5.8718247
96,1635,6.104691
96,1650,6.348478
96,1665,6.582897
96,1680,6.7785563
96,1695,6.938596
96,1710,7.0674176
96,1725,7.1681895
96,1740,7.243515
96,1755,7.2957363
96,1770,7.32701
96,1785,7.3393226
96,1800,7.3345094
96,1815,7.314268
96,1830,7.280169
96,1845,7.233658
96,1860,7.1760674
96,1875,7.108622
96,1890,7.0324483
96,1905,6.9485803
96,1920,6.8579655
96,1935,6.761473
96,1950,6.6599007
96,1965,6.5539756
96,1980,6.4443674
96,1995,6.3316793
96,2010,6.2164707
96,2025,6.0992365
96,2040,5.98044
96,2055,5.860489
96,2070,5.739767
96,2085,5.6186085
96,2100,5.497328
96,2115,5.376198
96,2130,5.255474
96,2145,5.135375
96,2160,5.0161066
96,2175,4.9125504
96,2190,4.8560596
96,2205,4.8436937
96,2220,4.8697367
96,2235,4.9299216
96,2250,5.020662
96,2265,5.138747
96,2280,5.281234
96,2295,5.4454083
96,2310,5.6287775
96,2325,5.82905
96,2340,6.044121
96,2355,6.272056
96,2370,6.5110598
96,2385,6.740839
96,2400,6.931997
96,2415,7.0876684
96,2430,7.2122526
96,2445,7.308912
96,2460,7.380247
96,2475,7.428596
96,2490,7.4561114
96,2505,7.4647765
96,2520,7.4564238
96,2535,7.432748
96,2550,7.395314
96,2565,7.3455667
96,2580,7.2848344
96,2595,7.21434
96,2610,7.1352067
96,2625,7.0484653
96,2640,6.955061
96,2655,6.855861
96,2670,6.75166
96,2685,6.643183
96,2700,6.531096
96,2715,6.4160037
96,2730,6.2984576
96,2745,6.178958
96,2760,6.057958
96,2775,5.935872
96,2790,5.813073
96,2805,5.689901
96,2820,5.566663
96,2835,5.4436336
96,2850,5.3210635
96,2865,5.199174
96,2880,5.0781646
96,2895,4.9729185
96,2910,4.914787
96,2925,4.9008274
96,2940,4.925323
96,2955,4.984006
96,2970,5.0732875
96,2985,5.189956
96,3000,5.331067
96,3015,5.4939065
96,3030,5.6759787
96,3045,5.874992
96,3060,6.088839
96,3075,6.315587
96,3090,6.5534368
96,3105,6.7820964
96,3120,6.972166
96,3135,7.1267805
96,3150,7.2503376
96,3165,7.3459992
96,3180,7.416365
96,3195,7.463772
96,3210,7.490372
96,3225,7.498148
96,3240,7.48893
96,3255,7.4644146
96,3270,7.4261646
96,3285,7.3756227
96,3300,7.314119
96,3315,7.2428746
96,3330,7.163012
96,3345,7.075561
96,3360,6.9814677
96,3375,6.8815975
96,3390,6.776745
96,3405,6.667634
96,3420,6.55493
96,3435,6.4392385
96,3450,6.3211093
96,3465,6.201043
96,3480,6.0794916
96,3495,5.9568696
96,3510,5.8335485
96,3525,5.7098694
96,3540,5.586137
96,3555,5.462628
96,3570,5.3395905
96,3585,5.2172465
96,3600,5.0957947
96,3615,4.9901175
96,3630,4.931567
96,3645,4.9172006
96,3660,4.9413
96,3675,4.9995966
96,3690,5.088503
96,3705,5.204807
96,3720,5.3455625
96,3735,5.5080557
96,3750,5.6897917
96,3765,5.8884773
96,3780,6.102006
96,3795,6.328444
96,3810,6.565992
96,3825,6.7943573
96,3840,6.9841413
96,3855,7.1384773
96,3870,7.2617636
96,3885,7.357161
96,3900,7.4272695
96,3915,7.474426
96,3930,7.5007825
96,3945,7.5083203
96,3960,7.4988713
96,3975,7.4741297
96,3990,7.43566
96,4005,7.384904
96,4020,7.323191
96,4035,7.2517433
96,4050,7.1716824
96,4065,7.0840383
96,4080,6.989756
96,4095,6.8897023
96,4110,6.7846704
96,4125,6.675385
96,4140,6.562511
96,4155,6.4466534
96,4170,6.328362
96,4185,6.2081375
96,4200,6.086432
96,4215,5.96366
96,4230,5.840192
96,4245,5.71637
96,4260,5.592498
96,4275,5.468853
96,4290,5.3456826
96,4305,5.223209
96,4320,5.1016307
96,4335,4.9958305
96,4350,4.9371595
96,4365,4.922675
96,4380,4.9466596
96,4395,5.0048447
96,4410,5.0936418
96,4425,5.209839
96,4440,5.35049
96,4455,5.512882
96,4470,5.694519
96,4485,5.893108
96,4500,6.106542
96,4515,6.332888
96,4530,6.570346
96,4545,6.7986236
96,4560,6.9883213
96,4575,7.142574
96,4590,7.265778
96,4605,7.3610954
96,4620,7.431126
96,4635,7.478206
96,4650,7.5044875
96,4665,7.511953
96,4680,7.5024323
96,4695,7.477621
96,4710,7.439083
96,4725,7.388261
96,4740,7.326483
96,4755,7.254971
96,4770,7.174848
96,4785,7.087143
96,4800,6.992801
96,4815,6.892689
96,4830,6.7876005
96,4845,6.6782594
96,4860,6.5653305
96,4875,6.4494195
96,4890,6.3310757
96,4905,6.2108006
96,4920,6.0890446
96,4935,5.9662237
96,4950,5.842708
96,4965,5.718839
96,4980,5.594921
96,4995,5.471231
96,5010,5.3480167
96,5025,5.2255
96,5040,5.1038795
96,5055,4.998038
96,5070,4.9393263
96,5085,4.924803
96,5100,4.9487486
96,5115,5.0068955
96,5130,5.0956554
96,5145,5.211816
96,5160,5.352432
96,5175,5.5147886
96,5190,5.6963916
96,5205,5.894947
96,5220,6.1083484
96,5235,6.3346624
96,5250,6.5720887
96,5265,6.8003354
96,5280,6.990003
96,5295,7.144226
96,5310,7.267401
96,5325,7.3626904
96,5340,7.432693
96,5355,7.479746
96,5370,7.5060005
96,5385,7.5134397
96,5400,7.5038934
96,5415,7.479057
96,5430,7.440494
96,5445,7.3896475
96,5460,7.327846
96,5475,7.256311
96,5490,7.176165
96,5505,7.0884376
96,5520,6.994074
96,5535,6.89394
96,5550,6.78883
96,5565,6.6794677
96,5580,6.566519
96,5595,6.4505877
96,5610,6.3322244
96,5625,6.21193
96,5640,6.090155
96,5655,5.967315
96,5670,5.8437815
96,5685,5.7198944
96,5700,5.5959587
96,5715,5.472252
96,5730,5.3490205
96,5745,5.2264867
96,5760,5.10485
96,5775,4.9989924
96,5790,4.940265
96,5805,4.925726
96,5820,4.9496565
96,5835,5.0077887
96,5850,5.096534
96,5865,5.21268
96,5880,5.353282
96,5895,5.515625
96,5910,5.697214
96,5925,5.895756
96,5940,6.109144
96,5955,6.3354454
96,5970,6.5728593
96,5985,6.8010936
96,6000,6.990749
96,6015,7.14496
96,6030,7.268123
96,6045,7.363401
96,6060,7.433392
96,6075,7.480434
96,6090,7.5066776
96,6105,7.514106
96,6120,7.504549
96,6135,7.479702
96,6150,7.441129
96,6165,7.3902726
96,6180,7.328461
96,6195,7.256916
96,6210,7.1767607
96,6225,7.0890236
96,6240,6.994651
96,6255,6.894508
96,6270,6.7893887
96,6285,6.680018
96,6300,6.5670605
96,6315,6.451121
96,6330,6.332749
96,6345,6.212446
96,6360,6.0906634
96,6375,5.9678154
96,6390,5.844274
96,6405,5.7203794
96,6420,5.596436
96,6435,5.4727216
96,6450,5.3494825
96,6465,5.226942
96,6480,5.105298
96,6495,4.984727
96,6510,4.865385
96,6525,4.7474103
96,6540,4.6309276
96,6555,4.5160446
96,6570,4.402846
96,6585,4.2914157
96,6600,4.181825
96,6615,4.074118
96,6630,3.9683433
96,6645,3.8645453
96,6660,3.762746
96,6675,3.6629674
96,6690,3.5652285
96,6705,3.4695399
96,6720,3.375907
96,6735,3.284326
96,6750,3.194797
96,6765,3.107313
96,6780,3.021856
96,6795,2.9384139
96,6810,2.856968
96,6825,2.7774954
96,6840,2.6999726
96,6855,2.6243737
96,6870,2.5506713
96,6885,2.4788368
96,6900,2.4088402
96,6915,2.3406498
96,6930,2.2742345
96,6945,2.209563
96,6960,2.146601
96,6975,2.0853155
96,6990,2.0256732
96,7005,1.96764
96,7020,1.9111813
96,7035,1.8562633
96,7050,1.8028516
96,7065,1.7509118
96,7080,1.7004101
96,7095,1.6513126
96,7110,1.6035858
96,7125,1.5571969
96,7140,1.5121129
96,7155,1.4683013
96,7170,1.4257307
96,7185,1.3843699
96,7200,1.3441874
97,0,0
97,3,0.00012799546
97,6,0.0009944873
97,9,0.0031113902
97,12,0.0067596044
97,15,0.012060719
97,18,0.019043522
97,21,0.027688274
97,24,0.03795306
97,27,0.04978784
97,30,0.063141435
97,33,0.0779649
97,36,0.0942127
97,39,0.11184316
97,42,0.13081802
97,45,0.15110217
97,48,0.17266306
97,51,0.19547021
97,54,0.21949492
97,57,0.24470991
97,60,0.2710891
97,63,0.29860738
97,66,0.32724077
97,69,0.35696563
97,72,0.3877596
97,75,0.41960025
97,78,0.4524661
97,81,0.48633578
97,84,0.5211884
97,87,0.55700344
97,90,0.59376067
97,93,0.63144046
97,96,0.67002326
97,99,0.70948994
97,102,0.74982184
97,105,0.79100025
97,108,0.83300656
97,111,0.8758232
97,114,0.91943264
97,117,0.96381783
97,120,1.0089616
97,135,1.2454686
97,150,1.4985087
97,165,1.766218
97,180,2.0468729
97,195,2.338885
97,210,2.6407743
97,225,2.935827
97,240,3.1984239
97,255,3.430898
97,270,3.6368656
97,285,3.818768
97,300,3.978572
97,315,4.1180067
97,330,4.2386775
97,345,4.3420763
97,360,4.4295897
97,375,4.5025077
97,390,4.562033
97,405,4.609285
97,420,4.645299
97,435,4.671038
97,450,4.6873927
97,465,4.6951857
97,480,4.6951838
97,495,4.688093
97,510,4.674568
97,525,4.655215
97,540,4.6305923
97,555,4.6012173
97,570,4.5675735
97,585,4.530094
97,600,4.489189
97,615,4.4452367
97,630,4.398561
97,645,4.3495016
97,660,4.2983346
97,675,4.2453256
97,690,4.1907296
97,705,4.1347723
97,720,4.077662
97,735,4.0316586
97,750,4.023917
97,765,4.05242
97,780,4.112499
97,795,4.2007833
97,810,4.3145146
97,825,4.451233
97,840,4.608687
97,855,4.784797
97,870,4.9776316
97,885,5.1854
97,900,5.406448
97,915,5.6392493
97,930,5.8823786
97,945,6.1191564
97,960,6.3240547
97,975,6.4993844
97,990,6.648823
97,1005,6.7748356
97,1020,6.8794117
97,1035,6.964302
97,1050,7.031133
97,1065,7.081415
97,1080,7.116553
97,1095,7.1378436
97,1110,7.146503
97,1125,7.1436486
97,1140,7.1303215
97,1155,7.107495
97,1170,7.076054
97,1185,7.0368333
97,1200,6.990593
97,1215,6.9380393
97,1230,6.8798275
97,1245,6.816555
97,1260,6.7487817
97,1275,6.677016
97,1290,6.6017303
97,1305,6.52336
97,1320,6.442301
97,1335,6.3589244
97,1350,6.273564
97,1365,6.186531
97,1380,6.0981097
97,1395,6.008559
97,1410,5.9181204
97,1425,5.8270087
97,1440,5.7354293
97,1455,5.65561
97,1470,5.6147256
97,1485,5.610707
97,1500,5.6389213
97,1515,5.695972
97,1530,5.779095
97,1545,5.885823
97,1560,6.0138817
97,1575,6.1611857
97,1590,6.3257985
97,1605,6.505922
97,1620,6.6998906
97,1635,6.906166
97,1650,7.1233134
97,1665,7.334638
97,1680,7.5146074
97,1695,7.6655154
97,1710,7.7910357
97,1725,7.8936176
97,1740,7.975246
97,1755,8.037658
97,1770,8.08247
97,1785,8.111185
97,1800,8.125196
97,1815,8.125797
97,1830,8.114195
97,1845,8.091492
97,1860,8.058736
97,1875,8.016867
97,1890,7.966784
97,1905,7.909298
97,1920,7.8451715
97,1935,7.7750998
97,1950,7.699728
97,1965,7.6196527
97,1980,7.535418
97,1995,7.447535
97,2010,7.356461
97,2025,7.26263
97,2040,7.166429
97,2055,7.068223
97,2070,6.968339
97,2085,6.867083
97,2100,6.764732
97,2115,6.6615396
97,2130,6.557741
97,2145,6.4535446
97,2160,6.3491483
97,2175,6.2567806
97,2190,6.2036114
97,2205,6.1875567
97,2220,6.2039905
97,2235,6.249506
97,2250,6.3213344
97,2265,6.417006
97,2280,6.53424
97,2295,6.6709433
97,2310,6.8251777
97,2325,6.995141
97,2340,7.1791635
97,2355,7.3757014
97,2370,7.583316
97,2385,7.7853065
97,2400,7.9561377
97,2415,8.098098
97,2430,8.214857
97,2445,8.30886
97,2460,8.382088
97,2475,8.436274
97,2490,8.473028
97,2505,8.493853
97,2520,8.500136
97,2535,8.493167
97,2550,8.474143
97,2565,8.444178
97,2580,8.404298
97,2595,8.355462
97,2610,8.2985525
97,2625,8.234385
97,2640,8.163711
97,2655,8.08723
97,2670,8.00558
97,2685,7.9193554
97,2700,7.829106
97,2715,7.735326
97,2730,7.6384864
97,2745,7.5390024
97,2760,7.437265
97,2775,7.333633
97,2790,7.2284307
97,2805,7.121963
97,2820,7.014506
97,2835,6.90631
97,2850,6.797611
97,2865,6.6886168
97,2880,6.5795197
97,2895,6.482554
97,2910,6.4248815
97,2925,6.4044137
97,2940,6.416527
97,2955,6.4578094
97,2970,6.525492
97,2985,6.6171045
97,3000,6.730362
97,3015,6.8631706
97,3030,7.0135903
97,3045,7.179818
97,3060,7.360182
97,3075,7.5531363
97,3090,7.7572417
97,3105,7.9557953
97,3120,8.1232605
97,3135,8.261923
97,3150,8.375452
97,3165,8.46629
97,3180,8.536418
97,3195,8.587567
97,3210,8.621347
97,3225,8.639257
97,3240,8.642685
97,3255,8.632917
97,3270,8.611153
97,3285,8.578502
97,3300,8.53599
97,3315,8.484574
97,3330,8.425138
97,3345,8.358495
97,3360,8.285395
97,3375,8.206536
97,3390,8.122558
97,3405,8.03405
97,3420,7.9415627
97,3435,7.8455906
97,3450,7.746602
97,3465,7.645013
97,3480,7.5412116
97,3495,7.4355574
97,3510,7.328374
97,3525,7.2199645
97,3540,7.1106043
97,3555,7.000544
97,3570,6.8900175
97,3585,6.779232
97,3600,6.66838
97,3615,6.569693
97,3630,6.5103154
97,3645,6.4882307
97,3660,6.498706
97,3675,6.5384045
97,3690,6.604526
97,3705,6.694607
97,3720,6.806379
97,3735,6.9377327
97,3750,7.086722
97,3765,7.251545
97,3780,7.4305315
97,3795,7.622137
97,3810,7.82492
97,3825,8.02218
97,3840,8.188376
97,3855,8.325795
97,3870,8.438106
97,3885,8.52775
97,3900,8.596707
97,3915,8.6467085
97,3930,8.679364
97,3945,8.696172
97,3960,8.698519
97,3975,8.687692
97,3990,8.664888
97,4005,8.631219
97,4020,8.587709
97,4035,8.5353155
97,4050,8.47492
97,4065,8.407335
97,4080,8.333313
97,4095,8.253551
97,4110,8.168685
97,4125,8.0793085
97,4140,7.9859686
97,4155,7.889161
97,4170,7.7893524
97,4185,7.6869597
97,4200,7.5823708
97,4215,7.475944
97,4230,7.3680034
97,4245,7.2588506
97,4260,7.148762
97,4275,7.0379877
97,4290,6.926761
97,4305,6.8152885
97,4320,6.7037625
97,4335,6.604416
97,4350,6.54439
97,4365,6.5216703
97,4380,6.5315228
97,4395,6.570611
97,4410,6.636134
97,4425,6.7256274
97,4440,6.836824
97,4455,6.967614
97,4470,7.11605
97,4485,7.2803307
97,4500,7.458785
97,4515,7.649869
97,4530,7.852141
97,4545,8.048899
97,4560,8.214604
97,4575,8.351541
97,4590,8.463379
97,4605,8.55256
97,4620,8.621062
97,4635,8.670618
97,4650,8.702836
97,4665,8.7192135
97,4680,8.72114
97,4695,8.709901
97,4710,8.686692
97,4725,8.652625
97,4740,8.608726
97,4755,8.555949
97,4770,8.495179
97,4785,8.427226
97,4800,8.352843
97,4815,8.272727
97,4830,8.187513
97,4845,8.0977955
97,4860,8.004122
97,4875,7.9069858
97,4890,7.806855
97,4905,7.7041464
97,4920,7.599247
97,4935,7.492516
97,4950,7.3842764
97,4965,7.274831
97,4980,7.164455
97,4995,7.0533986
97,5010,6.941895
97,5025,6.8301506
97,5040,6.7183585
97,5055,6.61875
97,5070,6.558468
97,5085,6.5354958
97,5100,6.545101
97,5115,6.5839467
97,5130,6.649232
97,5145,6.738492
97,5160,6.849459
97,5175,6.9800243
97,5190,7.1282396
97,5205,7.292304
97,5220,7.4705462
97,5235,7.6614223
97,5250,7.8634896
97,5265,8.060047
97,5280,8.225555
97,5295,8.362299
97,5310,8.4739485
97,5325,8.5629425
97,5340,8.631262
97,5355,8.680639
97,5370,8.712681
97,5385,8.728887
97,5400,8.730643
97,5415,8.719237
97,5430,8.695866
97,5445,8.661638
97,5460,8.617581
97,5475,8.5646515
97,5490,8.503729
97,5505,8.435627
97,5520,8.361098
97,5535,8.280838
97,5550,8.195484
97,5565,8.105628
97,5580,8.011818
97,5595,7.914548
97,5610,7.814286
97,5625,7.7114487
97,5640,7.6064234
97,5655,7.4995685
97,5670,7.3912067
97,5685,7.2816415
97,5700,7.1711483
97,5715,7.0599766
97,5730,6.9483595
97,5745,6.836504
97,5760,6.724602
97,5775,6.6248865
97,5790,6.564499
97,5805,6.541424
97,5820,6.550927
97,5835,6.5896735
97,5850,6.6548605
97,5865,6.7440243
97,5880,6.854897
97,5895,6.9853697
97,5910,7.133494
97,5925,7.2974687
97,5940,7.475623
97,5955,7.666413
97,5970,7.868396
97,5985,8.06487
97,6000,8.230296
97,6015,8.366961
97,6030,8.478531
97,6045,8.567448
97,6060,8.635692
97,6075,8.684994
97,6090,8.716963
97,6105,8.733096
97,6120,8.734782
97,6135,8.723307
97,6150,8.699866
97,6165,8.665572
97,6180,8.621449
97,6195,8.568455
97,6210,8.507468
97,6225,8.439304
97,6240,8.364714
97,6255,8.284393
97,6270,8.19898
97,6285,8.109065
97,6300,8.015198
97,6315,7.9178724
97,6330,7.8175554
97,6345,7.7146635
97,6360,7.609585
97,6375,7.502677
97,6390,7.394264
97,6405,7.2846484
97,6420,7.174105
97,6435,7.0628843
97,6450,6.9512196
97,6465,6.839317
97,6480,6.7273684
97,6495,6.6155477
97,6510,6.5040107
97,6525,6.392899
97,6540,6.282342
97,6555,6.172456
97,6570,6.0633445
97,6585,5.955103
97,6600,5.847812
97,6615,5.7415485
97,6630,5.636382
97,6645,5.532368
97,6660,5.4295554
97,6675,5.3279953
97,6690,5.2277336
97,6705,5.128789
97,6720,5.031198
97,6735,4.93499
97,6750,4.840183
97,6765,4.746786
97,6780,4.654817
97,6795,4.564286
97,6810,4.4751954
97,6825,4.3875484
97,6840,4.3013463
97,6855,4.2165875
97,6870,4.133267
97,6885,4.0513797
97,6900,3.9709191
97,6915,3.8918757
97,6930,3.814239
97,6945,3.7379997
97,6960,3.6631455
97,6975,3.589661
97,6990,3.5175333
97,7005,3.446749
97,7020,3.3772912
97,7035,3.3091435
97,7050,3.2422895
97,7065,3.1767125
97,7080,3.112394
97,7095,3.049317
97,7110,2.9874623
97,7125,2.9268124
97,7140,2.8673482
97,7155,2.8090515
97,7170,2.7519038
97,7185,2.6958854
97,7200,2.6409786
98,0,0
98,3,0.00019079211
98,6,0.0013892506
98,9,0.004192686
98,12,0.008887021
98,15,0.015574366
98,18,0.02426303
98,21,0.034917533
98,24,0.047485642
98,27,0.061911367
98,30,0.078139804
98,33,0.0961195
98,36,0.11580281
98,39,0.13714579
98,42,0.16010775
98,45,0.18465072
98,48,0.21073891
98,51,0.23833825
98,54,0.2674161
98,57,0.29794106
98,60,0.3298828
98,63,0.36321178
98,66,0.39789942
98,69,0.43391755
98,72,0.47123897
98,75,0.50983673
98,78,0.5496846
98,81,0.5907566
98,84,0.6330272
98,87,0.67647123
98,90,0.721064
98,93,0.76678115
98,96,0.8135988
98,99,0.8614934
98,102,0.9104417
98,105,0.96042097
98,108,1.0114087
98,111,1.0633821
98,114,1.11632
98,117,1.1702008
98,120,1.2250036
98,135,1.512126
98,150,1.8193043
98,165,2.1442406
98,180,2.4848127
98,195,2.839066
98,210,3.2051737
98,225,3.561792
98,240,3.879461
98,255,4.161122
98,270,4.410523
98,285,4.6304054
98,300,4.823115
98,315,4.990774
98,330,5.1353703
98,345,5.2587533
98,360,5.362646
98,375,5.448651
98,390,5.518258
98,405,5.572854
98,420,5.613723
98,435,5.6420565
98,450,5.6589527
98,465,5.665431
98,480,5.662438
98,495,5.650842
98,510,5.6314516
98,525,5.6050143
98,540,5.572216
98,555,5.533693
98,570,5.4900403
98,585,5.4417925
98,600,5.389445
98,615,5.3334723
98,630,5.274272
98,645,5.212243
98,660,5.147743
98,675,5.0810857
98,690,5.012585
98,705,4.9425154
98,720,4.871132
98,735,4.8142467
98,750,4.8035126
98,765,4.836063
98,780,4.9068613
98,795,5.012089
98,810,5.1484294
98,825,5.3128767
98,840,5.5026627
98,855,5.7152085
98,870,5.948124
98,885,6.1992
98,900,6.466401
98,915,6.7478485
98,930,7.0417795
98,945,7.326894
98,960,7.5738125
98,975,7.7854767
98,990,7.965691
98,1005,8.11723
98,1020,8.242463
98,1035,8.343538
98,1050,8.422466
98,1065,8.481115
98,1080,8.521227
98,1095,8.544413
98,1110,8.552175
98,1125,8.545902
98,1140,8.526878
98,1155,8.496304
98,1170,8.455275
98,1185,8.404815
98,1200,8.345865
98,1215,8.279293
98,1230,8.205907
98,1245,8.12644
98,1260,8.041579
98,1275,7.9519525
98,1290,7.8581343
98,1305,7.7606606
98,1320,7.6600165
98,1335,7.556653
98,1350,7.450982
98,1365,7.3433805
98,1380,7.234197
98,1395,7.1237464
98,1410,7.01232
98,1425,6.900186
98,1440,6.787586
98,1455,6.6903
98,1470,6.6399794
98,1485,6.6337466
98,1500,6.666564
98,1515,6.7345834
98,1530,6.8344874
98,1545,6.9632626
98,1560,7.1181183
98,1575,7.296462
98,1590,7.495895
98,1605,7.714199
98,1620,7.9493227
98,1635,8.19937
98,1650,8.4625635
98,1665,8.717593
98,1680,8.935074
98,1695,9.117925
98,1710,9.269941
98,1725,9.39388
98,1740,9.492101
98,1755,9.566736
98,1770,9.619784
98,1785,9.653104
98,1800,9.668422
98,1815,9.667339
98,1830,9.651346
98,1845,9.621823
98,1860,9.580046
98,1875,9.527199
98,1890,9.464375
98,1905,9.392585
98,1920,9.312758
98,1935,9.225757
98,1950,9.132375
98,1965,9.033344
98,1980,8.9293375
98,1995,8.820972
98,2010,8.70882
98,2025,8.593398
98,2040,8.47519
98,2055,8.354632
98,2070,8.232131
98,2085,8.108059
98,2100,7.9827533
98,2115,7.8565283
98,2130,7.729664
98,2145,7.6024203
98,2160,7.475031
98,2175,7.363282
98,2190,7.2988095
98,2205,7.278728
98,2220,7.2979956
98,2235,7.352763
98,2250,7.439697
98,2265,7.555779
98,2280,7.698219
98,2295,7.8644176
98,2310,8.051969
98,2325,8.258648
98,2340,8.482399
98,2355,8.721319
98,2370,8.973626
98,2385,9.218006
98,2400,9.425069
98,2415,9.597725
98,2430,9.739766
98,2445,9.853943
98,2460,9.942612
98,2475,10.0079
98,2490,10.0518
98,2505,10.076166
98,2520,10.082723
98,2535,10.073065
98,2550,10.048679
98,2565,10.010942
98,2580,9.961125
98,2595,9.900409
98,2610,9.829883
98,2625,9.750553
98,2640,9.663346
98,2655,9.569122
98,2670,9.468669
98,2685,9.362714
98,2700,9.251927
98,2715,9.136925
98,2730,9.018276
98,2745,8.8965025
98,2760,8.772076
98,2775,8.645445
98,2790,8.516994
98,2805,8.387102
98,2820,8.256097
98,2835,8.124281
98,2850,7.9919415
98,2865,7.8593326
98,2880,7.7266855
98,2895,7.609795
98,2910,7.54029
98,2925,7.515281
98,2940,7.5297265
98,2955,7.5797753
98,2970,7.6620893
98,2985,7.773649
98,3000,7.9116626
98,3015,8.07353
98,3030,8.256843
98,3045,8.459374
98,3060,8.679066
98,3075,8.914012
98,3090,9.162432
98,3105,9.403005
98,3120,9.60634
98,3135,9.775349
98,3150,9.913819
98,3165,10.0245
98,3180,10.109746
98,3195,10.171684
98,3210,10.212302
98,3225,10.233456
98,3240,10.236866
98,3255,10.224128
98,3270,10.196725
98,3285,10.156034
98,3300,10.103324
98,3315,10.039775
98,3330,9.966475
98,3345,9.884427
98,3360,9.7945595
98,3375,9.697728
98,3390,9.594723
98,3405,9.486267
98,3420,9.373032
98,3435,9.2556305
98,3450,9.134632
98,3465,9.010557
98,3480,8.883875
98,3495,8.755037
98,3510,8.624427
98,3525,8.492414
98,3540,8.359336
98,3555,8.225489
98,3570,8.091158
98,3585,7.9565988
98,3600,7.8220406
98,3615,7.7032776
98,3630,7.6319385
98,3645,7.605133
98,3660,7.617819
98,3675,7.666144
98,3690,7.7467704
98,3705,7.8566766
98,3720,7.9930706
98,3735,8.153353
98,3750,8.335113
98,3765,8.536122
98,3780,8.754325
98,3795,8.987813
98,3810,9.234804
98,3825,9.473978
98,3840,9.675943
98,3855,9.843609
98,3870,9.980764
98,3885,10.090156
98,3900,10.174139
98,3915,10.234839
98,3930,10.274246
98,3945,10.294212
98,3960,10.296457
98,3975,10.282579
98,3990,10.25406
98,4005,10.212274
98,4020,10.15849
98,4035,10.093888
98,4050,10.019557
98,4065,9.936499
98,4080,9.845641
98,4095,9.74784
98,4110,9.643883
98,4125,9.534494
98,4140,9.420344
98,4155,9.302048
98,4170,9.18017
98,4185,9.055235
98,4200,8.927709
98,4215,8.798044
98,4230,8.666623
98,4245,8.533816
98,4260,8.399959
98,4275,8.2653475
98,4290,8.130268
98,4305,7.9949746
98,4320,7.8596964
98,4335,7.7402277
98,4350,7.668196
98,4365,7.6407123
98,4380,7.652733
98,4395,7.7004066
98,4410,7.780394
98,4425,7.8896737
98,4440,8.025454
98,4455,8.185134
98,4470,8.366304
98,4485,8.566736
98,4500,8.784372
98,4515,9.017304
98,4530,9.263753
98,4545,9.502393
98,4560,9.703835
98,4575,9.870987
98,4590,10.00764
98,4605,10.116539
98,4620,10.200039
98,4635,10.260265
98,4650,10.299207
98,4665,10.318717
98,4680,10.320516
98,4695,10.306198
98,4710,10.277248
98,4725,10.235041
98,4740,10.180843
98,4755,10.115836
98,4770,10.041106
98,4785,9.957658
98,4800,9.866417
98,4815,9.76824
98,4830,9.663915
98,4845,9.554165
98,4860,9.43966
98,4875,9.321015
98,4890,9.198796
98,4905,9.073525
98,4920,8.94567
98,4935,8.815683
98,4950,8.683947
98,4965,8.550829
98,4980,8.416667
98,4995,8.281756
98,5010,8.146384
98,5025,8.010803
98,5040,7.875242
98,5055,7.7554965
98,5070,7.6831927
98,5085,7.6554418
98,5100,7.6672006
98,5115,7.7146173
98,5130,7.794353
98,5145,7.903385
98,5160,8.038923
98,5175,8.198365
98,5190,8.379302
98,5205,8.579505
98,5220,8.796916
98,5235,9.029629
98,5250,9.27586
98,5265,9.514288
98,5280,9.715522
98,5295,9.88247
98,5310,10.018922
98,5325,10.1276245
98,5340,10.210931
98,5355,10.270968
98,5370,10.309724
98,5385,10.329051
98,5400,10.33067
98,5415,10.316177
98,5430,10.287055
98,5445,10.244678
98,5460,10.190314
98,5475,10.125143
98,5490,10.050253
98,5505,9.966647
98,5520,9.875252
98,5535,9.776922
98,5550,9.672447
98,5565,9.5625515
98,5580,9.447903
98,5595,9.329117
98,5610,9.2067585
98,5625,9.081352
98,5640,8.953363
98,5655,8.823245
98,5670,8.691379
98,5685,8.558134
98,5700,8.423848
98,5715,8.288816
98,5730,8.153324
98,5745,8.017624
98,5760,7.881948
98,5775,7.7620883
98,5790,7.689673
98,5805,7.6618123
98,5820,7.6734633
98,5835,7.720774
98,5850,7.800406
98,5865,7.909336
98,5880,8.044773
98,5895,8.204118
98,5910,8.384957
98,5925,8.585066
98,5940,8.802384
98,5955,9.035005
98,5970,9.281147
98,5985,9.519486
98,6000,9.7206335
98,6015,9.887497
98,6030,10.023865
98,6045,10.132485
98,6060,10.215712
98,6075,10.275669
98,6090,10.314347
98,6105,10.333598
98,6120,10.335142
98,6135,10.320576
98,6150,10.29138
98,6165,10.248932
98,6180,10.194498
98,6195,10.129258
98,6210,10.0543
98,6225,9.970628
98,6240,9.879168
98,6255,9.780774
98,6270,9.676236
98,6285,9.5662775
98,6300,9.451568
98,6315,9.332722
98,6330,9.210305
98,6345,9.08484
98,6360,8.956795
98,6375,8.82662
98,6390,8.694699
98,6405,8.561401
98,6420,8.427062
98,6435,8.291977
98,6450,8.156434
98,6465,8.020683
98,6480,7.884958
98,6495,7.7494693
98,6510,7.6144123
98,6525,7.4799547
98,6540,7.346257
98,6555,7.213457
98,6570,7.08168
98,6585,6.9510374
98,6600,6.82163
98,6615,6.693546
98,6630,6.5668635
98,6645,6.4416537
98,6660,6.317977
98,6675,6.195886
98,6690,6.075428
98,6705,5.95664
98,6720,5.8395557
98,6735,5.724202
98,6750,5.610601
98,6765,5.4987683
98,6780,5.3887167
98,6795,5.280455
98,6810,5.173989
98,6825,5.069319
98,6840,4.9664445
98,6855,4.8653617
98,6870,4.766064
98,6885,4.668543
98,6900,4.572788
98,6915,4.4787865
98,6930,4.386524
98,6945,4.2959857
98,6960,4.2071543
98,6975,4.120012
98,6990,4.034539
98,7005,3.950717
98,7020,3.8685243
98,7035,3.7879395
98,7050,3.7089415
98,7065,3.631507
98,7080,3.5556138
98,7095,3.4812384
98,7110,3.4083576
98,7125,3.3369482
98,7140,3.2669854
98,7155,3.1984463
98,7170,3.1313066
98,7185,3.0655425
98,7200,3.0011299
99,0,0
99,3,0.0001705624
99,6,0.001224962
99,9,0.003683593
99,12,0.0078019807
99,15,0.013674832
99,18,0.021312645
99,21,0.030686345
99,24,0.041751217
99,27,0.05445837
99,30,0.06875962
99,33,0.08460964
99,36,0.10196644
99,39,0.12079126
99,42,0.14104822
99,45,0.16270387
99,48,0.18572669
99,51,0.21008669
99,54,0.23575522
99,57,0.2627047
99,60,0.29090852
99,63,0.32034072
99,66,0.35097626
99,69,0.3827905
99,72,0.41575956
99,75,0.44985983
99,78,0.4850683
99,81,0.52136225
99,84,0.5587192
99,87,0.5971173
99,90,0.63653475
99,93,0.67695034
99,96,0.718343
99,99,0.7606922
99,102,0.8039775
99,105,0.8481789
99,108,0.89327675
99,111,0.93925154
99,114,0.9860842
99,117,1.0337558
99,120,1.0822477
99,135,1.3363823
99,150,1.6083956
99,165,1.8962641
99,180,2.1981187
99,195,2.5122364
99,210,2.837004
99,225,3.1536596
99,240,3.436182
99,255,3.6870255
99,270,3.9094818
99,285,4.1059613
99,300,4.2784963
99,315,4.428951
99,330,4.559051
99,345,4.6704082
99,360,4.7645316
99,375,4.842828
99,390,4.9066057
99,405,4.957079
99,420,4.9953785
99,435,5.022548
99,450,5.0395584
99,465,5.0473084
99,480,5.046625
99,495,5.038281
99,510,5.0229855
99,525,5.0013957
99,540,4.9741206
99,555,4.94172
99,570,4.904712
99,585,4.8635755
99,600,4.818751
99,615,4.770647
99,630,4.7196317
99,645,4.666059
99,660,4.6102333
99,675,4.5524507
99,690,4.4929776
99,705,4.4320564
99,720,4.3699164
99,735,4.320439
99,750,4.3115673
99,765,4.340913
99,780,4.4040484
99,795,4.4976077
99,810,4.6186924
99,825,4.76468
99,840,4.9331384
99,855,5.121801
99,870,5.3285704
99,885,5.551507
99,900,5.7888174
99,915,6.038843
99,930,6.30003
99,945,6.5536733
99,960,6.773782
99,975,6.9628525
99,990,7.1242146
99,1005,7.2603087
99,1020,7.373192
99,1035,7.4647503
99,1050,7.5367336
99,1065,7.590772
99,1080,7.628386
99,1095,7.650991
99,1110,7.659907
99,1125,7.6563573
99,1140,7.641475
99,1155,7.61631
99,1170,7.581833
99,1185,7.5389433
99,1200,7.488473
99,1215,7.4311943
99,1230,7.36781
99,1245,7.2989798
99,1260,7.2252965
99,1275,7.1473217
99,1290,7.065559
99,1305,6.9804845
99,1320,6.892527
99,1335,6.8020873
99,1350,6.7095304
99,1365,6.615191
99,1380,6.5193787
99,1395,6.422373
99,1410,6.3244343
99,1425,6.2257953
99,1440,6.1266747
99,1455,6.040934
99,1470,5.996521
99,1485,5.9910192
99,1500,6.020013
99,1515,6.0801134
99,1530,6.1684265
99,1545,6.2823033
99,1560,6.4192905
99,1575,6.5771255
99,1590,6.753706
99,1605,6.94708
99,1620,7.155438
99,1635,7.3771095
99,1650,7.61053
99,1665,7.8370056
99,1680,8.030467
99,1695,8.193459
99,1710,8.329295
99,1725,8.440391
99,1740,8.52879
99,1755,8.5963745
99,1770,8.644882
99,1785,8.675934
99,1800,8.691034
99,1815,8.691595
99,1830,8.6789255
99,1845,8.65424
99,1860,8.61866
99,1875,8.573228
99,1890,8.518907
99,1905,8.456585
99,1920,8.387087
99,1935,8.311175
99,1950,8.229545
99,1965,8.142849
99,1980,8.05167
99,1995,7.9565635
99,2010,7.8580256
99,2025,7.756522
99,2040,7.6524806
99,2055,7.5462904
99,2070,7.4383144
99,2085,7.328879
99,2100,7.218287
99,2115,7.106813
99,2130,6.994708
99,2145,6.8822002
99,2160,6.7695
99,2175,6.670469
99,2190,6.6130433
99,2205,6.594805
99,2220,6.6113286
99,2235,6.659223
99,2250,6.7355833
99,2265,6.8377585
99,2280,6.9633007
99,2295,7.109938
99,2310,7.275556
99,2325,7.458196
99,2340,7.6560454
99,2355,7.8674316
99,2370,8.090783
99,2385,8.307409
99,2400,8.491227
99,2415,8.644779
99,2430,8.771376
99,2445,8.8734255
99,2460,8.952969
99,2475,9.011881
99,2490,9.051899
99,2505,9.074638
99,2520,9.081602
99,2535,9.074195
99,2550,9.053724
99,2565,9.021399
99,2580,8.978338
99,2595,8.925582
99,2610,8.864088
99,2625,8.794744
99,2640,8.718368
99,2655,8.63572
99,2670,8.547496
99,2685,8.454341
99,2700,8.356838
99,2715,8.255539
99,2730,8.150936
99,2745,8.043494
99,2760,7.9336357
99,2775,7.8217487
99,2790,7.708193
99,2805,7.5932937
99,2820,7.47735
99,2835,7.3606358
99,2850,7.243398
99,2865,7.125865
99,2880,7.0082417
99,2895,6.90439
99,2910,6.8422427
99,2925,6.819382
99,2940,6.8313785
99,2955,6.8748403
99,2970,6.9468603
99,2985,7.0447855
99,3000,7.166167
99,3015,7.3087296
99,3030,7.470359
99,3045,7.6490927
99,3060,7.8431177
99,3075,8.050759
99,3090,8.270446
99,3105,8.483482
99,3120,8.663784
99,3135,8.813894
99,3150,8.93712
99,3165,9.035869
99,3180,9.112179
99,3195,9.167924
99,3210,9.204841
99,3225,9.224542
99,3240,9.228529
99,3255,9.218208
99,3270,9.194881
99,3285,9.159759
99,3300,9.113958
99,3315,9.058517
99,3330,8.994394
99,3345,8.922473
99,3360,8.843574
99,3375,8.758455
99,3390,8.667808
99,3405,8.57228
99,3420,8.472452
99,3435,8.3688755
99,3450,8.262041
99,3465,8.152412
99,3480,8.040411
99,3495,7.926425
99,3510,7.810812
99,3525,7.6938972
99,3540,7.5759797
99,3555,7.45733
99,3570,7.3381968
99,3585,7.218806
99,3600,7.0993624
99,3615,6.993727
99,3630,6.9298325
99,3645,6.9052596
99,3660,6.915579
99,3675,6.9573975
99,3690,7.0278077
99,3705,7.1241555
99,3720,7.243992
99,3735,7.3850417
99,3750,7.545188
99,3765,7.7224693
99,3780,7.915072
99,3795,8.12132
99,3810,8.339641
99,3825,8.551339
99,3840,8.730331
99,3855,8.879157
99,3870,9.001124
99,3885,9.09864
99,3900,9.173742
99,3915,9.228304
99,3930,9.26406
99,3945,9.282623
99,3960,9.285497
99,3975,9.274083
99,3990,9.249686
99,4005,9.213514
99,4020,9.166686
99,4035,9.110237
99,4050,9.045126
99,4065,8.972236
99,4080,8.892386
99,4095,8.806337
99,4110,8.714777
99,4125,8.618356
99,4140,8.517652
99,4155,8.413215
99,4170,8.305538
99,4185,8.195083
99,4200,8.082272
99,4215,7.9674916
99,4230,7.8511004
99,4245,7.7334228
99,4260,7.6147566
99,4275,7.4953737
99,4290,7.375521
99,4305,7.2554245
99,4320,7.13529
99,4335,7.028977
99,4350,6.9644175
99,4365,6.9391932
99,4380,6.9488735
99,4395,6.990066
99,4410,7.0598626
99,4425,7.1556087
99,4440,7.274855
99,4455,7.4153266
99,4470,7.5749063
99,4485,7.7516327
99,4500,7.9436903
99,4515,8.149405
99,4530,8.367202
99,4545,8.578387
99,4560,8.756877
99,4575,8.90521
99,4590,9.026694
99,4605,9.123735
99,4620,9.198373
99,4635,9.252479
99,4650,9.287788
99,4665,9.305913
99,4680,9.308356
99,4695,9.296522
99,4710,9.271711
99,4725,9.235134
99,4740,9.187907
99,4755,9.131068
99,4770,9.065575
99,4785,8.99231
99,4800,8.912092
99,4815,8.825682
99,4830,8.7337675
99,4845,8.636998
99,4860,8.535953
99,4875,8.431182
99,4890,8.323176
99,4905,8.2123995
99,4920,8.099273
99,4935,7.984183
99,4950,7.867488
99,4965,7.7495117
99,4980,7.630553
99,4995,7.510883
99,5010,7.3907485
99,5025,7.2703757
99,5040,7.14997
99,5055,7.0433908
99,5070,6.9785705
99,5085,6.95309
99,5100,6.9625196
99,5115,7.0034657
99,5130,7.07302
99,5145,7.168529
99,5160,7.2875433
99,5175,7.4277864
99,5190,7.5871425
99,5205,7.763649
99,5220,7.955491
99,5235,8.160994
99,5250,8.378584
99,5265,8.589567
99,5280,8.767857
99,5295,8.915994
99,5310,9.037286
99,5325,9.134139
99,5340,9.208591
99,5355,9.262516
99,5370,9.297647
99,5385,9.315598
99,5400,9.31787
99,5415,9.305866
99,5430,9.280891
99,5445,9.244151
99,5460,9.196766
99,5475,9.1397705
99,5490,9.074123
99,5505,9.000708
99,5520,8.920342
99,5535,8.833787
99,5550,8.74173
99,5565,8.644821
99,5580,8.543638
99,5595,8.438733
99,5610,8.330595
99,5625,8.219688
99,5640,8.106435
99,5655,7.991219
99,5670,7.874401
99,5685,7.7563043
99,5700,7.637227
99,5715,7.5174403
99,5730,7.397192
99,5745,7.276707
99,5760,7.1561913
99,5775,7.049504
99,5790,6.984577
99,5805,6.958993
99,5820,6.9683194
99,5835,7.0091653
99,5850,7.078621
99,5865,7.174033
99,5880,7.2929525
99,5895,7.433102
99,5910,7.5923667
99,5925,7.768783
99,5940,7.960537
99,5955,8.165953
99,5970,8.383458
99,5985,8.5943575
99,6000,8.772565
99,6015,8.920622
99,6030,9.041835
99,6045,9.138611
99,6060,9.212987
99,6075,9.266836
99,6090,9.301894
99,6105,9.319772
99,6120,9.321974
99,6135,9.3099
99,6150,9.284857
99,6165,9.24805
99,6180,9.200598
99,6195,9.1435375
99,6210,9.0778265
99,6225,9.004349
99,6240,8.923922
99,6255,8.837305
99,6270,8.74519
99,6285,8.648223
99,6300,8.546983
99,6315,8.44202
99,6330,8.333828
99,6345,8.222867
99,6360,8.109559
99,6375,7.9942913
99,6390,7.8774214
99,6405,7.7592745
99,6420,7.640147
99,6435,7.520312
99,6450,7.4000154
99,6465,7.2794833
99,6480,7.158921
99,6495,7.0385146
99,6510,6.9184346
99,6525,6.798834
99,6540,6.6798487
99,6555,6.5616064
99,6570,6.4442263
99,6585,6.327793
99,6600,6.2124076
99,6615,6.0981565
99,6630,5.9851093
99,6645,5.8733187
99,6660,5.762852
99,6675,5.653764
99,6690,5.5460806
99,6705,5.439845
99,6720,5.335091
99,6735,5.231842
99,6750,5.130114
99,6765,5.029927
99,6780,4.9312916
99,6795,4.8342156
99,6810,4.738706
99,6825,4.644765
99,6840,4.552393
99,6855,4.461586
99,6870,4.3723416
99,6885,4.284655
99,6900,4.1985145
99,6915,4.1139116
99,6930,4.030837
99,6945,3.9492774
99,6960,3.8692174
99,6975,3.7906435
99,6990,3.7135403
99,7005,3.63789
99,7020,3.5636756
99,7035,3.4908795
99,7050,3.4194825
99,7065,3.3494656
99,7080,3.2808099
99,7095,3.2134955
99,7110,3.147502
99,7125,3.0828097
99,7140,3.0193985
99,7155,2.9572482
99,7170,2.8963375
99,7185,2.8366463
99,7200,2.7781549
